# Blender 5.1.0
# www.blender.org
o lamp
v 0.048095 0.383954 0.000000
v 0.045194 0.383954 -0.016449
v 0.046044 0.384080 -0.016759
v 0.048999 0.384080 0.000000
v 0.036843 0.383954 -0.030915
v 0.037536 0.384080 -0.031496
v 0.024047 0.383954 -0.041651
v 0.024500 0.384080 -0.042435
v 0.008351 0.383954 -0.047364
v 0.008508 0.384080 -0.048255
v -0.008352 0.383954 -0.047364
v -0.008509 0.384080 -0.048255
v -0.024048 0.383954 -0.041651
v -0.024500 0.384080 -0.042435
v -0.036843 0.383954 -0.030915
v -0.037536 0.384080 -0.031496
v -0.045195 0.383954 -0.016449
v -0.046044 0.384080 -0.016759
v -0.048095 0.383954 -0.000000
v -0.048999 0.384080 -0.000000
v -0.045195 0.383954 0.016449
v -0.046044 0.384080 0.016759
v -0.036843 0.383954 0.030915
v -0.037536 0.384080 0.031496
v -0.024048 0.383954 0.041651
v -0.024500 0.384080 0.042435
v -0.008352 0.383954 0.047364
v -0.008509 0.384080 0.048255
v 0.008351 0.383954 0.047364
v 0.008508 0.384080 0.048255
v 0.024047 0.383954 0.041651
v 0.024499 0.384080 0.042435
v 0.036843 0.383954 0.030915
v 0.037536 0.384080 0.031496
v 0.045194 0.383954 0.016449
v 0.046044 0.384080 0.016759
v 0.046935 0.390016 -0.017083
v 0.049947 0.390016 0.000000
v 0.038262 0.390016 -0.032106
v 0.024974 0.390016 -0.043256
v 0.008673 0.390016 -0.049189
v -0.008673 0.390016 -0.049189
v -0.024974 0.390016 -0.043256
v -0.038262 0.390016 -0.032106
v -0.046935 0.390016 -0.017083
v -0.049948 0.390016 -0.000000
v -0.046935 0.390016 0.017083
v -0.038262 0.390016 0.032106
v -0.024974 0.390016 0.043256
v -0.008673 0.390016 0.049189
v 0.008673 0.390016 0.049189
v 0.024974 0.390016 0.043256
v 0.038262 0.390016 0.032106
v 0.046935 0.390016 0.017083
v 0.052409 0.395879 -0.019075
v 0.055772 0.395879 0.000000
v 0.042724 0.395879 -0.035850
v 0.027886 0.395879 -0.048300
v 0.009685 0.395879 -0.054925
v -0.009685 0.395879 -0.054925
v -0.027886 0.395879 -0.048300
v -0.042724 0.395879 -0.035850
v -0.052409 0.395879 -0.019075
v -0.055773 0.395879 -0.000000
v -0.052409 0.395879 0.019075
v -0.042724 0.395879 0.035850
v -0.027886 0.395879 0.048300
v -0.009685 0.395879 0.054925
v 0.009685 0.395879 0.054925
v 0.027886 0.395879 0.048300
v 0.042724 0.395879 0.035850
v 0.052409 0.395879 0.019075
v 0.052409 0.397676 -0.019075
v 0.055772 0.397676 0.000000
v 0.042724 0.397676 -0.035850
v 0.027886 0.397676 -0.048300
v 0.009685 0.397676 -0.054925
v -0.009685 0.397676 -0.054925
v -0.027886 0.397676 -0.048300
v -0.042724 0.397661 -0.035850
v -0.052409 0.397661 -0.019075
v -0.055773 0.397661 -0.000000
v -0.052409 0.397661 0.019075
v -0.042724 0.397661 0.035850
v -0.027886 0.397661 0.048300
v -0.009685 0.397661 0.054925
v 0.009685 0.397661 0.054925
v 0.027886 0.397661 0.048300
v 0.042724 0.397661 0.035850
v 0.052409 0.397676 0.019075
v 0.044397 0.383962 0.014426
v 0.044535 0.402633 0.014470
v 0.046570 0.402633 -0.004895
v 0.046426 0.383962 -0.004880
v 0.090843 0.062635 -0.000000
v 0.085364 0.062635 -0.031070
v 0.069590 0.062635 -0.058393
v 0.045421 0.062635 -0.078672
v 0.015775 0.062635 -0.089463
v -0.015775 0.062635 -0.089463
v -0.045422 0.062635 -0.078672
v -0.069590 0.062635 -0.058393
v -0.085365 0.062635 -0.031070
v -0.090843 0.062635 -0.000000
v -0.085365 0.062635 0.031070
v -0.069590 0.062635 0.058393
v -0.045422 0.062635 0.078672
v -0.015775 0.062635 0.089463
v 0.015775 0.062635 0.089463
v 0.045421 0.062635 0.078672
v 0.069590 0.062635 0.058393
v 0.085364 0.062635 0.031070
v 0.081625 0.071134 -0.000000
v 0.076703 0.071134 -0.027918
v 0.062529 0.071134 -0.052468
v 0.040813 0.071134 -0.070690
v 0.014174 0.071134 -0.080385
v -0.014174 0.071134 -0.080385
v -0.040813 0.071134 -0.070690
v -0.062529 0.071134 -0.052468
v -0.076703 0.071134 -0.027918
v -0.081625 0.071134 -0.000000
v -0.076703 0.071134 0.027917
v -0.062529 0.071134 0.052468
v -0.040813 0.071134 0.070690
v -0.014174 0.071134 0.080385
v 0.014174 0.071134 0.080385
v 0.040813 0.071134 0.070690
v 0.062529 0.071134 0.052468
v 0.076703 0.071134 0.027918
v 0.061192 0.081083 -0.022272
v 0.065120 0.081083 -0.000000
v 0.061192 0.081083 0.022272
v 0.049885 0.081083 0.041858
v 0.032560 0.081083 0.056395
v 0.011308 0.081083 0.064130
v -0.011308 0.081083 0.064130
v -0.032560 0.081083 0.056395
v -0.049885 0.081083 0.041858
v -0.061193 0.081083 0.022272
v -0.065120 0.081083 -0.000000
v -0.061193 0.081083 -0.022272
v -0.049885 0.081083 -0.041858
v -0.032560 0.081083 -0.056395
v -0.011308 0.081083 -0.064130
v 0.011308 0.081083 -0.064130
v 0.032560 0.081083 -0.056395
v 0.049885 0.081083 -0.041858
v 0.053619 0.083545 -0.019516
v 0.057061 0.083545 -0.000000
v 0.053619 0.083545 0.019516
v 0.043711 0.083545 0.036678
v 0.028530 0.083545 0.049416
v 0.009908 0.083545 0.056194
v -0.009909 0.083545 0.056194
v -0.028531 0.083545 0.049416
v -0.043711 0.083545 0.036678
v -0.053620 0.083545 0.019516
v -0.057061 0.083545 -0.000000
v -0.053620 0.083545 -0.019516
v -0.043711 0.083545 -0.036678
v -0.028530 0.083545 -0.049416
v -0.009909 0.083545 -0.056194
v 0.009908 0.083545 -0.056194
v 0.028530 0.083545 -0.049416
v 0.043711 0.083545 -0.036678
v 0.099923 0.038630 -0.000000
v 0.093897 0.038630 -0.034176
v 0.076545 0.038630 -0.064229
v 0.049961 0.038630 -0.086536
v 0.017351 0.038630 -0.098405
v -0.017351 0.038630 -0.098405
v -0.049961 0.038630 -0.086536
v -0.076545 0.038630 -0.064229
v -0.093897 0.038630 -0.034176
v -0.099923 0.038630 -0.000000
v -0.093897 0.038630 0.034176
v -0.076545 0.038630 0.064229
v -0.049962 0.038630 0.086536
v -0.017351 0.038630 0.098405
v 0.017351 0.038630 0.098405
v 0.049961 0.038630 0.086536
v 0.076545 0.038630 0.064229
v 0.093897 0.038630 0.034176
v 0.099923 0.021805 -0.000000
v 0.093897 0.021805 -0.034176
v 0.076545 0.021805 -0.064229
v 0.049961 0.021805 -0.086536
v 0.017351 0.021805 -0.098405
v -0.017351 0.021805 -0.098405
v -0.049961 0.021805 -0.086536
v -0.076545 0.021805 -0.064229
v -0.093897 0.021805 -0.034176
v -0.099923 0.021805 -0.000000
v -0.093897 0.021805 0.034176
v -0.076545 0.021805 0.064229
v -0.049962 0.021805 0.086536
v -0.017351 0.021805 0.098405
v 0.017351 0.021805 0.098405
v 0.049961 0.021805 0.086536
v 0.076545 0.021805 0.064229
v 0.093897 0.021805 0.034176
v 0.119369 0.009794 -0.000000
v 0.112171 0.009794 -0.040827
v 0.091442 0.009794 -0.076729
v 0.059685 0.009794 -0.103377
v 0.020728 0.009794 -0.117556
v -0.020728 0.009794 -0.117556
v -0.059685 0.009794 -0.103377
v -0.091442 0.009794 -0.076729
v -0.112171 0.009794 -0.040827
v -0.119369 0.009794 -0.000000
v -0.112171 0.009794 0.040827
v -0.091442 0.009794 0.076729
v -0.059685 0.009794 0.103377
v -0.020728 0.009794 0.117556
v 0.020728 0.009794 0.117556
v 0.059685 0.009794 0.103377
v 0.091442 0.009794 0.076729
v 0.112171 0.009794 0.040827
v 0.119369 -0.000900 -0.000000
v 0.112171 -0.000900 -0.040827
v 0.091442 -0.000900 -0.076729
v 0.059685 -0.000900 -0.103377
v 0.020728 -0.000900 -0.117556
v -0.020728 -0.000900 -0.117556
v -0.059685 -0.000900 -0.103377
v -0.091442 -0.000900 -0.076729
v -0.112171 -0.000900 -0.040827
v -0.119369 -0.000900 -0.000000
v -0.112171 -0.000900 0.040827
v -0.091442 -0.000900 0.076729
v -0.059685 -0.000900 0.103377
v -0.020728 -0.000900 0.117556
v 0.020728 -0.000900 0.117556
v 0.059685 -0.000900 0.103377
v 0.091442 -0.000900 0.076729
v 0.112171 -0.000900 0.040827
v 0.067915 0.076887 -0.000000
v 0.063819 0.076887 -0.023228
v 0.052026 0.076887 -0.043655
v 0.033957 0.076887 -0.058816
v 0.011793 0.076887 -0.066883
v -0.011793 0.076887 -0.066883
v -0.033958 0.076887 -0.058816
v -0.052026 0.076887 -0.043655
v -0.063819 0.076887 -0.023228
v -0.067915 0.076887 -0.000000
v -0.063819 0.076887 0.023228
v -0.052026 0.076887 0.043655
v -0.033958 0.076887 0.058816
v -0.011793 0.076887 0.066883
v 0.011793 0.076887 0.066883
v 0.033957 0.076887 0.058816
v 0.052026 0.076887 0.043655
v 0.063819 0.076887 0.023228
v 0.020096 0.183701 -0.000000
v 0.015394 0.183701 -0.012918
v 0.003490 0.183701 -0.019791
v -0.010048 0.183701 -0.017404
v -0.018884 0.183701 -0.006873
v -0.018884 0.183701 0.006873
v -0.010048 0.183701 0.017404
v 0.003490 0.183701 0.019791
v 0.015394 0.183701 0.012918
v 0.023699 0.135420 -0.008626
v 0.025219 0.135420 -0.000000
v 0.019319 0.135420 -0.016211
v 0.012610 0.135420 -0.021841
v 0.004379 0.135420 -0.024836
v -0.004379 0.135420 -0.024836
v -0.012610 0.135420 -0.021841
v -0.019319 0.135420 -0.016211
v -0.023699 0.135420 -0.008626
v -0.025220 0.135420 -0.000000
v -0.023699 0.135420 0.008626
v -0.019319 0.135420 0.016211
v -0.012610 0.135420 0.021841
v -0.004379 0.135420 0.024836
v 0.004379 0.135420 0.024836
v 0.012610 0.135420 0.021841
v 0.019319 0.135420 0.016211
v 0.023699 0.135420 0.008626
v 0.020810 0.186819 -0.003669
v 0.013583 0.186819 -0.016187
v -0.000000 0.186819 -0.021131
v -0.013583 0.186819 -0.016187
v -0.020810 0.186819 -0.003669
v -0.018300 0.186819 0.010566
v -0.007227 0.186819 0.019857
v 0.007227 0.186819 0.019857
v 0.018300 0.186819 0.010566
v 0.022968 0.184316 -0.004050
v 0.014991 0.184316 -0.017866
v -0.000000 0.184316 -0.023322
v -0.014991 0.184316 -0.017866
v -0.022968 0.184316 -0.004050
v -0.020198 0.184316 0.011661
v -0.007977 0.184316 0.021916
v 0.007977 0.184316 0.021916
v 0.020198 0.184316 0.011661
v 0.022754 0.186430 -0.004012
v 0.020009 0.186430 0.011553
v 0.007902 0.186430 0.021712
v -0.007903 0.186430 0.021712
v -0.020010 0.186430 0.011552
v -0.022754 0.186430 -0.004012
v -0.014852 0.186430 -0.017700
v -0.000000 0.186430 -0.023105
v 0.014852 0.186430 -0.017699
v 0.015493 0.194577 -0.002732
v 0.010112 0.194577 -0.012051
v -0.000000 0.194577 -0.015732
v -0.010112 0.194577 -0.012051
v -0.015493 0.194577 -0.002732
v -0.013624 0.194577 0.007866
v -0.005381 0.194577 0.014783
v 0.005380 0.194577 0.014783
v 0.013624 0.194577 0.007866
v 0.016174 0.201433 -0.002852
v 0.010557 0.201433 -0.012581
v -0.000000 0.201433 -0.016423
v -0.010557 0.201433 -0.012581
v -0.016174 0.201433 -0.002852
v -0.014223 0.201433 0.008212
v -0.005617 0.201433 0.015433
v 0.005617 0.201433 0.015433
v 0.014223 0.201433 0.008212
v 0.016174 0.203424 -0.002852
v 0.014223 0.203424 0.008212
v 0.005617 0.203424 0.015433
v -0.005617 0.203424 0.015433
v -0.014223 0.203424 0.008212
v -0.016174 0.203424 -0.002852
v -0.010557 0.203424 -0.012581
v -0.000000 0.203424 -0.016423
v 0.010557 0.203424 -0.012581
v 0.023240 0.249352 -0.008459
v 0.024731 0.249352 -0.000000
v 0.018945 0.249352 -0.015897
v 0.012365 0.249352 -0.021418
v 0.004294 0.249352 -0.024355
v -0.004295 0.249352 -0.024355
v -0.012366 0.249352 -0.021418
v -0.018945 0.249352 -0.015897
v -0.023240 0.249352 -0.008459
v -0.024731 0.249352 -0.000000
v -0.018945 0.249352 0.015897
v -0.012366 0.249352 0.021418
v -0.004295 0.249352 0.024355
v 0.004294 0.249352 0.024355
v 0.012365 0.249352 0.021418
v 0.018945 0.249352 0.015897
v 0.023239 0.249352 0.008459
v 0.011565 0.217882 -0.002039
v 0.007548 0.217882 -0.008996
v -0.000000 0.217882 -0.011743
v -0.007548 0.217882 -0.008996
v -0.011565 0.217882 -0.002039
v -0.010170 0.217882 0.005872
v -0.004017 0.217882 0.011035
v 0.004016 0.217882 0.011035
v 0.010170 0.217882 0.005872
v 0.014612 0.205259 -0.002576
v 0.009537 0.205259 -0.011366
v -0.000000 0.205259 -0.014837
v -0.009537 0.205259 -0.011366
v -0.014612 0.205259 -0.002576
v -0.012850 0.205259 0.007419
v -0.005075 0.205259 0.013942
v 0.005075 0.205259 0.013942
v 0.012849 0.205259 0.007419
v 0.013975 0.230370 -0.002464
v 0.009121 0.230370 -0.010871
v -0.000000 0.230370 -0.014190
v -0.009122 0.230370 -0.010871
v -0.013975 0.230370 -0.002464
v -0.012289 0.230370 0.007095
v -0.004854 0.230370 0.013335
v 0.004853 0.230370 0.013335
v 0.012289 0.230370 0.007095
v 0.068320 0.273010 -0.024866
v 0.072705 0.273010 -0.000000
v 0.055695 0.273010 -0.046734
v 0.036352 0.273010 -0.062964
v 0.012625 0.273010 -0.071600
v -0.012625 0.273010 -0.071600
v -0.036352 0.273010 -0.062964
v -0.055695 0.273010 -0.046734
v -0.068320 0.273010 -0.024866
v -0.072705 0.273010 -0.000000
v -0.068320 0.273010 0.024866
v -0.055695 0.273010 0.046734
v -0.036352 0.273010 0.062964
v -0.012625 0.273010 0.071600
v 0.012625 0.273010 0.071600
v 0.036352 0.273010 0.062964
v 0.055695 0.273010 0.046734
v 0.068320 0.273010 0.024867
v 0.050169 0.260398 -0.018260
v 0.053388 0.260398 -0.000000
v 0.040898 0.260398 -0.034317
v 0.026694 0.260398 -0.046236
v 0.009271 0.260398 -0.052577
v -0.009271 0.260398 -0.052577
v -0.026694 0.260398 -0.046236
v -0.040898 0.260398 -0.034317
v -0.050169 0.260398 -0.018260
v -0.053388 0.260398 -0.000000
v -0.050169 0.260398 0.018260
v -0.040898 0.260398 0.034317
v -0.026694 0.260398 0.046236
v -0.009271 0.260398 0.052577
v 0.009271 0.260398 0.052577
v 0.026694 0.260398 0.046236
v 0.040898 0.260398 0.034317
v 0.050168 0.260398 0.018260
v 0.075823 0.285820 -0.027598
v 0.080690 0.285820 -0.000000
v 0.061812 0.285820 -0.051866
v 0.040345 0.285820 -0.069879
v 0.014011 0.285820 -0.079464
v -0.014012 0.285820 -0.079464
v -0.040345 0.285820 -0.069879
v -0.061812 0.285820 -0.051866
v -0.075824 0.285820 -0.027598
v -0.080690 0.285820 -0.000000
v -0.075824 0.285820 0.027597
v -0.061812 0.285820 0.051866
v -0.040345 0.285820 0.069879
v -0.014012 0.285820 0.079464
v 0.014011 0.285820 0.079464
v 0.040345 0.285820 0.069879
v 0.061812 0.285820 0.051866
v 0.075823 0.285820 0.027598
v 0.074384 0.289357 -0.027074
v 0.079158 0.289357 -0.000000
v 0.060638 0.289357 -0.050882
v 0.039579 0.289357 -0.068553
v 0.013746 0.289357 -0.077955
v -0.013746 0.289357 -0.077955
v -0.039579 0.289357 -0.068553
v -0.060639 0.289357 -0.050882
v -0.074384 0.289357 -0.027074
v -0.079158 0.289357 -0.000000
v -0.074384 0.289357 0.027074
v -0.060639 0.289357 0.050882
v -0.039579 0.289356 0.068553
v -0.013746 0.289356 0.077955
v 0.013745 0.289357 0.077955
v 0.039579 0.289356 0.068553
v 0.060638 0.289357 0.050882
v 0.074384 0.289357 0.027074
v 0.068420 0.301104 -0.024903
v 0.072811 0.301104 -0.000000
v 0.055776 0.301104 -0.046802
v 0.036405 0.301104 -0.063056
v 0.012643 0.301104 -0.071705
v -0.012644 0.301104 -0.071705
v -0.036406 0.301104 -0.063056
v -0.055777 0.301104 -0.046802
v -0.068420 0.301104 -0.024903
v -0.072811 0.301104 -0.000000
v -0.068420 0.301104 0.024903
v -0.055777 0.301104 0.046802
v -0.036406 0.301104 0.063056
v -0.012644 0.301104 0.071705
v 0.012643 0.301104 0.071705
v 0.036405 0.301104 0.063056
v 0.055776 0.301104 0.046802
v 0.068420 0.301104 0.024903
v 0.026351 0.322413 -0.004646
v 0.017199 0.322413 -0.020497
v -0.000000 0.322413 -0.026757
v -0.017199 0.322413 -0.020497
v -0.026351 0.322413 -0.004646
v -0.023172 0.322413 0.013379
v -0.009152 0.322413 0.025143
v 0.009151 0.322413 0.025143
v 0.023172 0.322413 0.013379
v 0.082921 0.286338 -0.000000
v 0.077920 0.286338 -0.028361
v 0.063521 0.286338 -0.053301
v 0.041460 0.286338 -0.071812
v 0.014399 0.286338 -0.081661
v -0.014399 0.286338 -0.081661
v -0.041461 0.286338 -0.071812
v -0.063521 0.286338 -0.053301
v -0.077921 0.286338 -0.028361
v -0.082921 0.286338 -0.000000
v -0.077921 0.286338 0.028361
v -0.063521 0.286338 0.053301
v -0.041461 0.286338 0.071812
v -0.014399 0.286338 0.081661
v 0.014399 0.286338 0.081661
v 0.041460 0.286338 0.071812
v 0.063521 0.286338 0.053301
v 0.077920 0.286338 0.028361
v 0.077920 0.288506 -0.028361
v 0.082921 0.288506 -0.000000
v 0.077920 0.288506 0.028361
v 0.063521 0.288506 0.053301
v 0.041460 0.288506 0.071812
v 0.014399 0.288506 0.081661
v -0.014399 0.288506 0.081661
v -0.041461 0.288506 0.071812
v -0.063521 0.288506 0.053301
v -0.077921 0.288506 0.028361
v -0.082921 0.288506 -0.000000
v -0.077921 0.288506 -0.028361
v -0.063521 0.288506 -0.053301
v -0.041461 0.288506 -0.071812
v -0.014399 0.288506 -0.081661
v 0.014399 0.288506 -0.081661
v 0.041460 0.288506 -0.071812
v 0.063521 0.288506 -0.053301
v 0.024957 0.241174 -0.004401
v 0.016290 0.241174 -0.019413
v -0.000000 0.241174 -0.025342
v -0.016290 0.241174 -0.019413
v -0.024957 0.241174 -0.004401
v -0.021947 0.241174 0.012671
v -0.008668 0.241174 0.023814
v 0.008667 0.241174 0.023814
v 0.021947 0.241174 0.012671
v 0.058035 0.310019 -0.021123
v 0.061759 0.310019 -0.000000
v 0.058035 0.310019 0.021123
v 0.047310 0.310019 0.039698
v 0.030879 0.310019 0.053485
v 0.010724 0.310019 0.060821
v -0.010725 0.310019 0.060821
v -0.030880 0.310019 0.053485
v -0.047310 0.310019 0.039698
v -0.058035 0.310019 0.021123
v -0.061759 0.310019 -0.000000
v -0.058035 0.310019 -0.021123
v -0.047310 0.310019 -0.039698
v -0.030880 0.310019 -0.053485
v -0.010725 0.310019 -0.060821
v 0.010724 0.310019 -0.060821
v 0.030879 0.310019 -0.053485
v 0.047310 0.310019 -0.039698
v 0.037795 0.318771 -0.013756
v 0.040220 0.318771 -0.000000
v 0.030810 0.318771 -0.025853
v 0.020110 0.318771 -0.034832
v 0.006984 0.318771 -0.039609
v -0.006984 0.318771 -0.039609
v -0.020110 0.318771 -0.034832
v -0.030811 0.318771 -0.025853
v -0.037795 0.318771 -0.013756
v -0.040220 0.318771 -0.000000
v -0.037795 0.318771 0.013756
v -0.030811 0.318771 0.025853
v -0.020110 0.318771 0.034832
v -0.006984 0.318771 0.039609
v 0.006984 0.318771 0.039609
v 0.020110 0.318771 0.034832
v 0.030810 0.318771 0.025853
v 0.037795 0.318771 0.013756
v 0.027234 0.342749 -0.004802
v 0.017776 0.342749 -0.021185
v -0.000000 0.342749 -0.027654
v -0.017776 0.342749 -0.021185
v -0.027234 0.342749 -0.004802
v -0.023950 0.342749 0.013827
v -0.009459 0.342749 0.025987
v 0.009458 0.342749 0.025987
v 0.023949 0.342749 0.013827
v 0.028558 0.330811 -0.005054
v 0.018640 0.330811 -0.022295
v -0.000000 0.330811 -0.029104
v -0.018640 0.330811 -0.022295
v -0.028558 0.330811 -0.005054
v -0.025114 0.330811 0.014552
v -0.009918 0.330811 0.027349
v 0.009918 0.330811 0.027349
v 0.025114 0.330811 0.014552
v 0.031676 0.343266 -0.005585
v 0.020675 0.343266 -0.024640
v -0.000000 0.343266 -0.032165
v -0.020676 0.343266 -0.024640
v -0.031677 0.343266 -0.005585
v -0.027856 0.343266 0.016083
v -0.011001 0.343266 0.030225
v 0.011001 0.343266 0.030225
v 0.027856 0.343266 0.016083
v 0.040955 0.100409 -0.016051
v 0.033387 0.100409 -0.030166
v 0.021792 0.100409 -0.040643
v 0.007568 0.100409 -0.046218
v -0.007568 0.100409 -0.046218
v -0.021792 0.100409 -0.040643
v -0.033387 0.100409 -0.030166
v -0.040956 0.100409 -0.016051
v -0.043584 0.100409 -0.000000
v -0.040956 0.100409 0.016051
v -0.033387 0.100409 0.030166
v -0.021792 0.100409 0.040643
v -0.007568 0.100409 0.046218
v 0.007568 0.100409 0.046218
v 0.021792 0.100409 0.040643
v 0.033387 0.100409 0.030166
v 0.040955 0.100409 0.016051
v 0.043584 0.100409 -0.000000
v 0.014625 0.200247 -0.002579
v 0.009546 0.200247 -0.011377
v -0.000000 0.200247 -0.014851
v -0.009546 0.200247 -0.011377
v -0.014626 0.200247 -0.002579
v -0.012862 0.200247 0.007426
v -0.005080 0.200247 0.013956
v 0.005079 0.200247 0.013956
v 0.012861 0.200247 0.007426
v 0.033021 0.108842 -0.012550
v 0.026919 0.108842 -0.023586
v 0.017570 0.108842 -0.031778
v 0.006102 0.108842 -0.036136
v -0.006102 0.108842 -0.036136
v -0.017570 0.108842 -0.031778
v -0.026919 0.108842 -0.023586
v -0.033021 0.108842 -0.012550
v -0.035140 0.108842 -0.000000
v -0.033021 0.108842 0.012550
v -0.026919 0.108842 0.023586
v -0.017570 0.108842 0.031777
v -0.006102 0.108842 0.036136
v 0.006102 0.108842 0.036136
v 0.017570 0.108842 0.031778
v 0.026919 0.108842 0.023586
v 0.033021 0.108842 0.012550
v 0.035140 0.108842 -0.000000
v 0.031676 0.345223 -0.005585
v 0.020675 0.345223 -0.024640
v -0.000000 0.345223 -0.032165
v -0.020676 0.345223 -0.024640
v -0.031677 0.345223 -0.005585
v -0.027856 0.345223 0.016083
v -0.011001 0.345223 0.030225
v 0.011001 0.345223 0.030225
v 0.027856 0.345223 0.016083
v 0.025404 0.348347 -0.004479
v 0.016581 0.348347 -0.019761
v -0.000000 0.348347 -0.025796
v -0.016581 0.348347 -0.019761
v -0.025404 0.348347 -0.004479
v -0.022340 0.348347 0.012898
v -0.008823 0.348347 0.024240
v 0.008822 0.348347 0.024240
v 0.022340 0.348347 0.012898
v 0.032865 0.355241 -0.000000
v 0.030883 0.355241 -0.011241
v 0.025176 0.355241 -0.021125
v 0.016432 0.355241 -0.028462
v 0.005707 0.355241 -0.032366
v -0.005707 0.355241 -0.032366
v -0.016433 0.355241 -0.028462
v -0.025176 0.355241 -0.021125
v -0.030883 0.355241 -0.011241
v -0.032865 0.355241 -0.000000
v -0.030883 0.355241 0.011241
v -0.025176 0.355241 0.021125
v -0.016433 0.355241 0.028462
v -0.005707 0.355241 0.032366
v 0.005707 0.355241 0.032366
v 0.016432 0.355241 0.028462
v 0.025176 0.355241 0.021125
v 0.030883 0.355241 0.011241
v 0.047711 0.375228 -0.000000
v 0.044834 0.375228 -0.016318
v 0.036549 0.375228 -0.030668
v 0.023855 0.375228 -0.041319
v 0.008285 0.375228 -0.046986
v -0.008285 0.375228 -0.046986
v -0.023856 0.375228 -0.041319
v -0.036549 0.375228 -0.030668
v -0.044834 0.375228 -0.016318
v -0.047711 0.375228 -0.000000
v -0.044834 0.375228 0.016318
v -0.036549 0.375228 0.030668
v -0.023856 0.375228 0.041319
v -0.008285 0.375228 0.046986
v 0.008285 0.375228 0.046986
v 0.023855 0.375228 0.041319
v 0.036549 0.375228 0.030668
v 0.044834 0.375228 0.016318
v 0.040942 0.361707 -0.000000
v 0.038473 0.361707 -0.014003
v 0.031363 0.361707 -0.026317
v 0.020471 0.361707 -0.035457
v 0.007109 0.361707 -0.040320
v -0.007110 0.361707 -0.040320
v -0.020471 0.361707 -0.035457
v -0.031364 0.361707 -0.026317
v -0.038473 0.361707 -0.014003
v -0.040942 0.361707 -0.000000
v -0.038473 0.361707 0.014003
v -0.031364 0.361707 0.026317
v -0.020471 0.361707 0.035457
v -0.007110 0.361707 0.040320
v 0.007109 0.361707 0.040320
v 0.020471 0.361707 0.035457
v 0.031363 0.361707 0.026317
v 0.038473 0.361707 0.014003
v 0.027986 0.353348 -0.000000
v 0.026298 0.353348 -0.009572
v 0.021439 0.353348 -0.017989
v 0.013993 0.353348 -0.024237
v 0.004860 0.353348 -0.027561
v -0.004860 0.353348 -0.027561
v -0.013993 0.353348 -0.024237
v -0.021439 0.353348 -0.017989
v -0.026299 0.353348 -0.009572
v -0.027986 0.353348 -0.000000
v -0.026299 0.353348 0.009572
v -0.021439 0.353348 0.017989
v -0.013993 0.353348 0.024237
v -0.004860 0.353348 0.027561
v 0.004860 0.353348 0.027561
v 0.013993 0.353348 0.024237
v 0.021439 0.353348 0.017989
v 0.026298 0.353348 0.009572
v 0.048095 0.383954 0.000000
v 0.045194 0.383954 -0.016449
v 0.036843 0.383954 -0.030915
v 0.024047 0.383954 -0.041651
v 0.008351 0.383954 -0.047364
v -0.008352 0.383954 -0.047364
v -0.024048 0.383954 -0.041651
v -0.036843 0.383954 -0.030915
v -0.045195 0.383954 -0.016449
v -0.048095 0.383954 -0.000000
v -0.045195 0.383954 0.016449
v -0.036843 0.383954 0.030915
v -0.024048 0.383954 0.041651
v -0.008352 0.383954 0.047364
v 0.008351 0.383954 0.047364
v 0.024047 0.383954 0.041651
v 0.036843 0.383954 0.030915
v 0.045194 0.383954 0.016449
v 0.048999 0.384080 0.000000
v 0.046044 0.384080 -0.016759
v 0.037536 0.384080 -0.031496
v 0.024500 0.384080 -0.042435
v 0.008508 0.384080 -0.048255
v -0.008509 0.384080 -0.048255
v -0.024500 0.384080 -0.042435
v -0.037536 0.384080 -0.031496
v -0.046044 0.384080 -0.016759
v -0.048999 0.384080 -0.000000
v -0.046044 0.384080 0.016759
v -0.037536 0.384080 0.031496
v -0.024500 0.384080 0.042435
v -0.008509 0.384080 0.048255
v 0.008508 0.384080 0.048255
v 0.024499 0.384080 0.042435
v 0.037536 0.384080 0.031496
v 0.046044 0.384080 0.016759
v 0.049947 0.390016 0.000000
v 0.046935 0.390016 -0.017083
v 0.038262 0.390016 -0.032106
v 0.024974 0.390016 -0.043256
v 0.008673 0.390016 -0.049189
v -0.008673 0.390016 -0.049189
v -0.024974 0.390016 -0.043256
v -0.038262 0.390016 -0.032106
v -0.046935 0.390016 -0.017083
v -0.049948 0.390016 -0.000000
v -0.046935 0.390016 0.017083
v -0.038262 0.390016 0.032106
v -0.024974 0.390016 0.043256
v -0.008673 0.390016 0.049189
v 0.008673 0.390016 0.049189
v 0.024974 0.390016 0.043256
v 0.038262 0.390016 0.032106
v 0.046935 0.390016 0.017083
v 0.055772 0.395879 0.000000
v 0.052409 0.395879 -0.019075
v 0.042724 0.395879 -0.035850
v 0.027886 0.395879 -0.048300
v 0.009685 0.395879 -0.054925
v -0.009685 0.395879 -0.054925
v -0.027886 0.395879 -0.048300
v -0.042724 0.395879 -0.035850
v -0.052409 0.395879 -0.019075
v -0.055773 0.395879 -0.000000
v -0.052409 0.395879 0.019075
v -0.042724 0.395879 0.035850
v -0.027886 0.395879 0.048300
v -0.009685 0.395879 0.054925
v 0.009685 0.395879 0.054925
v 0.027886 0.395879 0.048300
v 0.042724 0.395879 0.035850
v 0.052409 0.395879 0.019075
v 0.055772 0.397676 0.000000
v 0.052409 0.397676 -0.019075
v 0.042724 0.397676 -0.035850
v 0.027886 0.397676 -0.048300
v 0.009685 0.397676 -0.054925
v -0.009685 0.397676 -0.054925
v -0.027886 0.397676 -0.048300
v -0.042724 0.397661 -0.035850
v -0.052409 0.397661 -0.019075
v -0.055773 0.397661 -0.000000
v -0.052409 0.397661 0.019075
v -0.042724 0.397661 0.035850
v -0.027886 0.397661 0.048300
v -0.009685 0.397661 0.054925
v 0.009685 0.397661 0.054925
v 0.027886 0.397661 0.048300
v 0.042724 0.397661 0.035850
v 0.052409 0.397676 0.019075
v 0.054912 0.349796 -0.013330
v 0.054893 0.354772 -0.012450
v 0.054889 0.359149 -0.009922
v 0.054903 0.362397 -0.006050
v 0.054932 0.364125 -0.001302
v 0.054973 0.364125 0.003750
v 0.055021 0.362397 0.008496
v 0.055070 0.359149 0.012364
v 0.055114 0.354772 0.014888
v 0.055149 0.349796 0.015762
v 0.055168 0.344820 0.014882
v 0.055171 0.340444 0.012353
v 0.055158 0.337196 0.008482
v 0.055128 0.335468 0.003733
v 0.055087 0.335468 -0.001318
v 0.055040 0.337196 -0.006065
v 0.054991 0.340444 -0.009933
v 0.054946 0.344820 -0.012456
v 0.058117 0.350027 -0.013676
v 0.058097 0.355003 -0.012796
v 0.058094 0.359379 -0.010268
v 0.058108 0.362627 -0.006396
v 0.058137 0.364356 -0.001648
v 0.058178 0.364356 0.003404
v 0.058226 0.362627 0.008150
v 0.058275 0.359379 0.012018
v 0.058319 0.355003 0.014541
v 0.058353 0.350027 0.015416
v 0.058373 0.345051 0.014536
v 0.058376 0.340675 0.012007
v 0.058362 0.337427 0.008135
v 0.058333 0.335699 0.003387
v 0.058292 0.335699 -0.001665
v 0.058244 0.337427 -0.006411
v 0.058195 0.340675 -0.010279
v 0.058151 0.345051 -0.012802
v -0.003490 0.183701 -0.019791
v -0.015395 0.183701 -0.012918
v -0.020096 0.183701 -0.000000
v -0.015395 0.183701 0.012918
v -0.023240 0.249352 0.008459
v -0.003490 0.183701 0.019791
v 0.010048 0.183701 0.017404
v 0.018884 0.183701 0.006873
v 0.018884 0.183701 -0.006873
v 0.010048 0.183701 -0.017404
v 0.056843 0.353208 0.001054
v 0.010003 0.353208 0.001054
v 0.056843 0.353146 0.000420
v 0.010003 0.353146 0.000420
v 0.056843 0.352961 -0.000189
v 0.010003 0.352961 -0.000189
v 0.056843 0.352257 -0.001243
v 0.010003 0.352257 -0.001243
v 0.056843 0.351765 -0.001647
v 0.010003 0.351765 -0.001647
v 0.056843 0.351203 -0.001947
v 0.010003 0.351203 -0.001947
v 0.056843 0.349960 -0.002194
v 0.010003 0.349960 -0.002194
v 0.056843 0.349326 -0.002132
v 0.010003 0.349326 -0.002132
v 0.056843 0.348717 -0.001947
v 0.010003 0.348717 -0.001947
v 0.056843 0.347663 -0.001243
v 0.010003 0.347663 -0.001243
v 0.056843 0.347259 -0.000751
v 0.010003 0.347259 -0.000751
v 0.056843 0.346959 -0.000189
v 0.010003 0.346959 -0.000189
v 0.056843 0.346712 0.001054
v 0.010003 0.346712 0.001054
v 0.056843 0.346774 0.001688
v 0.010003 0.346774 0.001688
v 0.056843 0.346959 0.002297
v 0.010003 0.346959 0.002297
v 0.056843 0.347663 0.003351
v 0.010003 0.347663 0.003351
v 0.056843 0.348155 0.003755
v 0.010003 0.348155 0.003755
v 0.056843 0.348717 0.004055
v 0.010003 0.348717 0.004055
v 0.056843 0.349960 0.004302
v 0.010003 0.349960 0.004302
v 0.056843 0.350594 0.004240
v 0.010003 0.350594 0.004240
v 0.056843 0.351203 0.004055
v 0.010003 0.351203 0.004055
v 0.056843 0.352257 0.003351
v 0.010003 0.352257 0.003351
v 0.056843 0.352661 0.002859
v 0.010003 0.352661 0.002859
v 0.056843 0.352961 0.002297
v 0.010003 0.352961 0.002297
v -0.011022 0.571080 -0.051853
v -0.031159 0.571080 -0.042887
v -0.045909 0.571080 -0.026506
v -0.052721 0.571080 -0.005541
v -0.050417 0.571080 0.016381
v -0.039395 0.571080 0.035471
v -0.021562 0.571080 0.048428
v -0.000000 0.571080 0.053011
v 0.021562 0.571080 0.048428
v 0.039395 0.571080 0.035471
v 0.050417 0.571080 0.016381
v 0.052721 0.571080 -0.005541
v 0.045909 0.571080 -0.026506
v 0.031159 0.571080 -0.042887
v 0.011022 0.571080 -0.051853
v -0.018157 0.538893 -0.085420
v -0.051331 0.538893 -0.070650
v -0.075629 0.538893 -0.043664
v -0.086850 0.538893 -0.009128
v -0.083054 0.538893 0.026986
v -0.064898 0.538893 0.058434
v -0.035520 0.538893 0.079779
v -0.000000 0.538893 0.087329
v 0.035520 0.538893 0.079779
v 0.064898 0.538893 0.058434
v 0.083054 0.538893 0.026986
v 0.086850 0.538893 -0.009128
v 0.075629 0.538893 -0.043664
v 0.051330 0.538893 -0.070650
v 0.018157 0.538893 -0.085420
v -0.020851 0.498123 -0.098094
v -0.058947 0.498123 -0.081133
v -0.086850 0.498123 -0.050143
v -0.099737 0.498123 -0.010483
v -0.095378 0.498123 0.030990
v -0.074527 0.498123 0.067104
v -0.040790 0.498123 0.091616
v -0.000000 0.498123 0.100286
v 0.040790 0.498123 0.091616
v 0.074527 0.498123 0.067104
v 0.095377 0.498123 0.030990
v 0.099736 0.498123 -0.010483
v 0.086850 0.498123 -0.050143
v 0.058946 0.498123 -0.081133
v 0.020850 0.498123 -0.098094
v -0.019939 0.455490 -0.093807
v -0.056370 0.455490 -0.077587
v -0.083054 0.455490 -0.047951
v -0.095378 0.455490 -0.010025
v -0.091209 0.455490 0.029636
v -0.071270 0.455490 0.064172
v -0.039007 0.455490 0.087612
v -0.000000 0.455490 0.095903
v 0.039007 0.455490 0.087612
v 0.071270 0.455490 0.064172
v 0.091209 0.455490 0.029636
v 0.095377 0.455490 -0.010025
v 0.083054 0.455490 -0.047951
v 0.056370 0.455490 -0.077587
v 0.019939 0.455490 -0.093807
v -0.015819 0.421782 -0.074422
v -0.044722 0.421782 -0.061554
v -0.065891 0.421782 -0.038042
v -0.075668 0.421782 -0.007953
v -0.072361 0.421782 0.023512
v -0.056542 0.421782 0.050911
v -0.030947 0.421782 0.069507
v -0.000000 0.421782 0.076085
v 0.030946 0.421782 0.069507
v 0.056542 0.421782 0.050911
v 0.072361 0.421782 0.023511
v 0.075668 0.421782 -0.007953
v 0.065891 0.421782 -0.038042
v 0.044721 0.421782 -0.061554
v 0.015819 0.421782 -0.074422
v -0.009998 0.402059 -0.047036
v -0.009998 0.383962 -0.047036
v -0.028265 0.402059 -0.038903
v -0.028265 0.383962 -0.038903
v -0.041644 0.402059 -0.024043
v -0.041644 0.383962 -0.024043
v -0.047823 0.402059 -0.005026
v -0.047823 0.383962 -0.005026
v -0.045733 0.402059 0.014860
v -0.045733 0.383962 0.014860
v -0.035735 0.402059 0.032176
v -0.035735 0.383962 0.032176
v -0.019559 0.402059 0.043929
v -0.019559 0.383962 0.043929
v -0.000000 0.402059 0.048087
v -0.000000 0.383962 0.048087
v 0.019559 0.402059 0.043929
v 0.019559 0.383962 0.043929
v 0.035735 0.402059 0.032176
v 0.035735 0.383962 0.032176
v 0.045733 0.402059 0.014860
v 0.045733 0.383962 0.014860
v 0.047823 0.402059 -0.005026
v 0.047823 0.383962 -0.005026
v 0.041644 0.402059 -0.024043
v 0.041644 0.383962 -0.024043
v 0.028265 0.402059 -0.038903
v 0.028265 0.383962 -0.038903
v 0.009998 0.402059 -0.047036
v 0.009998 0.383962 -0.047036
v -0.011585 0.405940 -0.054503
v -0.032752 0.405940 -0.045079
v -0.048256 0.405940 -0.027861
v -0.055416 0.405940 -0.005824
v -0.052994 0.405940 0.017219
v -0.041409 0.405940 0.037285
v -0.022664 0.405940 0.050904
v -0.000000 0.405940 0.055721
v 0.022664 0.405940 0.050904
v 0.041409 0.405940 0.037285
v 0.052994 0.405940 0.017219
v 0.055416 0.405940 -0.005824
v 0.048256 0.405940 -0.027861
v 0.032752 0.405940 -0.045079
v 0.011585 0.405940 -0.054503
v -0.007179 0.580988 -0.033775
v -0.020296 0.580988 -0.027935
v -0.029903 0.580988 -0.017265
v -0.034340 0.580988 -0.003609
v -0.032839 0.580988 0.010670
v -0.025660 0.580988 0.023105
v -0.014044 0.580988 0.031544
v -0.000000 0.580988 0.034529
v 0.014044 0.580988 0.031544
v 0.025660 0.580988 0.023105
v 0.032839 0.580988 0.010670
v 0.034340 0.580988 -0.003609
v 0.029903 0.580988 -0.017265
v 0.020296 0.580988 -0.027935
v 0.007179 0.580988 -0.033775
v -0.015259 0.556428 -0.071787
v -0.043138 0.556428 -0.059374
v -0.063558 0.556428 -0.036695
v -0.072989 0.556428 -0.007671
v -0.069799 0.556428 0.022679
v -0.054540 0.556428 0.049108
v -0.029851 0.556428 0.067046
v -0.000000 0.556428 0.073391
v 0.029851 0.556428 0.067046
v 0.054540 0.556428 0.049108
v 0.069799 0.556428 0.022679
v 0.072989 0.556428 -0.007671
v 0.063558 0.556428 -0.036695
v 0.043138 0.556428 -0.059374
v 0.015259 0.556428 -0.071787
v -0.019944 0.519212 -0.093830
v -0.056384 0.519212 -0.077606
v -0.083075 0.519212 -0.047963
v -0.095401 0.519212 -0.010027
v -0.091231 0.519212 0.029643
v -0.071287 0.519212 0.064187
v -0.039017 0.519212 0.087633
v -0.000000 0.519212 0.095926
v 0.039017 0.519212 0.087633
v 0.071287 0.519212 0.064187
v 0.091231 0.519212 0.029643
v 0.095401 0.519212 -0.010027
v 0.083075 0.519212 -0.047963
v 0.056384 0.519212 -0.077606
v 0.019944 0.519212 -0.093830
v -0.020856 0.476568 -0.098118
v -0.058961 0.476568 -0.081153
v -0.086871 0.476568 -0.050155
v -0.099761 0.476568 -0.010485
v -0.095401 0.476568 0.030998
v -0.074545 0.476568 0.067121
v -0.040800 0.476568 0.091638
v -0.000000 0.476568 0.100310
v 0.040800 0.476568 0.091638
v 0.074545 0.476568 0.067121
v 0.095401 0.476568 0.030998
v 0.099761 0.476568 -0.010485
v 0.086871 0.476568 -0.050155
v 0.058961 0.476568 -0.081153
v 0.020856 0.476568 -0.098118
v -0.018221 0.436643 -0.085722
v -0.051512 0.436643 -0.070900
v -0.075896 0.436643 -0.043818
v -0.087157 0.436643 -0.009161
v -0.083348 0.436643 0.027081
v -0.065127 0.436643 0.058640
v -0.035645 0.436643 0.080060
v -0.000000 0.436643 0.087637
v 0.035645 0.436643 0.080060
v 0.065127 0.436643 0.058640
v 0.083347 0.436643 0.027081
v 0.087156 0.436643 -0.009161
v 0.075895 0.436643 -0.043818
v 0.051511 0.436643 -0.070900
v 0.018221 0.436643 -0.085722
v -0.010467 0.403511 -0.049244
v -0.029592 0.403511 -0.040729
v -0.043599 0.403511 -0.025172
v -0.050069 0.403511 -0.005262
v -0.047880 0.403511 0.015557
v -0.037413 0.403511 0.033687
v -0.020477 0.403511 0.045992
v -0.000000 0.403511 0.050344
v 0.020477 0.403511 0.045992
v 0.037413 0.403511 0.033687
v 0.047880 0.403511 0.015557
v 0.050068 0.403511 -0.005262
v 0.043599 0.403511 -0.025172
v 0.029591 0.403511 -0.040729
v 0.010467 0.403511 -0.049244
v -0.004815 0.584291 -0.022651
v -0.013612 0.584291 -0.018735
v -0.020055 0.584291 -0.011579
v -0.023031 0.584291 -0.002421
v -0.022024 0.584291 0.007156
v -0.017209 0.584291 0.015495
v -0.009419 0.584291 0.021155
v -0.000000 0.584291 0.023157
v 0.009419 0.584291 0.021155
v 0.017209 0.584291 0.015495
v 0.022024 0.584291 0.007156
v 0.023030 0.584291 -0.002421
v 0.020055 0.584291 -0.011579
v 0.013611 0.584291 -0.018735
v 0.004815 0.584291 -0.022651
v -0.013389 0.411388 -0.062989
v -0.037851 0.411388 -0.052098
v -0.055769 0.411388 -0.032198
v -0.064044 0.411388 -0.006731
v -0.061245 0.411388 0.019900
v -0.047856 0.411388 0.043090
v -0.026193 0.411388 0.058829
v -0.000000 0.411388 0.064397
v 0.026192 0.411388 0.058829
v 0.047856 0.411388 0.043090
v 0.061245 0.411388 0.019900
v 0.064044 0.411388 -0.006731
v 0.055769 0.411388 -0.032198
v 0.037851 0.411388 -0.052098
v 0.013389 0.411388 -0.062989
v -0.010856 0.569997 -0.051072
v -0.030690 0.569997 -0.042242
v -0.045218 0.569997 -0.026107
v -0.051928 0.569997 -0.005458
v -0.049658 0.569997 0.016135
v -0.038802 0.569997 0.034938
v -0.021237 0.569997 0.047699
v -0.000000 0.569997 0.052213
v 0.021237 0.569997 0.047699
v 0.038802 0.569997 0.034938
v 0.049658 0.569997 0.016135
v 0.051927 0.569997 -0.005458
v 0.045218 0.569997 -0.026107
v 0.030690 0.569997 -0.042242
v 0.010856 0.569997 -0.051072
v -0.017899 0.538259 -0.084206
v -0.050601 0.538259 -0.069646
v -0.074554 0.538259 -0.043043
v -0.085615 0.538259 -0.008999
v -0.081874 0.538259 0.026602
v -0.063975 0.538259 0.057603
v -0.035015 0.538259 0.078644
v -0.000000 0.538259 0.086087
v 0.035015 0.538259 0.078644
v 0.063975 0.538259 0.057603
v 0.081873 0.538259 0.026602
v 0.085615 0.538259 -0.008999
v 0.074553 0.538259 -0.043044
v 0.050601 0.538259 -0.069646
v 0.017898 0.538259 -0.084206
v -0.020557 0.498000 -0.096713
v -0.058117 0.498000 -0.079991
v -0.085628 0.498000 -0.049437
v -0.098332 0.498000 -0.010335
v -0.094035 0.498000 0.030554
v -0.073478 0.498000 0.066160
v -0.040216 0.498000 0.090326
v -0.000000 0.498000 0.098874
v 0.040216 0.498000 0.090326
v 0.073478 0.498000 0.066160
v 0.094035 0.498000 0.030554
v 0.098332 0.498000 -0.010335
v 0.085627 0.498000 -0.049437
v 0.058117 0.498000 -0.079991
v 0.020557 0.498000 -0.096713
v -0.019657 0.455859 -0.092476
v -0.055571 0.455859 -0.076486
v -0.081876 0.455859 -0.047271
v -0.094025 0.455859 -0.009882
v -0.089915 0.455859 0.029215
v -0.070259 0.455859 0.063261
v -0.038454 0.455859 0.086369
v -0.000000 0.455859 0.094542
v 0.038454 0.455859 0.086369
v 0.070259 0.455859 0.063261
v 0.089915 0.455859 0.029215
v 0.094024 0.455859 -0.009882
v 0.081876 0.455859 -0.047271
v 0.055570 0.455859 -0.076486
v 0.019656 0.455859 -0.092476
v -0.015595 0.422636 -0.073370
v -0.044089 0.422636 -0.060683
v -0.064960 0.422636 -0.037504
v -0.074598 0.422636 -0.007841
v -0.071338 0.422636 0.023179
v -0.055743 0.422636 0.050191
v -0.030509 0.422636 0.068524
v -0.000000 0.422636 0.075009
v 0.030509 0.422636 0.068524
v 0.055742 0.422636 0.050191
v 0.071338 0.422636 0.023179
v 0.074598 0.422636 -0.007841
v 0.064960 0.422636 -0.037504
v 0.044089 0.422636 -0.060684
v 0.015595 0.422636 -0.073370
v -0.009736 0.402633 -0.045804
v -0.009706 0.383962 -0.045662
v -0.027524 0.402633 -0.037884
v -0.027439 0.383962 -0.037767
v -0.040554 0.402633 -0.023414
v -0.040428 0.383962 -0.023341
v -0.046571 0.402633 -0.004895
v -0.046426 0.383962 -0.004880
v -0.044535 0.402633 0.014470
v -0.044397 0.383962 0.014426
v -0.034799 0.402633 0.031333
v -0.034692 0.383962 0.031236
v -0.019046 0.402633 0.042779
v -0.018987 0.383962 0.042646
v -0.000000 0.402633 0.046827
v -0.000000 0.383962 0.046682
v 0.019046 0.402633 0.042779
v 0.018987 0.383962 0.042646
v 0.034799 0.402633 0.031333
v 0.034691 0.383962 0.031236
v 0.044535 0.402633 0.014470
v 0.044397 0.383962 0.014426
v 0.046570 0.402633 -0.004895
v 0.046426 0.383962 -0.004880
v 0.040553 0.402633 -0.023414
v 0.040428 0.383962 -0.023341
v 0.027524 0.402633 -0.037884
v 0.027439 0.383962 -0.037767
v 0.009736 0.402633 -0.045804
v 0.009706 0.383962 -0.045662
v -0.011436 0.407070 -0.053802
v -0.032331 0.407070 -0.044499
v -0.047635 0.407070 -0.027502
v -0.054703 0.407070 -0.005749
v -0.052312 0.407070 0.016997
v -0.040876 0.407070 0.036805
v -0.022372 0.407070 0.050249
v -0.000000 0.407070 0.055004
v 0.022372 0.407070 0.050249
v 0.040876 0.407070 0.036805
v 0.052312 0.407070 0.016997
v 0.054703 0.407070 -0.005750
v 0.047635 0.407070 -0.027502
v 0.032330 0.407070 -0.044499
v 0.011436 0.407070 -0.053802
v -0.007058 0.579793 -0.033207
v -0.019954 0.579793 -0.027465
v -0.029400 0.579793 -0.016974
v -0.033763 0.579793 -0.003549
v -0.032287 0.579793 0.010491
v -0.025229 0.579793 0.022716
v -0.013808 0.579793 0.031013
v -0.000000 0.579793 0.033948
v 0.013808 0.579793 0.031013
v 0.025228 0.579793 0.022716
v 0.032287 0.579793 0.010491
v 0.033762 0.579793 -0.003549
v 0.029400 0.579793 -0.016974
v 0.019954 0.579793 -0.027465
v 0.007058 0.579793 -0.033207
v -0.015046 0.555521 -0.070786
v -0.042537 0.555521 -0.058547
v -0.062672 0.555521 -0.036184
v -0.071971 0.555521 -0.007564
v -0.068826 0.555521 0.022363
v -0.053780 0.555521 0.048423
v -0.029435 0.555521 0.066111
v -0.000000 0.555521 0.072368
v 0.029435 0.555521 0.066111
v 0.053780 0.555521 0.048423
v 0.068826 0.555521 0.022363
v 0.071971 0.555521 -0.007565
v 0.062672 0.555521 -0.036184
v 0.042537 0.555521 -0.058547
v 0.015046 0.555521 -0.070786
v -0.019661 0.518844 -0.092499
v -0.055584 0.518844 -0.076505
v -0.081896 0.518844 -0.047283
v -0.094047 0.518844 -0.009885
v -0.089937 0.518844 0.029222
v -0.070276 0.518844 0.063276
v -0.038463 0.518844 0.086389
v -0.000000 0.518844 0.094565
v 0.038463 0.518844 0.086389
v 0.070275 0.518844 0.063276
v 0.089937 0.518844 0.029222
v 0.094047 0.518844 -0.009885
v 0.081896 0.518844 -0.047283
v 0.055584 0.518844 -0.076505
v 0.019661 0.518844 -0.092499
v -0.020562 0.476692 -0.096737
v -0.058131 0.476692 -0.080011
v -0.085649 0.476692 -0.049449
v -0.098357 0.476692 -0.010338
v -0.094058 0.476692 0.030561
v -0.073496 0.476692 0.066176
v -0.040226 0.476692 0.090348
v -0.000000 0.476692 0.098898
v 0.040226 0.476692 0.090348
v 0.073496 0.476692 0.066176
v 0.094058 0.476692 0.030561
v 0.098357 0.476692 -0.010338
v 0.085648 0.476692 -0.049449
v 0.058131 0.476692 -0.080011
v 0.020562 0.476692 -0.096737
v -0.010310 0.404620 -0.048506
v -0.029148 0.404620 -0.040119
v -0.042946 0.404620 -0.024795
v -0.049318 0.404620 -0.005184
v -0.047163 0.404620 0.015324
v -0.036852 0.404620 0.033182
v -0.020170 0.404620 0.045303
v -0.000000 0.404620 0.049590
v 0.020170 0.404620 0.045303
v 0.036852 0.404620 0.033182
v 0.047163 0.404620 0.015324
v 0.049318 0.404620 -0.005184
v 0.042946 0.404620 -0.024795
v 0.029148 0.404620 -0.040119
v 0.010310 0.404620 -0.048506
v -0.004726 0.583041 -0.022235
v -0.013362 0.583041 -0.018391
v -0.019687 0.583041 -0.011366
v -0.022608 0.583041 -0.002376
v -0.021619 0.583041 0.007025
v -0.016893 0.583041 0.015211
v -0.009246 0.583041 0.020767
v -0.000000 0.583041 0.022732
v 0.009246 0.583041 0.020767
v 0.016893 0.583041 0.015211
v 0.021619 0.583041 0.007025
v 0.022607 0.583041 -0.002376
v 0.019686 0.583041 -0.011366
v 0.013361 0.583041 -0.018391
v 0.004726 0.583041 -0.022235
v -0.013202 0.412401 -0.062110
v -0.037323 0.412401 -0.051371
v -0.054991 0.412401 -0.031749
v -0.063150 0.412401 -0.006637
v -0.060390 0.412401 0.019622
v -0.047188 0.412401 0.042488
v -0.025827 0.412401 0.058008
v -0.000000 0.412401 0.063498
v 0.025827 0.412401 0.058008
v 0.047188 0.412401 0.042488
v 0.060390 0.412401 0.019622
v 0.063150 0.412401 -0.006637
v 0.054991 0.412401 -0.031749
v 0.037323 0.412401 -0.051371
v 0.013202 0.412401 -0.062110
v 0.018251 0.532138 -0.000000
v 0.013981 0.532138 -0.011732
v 0.003169 0.532138 -0.017974
v -0.009126 0.532138 -0.015806
v -0.017150 0.532138 -0.006242
v -0.017150 0.532138 0.006242
v -0.009126 0.532138 0.015806
v 0.003169 0.532138 0.017974
v 0.013981 0.532138 0.011731
v 0.018251 0.673962 -0.000000
v 0.013981 0.673962 -0.011732
v 0.003169 0.673962 -0.017974
v -0.009126 0.673962 -0.015806
v -0.017150 0.673962 -0.006242
v -0.017150 0.673962 0.006242
v -0.009126 0.673962 0.015806
v 0.003169 0.673962 0.017974
v 0.013981 0.673962 0.011731
v 0.017447 0.532138 -0.000000
v 0.013365 0.532138 -0.011214
v 0.003029 0.532138 -0.017182
v -0.008723 0.532138 -0.015109
v -0.016395 0.532138 -0.005967
v -0.016395 0.532138 0.005967
v -0.008723 0.532138 0.015109
v 0.003029 0.532138 0.017182
v 0.013365 0.532138 0.011214
v 0.017447 0.673962 -0.000000
v 0.013365 0.673962 -0.011214
v 0.003029 0.673962 -0.017182
v -0.008723 0.673962 -0.015109
v -0.016395 0.673962 -0.005967
v -0.016395 0.673962 0.005967
v -0.008723 0.673962 0.015109
v 0.003029 0.673962 0.017182
v 0.013365 0.673962 0.011214
v 0.000692 -0.000900 -0.000000
v 0.000650 -0.000900 -0.000237
v 0.000530 -0.000900 -0.000445
v 0.000346 -0.000900 -0.000599
v 0.000120 -0.000900 -0.000681
v -0.000120 -0.000900 -0.000681
v -0.000346 -0.000900 -0.000599
v -0.000530 -0.000900 -0.000445
v -0.000650 -0.000900 -0.000237
v -0.000692 -0.000900 -0.000000
v -0.000650 -0.000900 0.000237
v -0.000530 -0.000900 0.000445
v -0.000346 -0.000900 0.000599
v -0.000120 -0.000900 0.000681
v 0.000120 -0.000900 0.000681
v 0.000346 -0.000900 0.000599
v 0.000530 -0.000900 0.000445
v 0.000650 -0.000900 0.000237
vn -0.1383 0.9904 -0.0000
vn -0.1299 0.9904 0.0473
vn -0.1059 0.9904 0.0889
vn -0.0691 0.9904 0.1197
vn -0.0240 0.9904 0.1362
vn 0.0240 0.9904 0.1362
vn 0.0691 0.9904 0.1197
vn 0.1059 0.9904 0.0889
vn 0.1299 0.9904 0.0473
vn 0.1383 0.9904 -0.0000
vn 0.1299 0.9904 -0.0473
vn 0.1059 0.9904 -0.0889
vn 0.0691 0.9904 -0.1197
vn 0.0240 0.9904 -0.1362
vn -0.0240 0.9904 -0.1362
vn -0.0691 0.9904 -0.1197
vn -0.1059 0.9904 -0.0889
vn -0.1299 0.9904 -0.0473
vn -0.9875 0.1577 -0.0000
vn -0.8817 0.4718 -0.0000
vn -0.8285 0.4718 0.3016
vn -0.9279 0.1577 0.3377
vn -0.6754 0.4718 0.5667
vn -0.7565 0.1577 0.6347
vn -0.4408 0.4718 0.7636
vn -0.4937 0.1577 0.8552
vn -0.1531 0.4718 0.8683
vn -0.1715 0.1577 0.9725
vn 0.1531 0.4718 0.8683
vn 0.1715 0.1577 0.9725
vn 0.4408 0.4718 0.7636
vn 0.4937 0.1577 0.8552
vn 0.6754 0.4718 0.5667
vn 0.7565 0.1577 0.6347
vn 0.8285 0.4718 0.3015
vn 0.9279 0.1577 0.3377
vn 0.8817 0.4718 -0.0000
vn 0.9875 0.1577 -0.0000
vn 0.8285 0.4718 -0.3016
vn 0.9279 0.1577 -0.3377
vn 0.6754 0.4718 -0.5667
vn 0.7565 0.1577 -0.6347
vn 0.4408 0.4718 -0.7636
vn 0.4937 0.1577 -0.8552
vn 0.1531 0.4718 -0.8683
vn 0.1715 0.1577 -0.9725
vn -0.1531 0.4718 -0.8683
vn -0.1715 0.1577 -0.9725
vn -0.4408 0.4718 -0.7636
vn -0.4937 0.1577 -0.8552
vn -0.6754 0.4718 -0.5667
vn -0.7565 0.1577 -0.6347
vn -0.8285 0.4718 -0.3016
vn -0.9279 0.1577 -0.3377
vn -0.9271 0.3749 -0.0000
vn -0.8712 0.3749 0.3171
vn -0.7102 0.3749 0.5959
vn -0.4635 0.3749 0.8029
vn -0.1610 0.3749 0.9130
vn 0.1610 0.3749 0.9130
vn 0.4635 0.3749 0.8029
vn 0.7102 0.3749 0.5959
vn 0.8712 0.3749 0.3171
vn 0.9271 0.3749 -0.0000
vn 0.8712 0.3749 -0.3171
vn 0.7102 0.3749 -0.5959
vn 0.4635 0.3749 -0.8029
vn 0.1610 0.3749 -0.9130
vn -0.1610 0.3749 -0.9130
vn -0.4635 0.3749 -0.8029
vn -0.7102 0.3749 -0.5959
vn -0.8712 0.3749 -0.3171
vn -1.0000 -0.0000 -0.0000
vn -0.9397 -0.0000 0.3420
vn -0.7660 -0.0000 0.6428
vn -0.5000 -0.0000 0.8660
vn -0.1736 -0.0000 0.9848
vn 0.1737 -0.0000 0.9848
vn 0.5000 -0.0000 0.8660
vn 0.7660 -0.0000 0.6428
vn 0.9397 -0.0000 0.3420
vn 1.0000 -0.0000 -0.0000
vn 0.9397 -0.0000 -0.3420
vn 0.7660 -0.0000 -0.6428
vn 0.5000 -0.0000 -0.8660
vn 0.1737 -0.0000 -0.9848
vn -0.1736 -0.0000 -0.9848
vn -0.5000 -0.0000 -0.8660
vn -0.7661 -0.0000 -0.6428
vn -0.9397 -0.0000 -0.3420
vn 0.9945 -0.0076 0.1045
vn 0.7838 0.5517 -0.2853
vn 0.5184 0.8341 -0.1887
vn 0.5517 0.8341 -0.0000
vn 0.8341 0.5517 -0.0000
vn 0.6389 0.5517 -0.5361
vn 0.4226 0.8341 -0.3546
vn 0.4170 0.5517 -0.7223
vn 0.2758 0.8341 -0.4778
vn 0.1448 0.5517 -0.8214
vn 0.0958 0.8341 -0.5433
vn -0.1448 0.5517 -0.8214
vn -0.0958 0.8341 -0.5433
vn -0.4170 0.5517 -0.7223
vn -0.2758 0.8341 -0.4778
vn -0.6389 0.5517 -0.5361
vn -0.4226 0.8341 -0.3546
vn -0.7838 0.5517 -0.2853
vn -0.5184 0.8341 -0.1887
vn -0.8341 0.5517 -0.0000
vn -0.5517 0.8341 -0.0000
vn -0.7838 0.5517 0.2853
vn -0.5184 0.8341 0.1887
vn -0.6389 0.5517 0.5361
vn -0.4226 0.8341 0.3546
vn -0.4170 0.5517 0.7223
vn -0.2758 0.8341 0.4778
vn -0.1448 0.5517 0.8214
vn -0.0958 0.8341 0.5433
vn 0.1448 0.5517 0.8214
vn 0.0958 0.8341 0.5433
vn 0.4170 0.5517 0.7223
vn 0.2758 0.8341 0.4778
vn 0.6389 0.5517 0.5361
vn 0.4226 0.8341 0.3546
vn 0.7838 0.5517 0.2853
vn 0.5184 0.8341 0.1887
vn 0.5754 0.7906 -0.2094
vn 0.6123 0.7906 -0.0000
vn 0.4690 0.7906 -0.3936
vn 0.3062 0.7906 -0.5303
vn 0.1063 0.7906 -0.6030
vn -0.1063 0.7906 -0.6030
vn -0.3061 0.7906 -0.5303
vn -0.4690 0.7906 -0.3936
vn -0.5754 0.7906 -0.2094
vn -0.6123 0.7906 -0.0000
vn -0.5754 0.7906 0.2094
vn -0.4690 0.7906 0.3936
vn -0.3062 0.7906 0.5303
vn -0.1063 0.7906 0.6030
vn 0.1063 0.7906 0.6030
vn 0.3061 0.7906 0.5303
vn 0.4691 0.7906 0.3936
vn 0.5754 0.7906 0.2094
vn 0.9841 0.1775 -0.0000
vn 0.9248 0.1775 -0.3366
vn 0.7539 0.1775 -0.6326
vn 0.4921 0.1775 -0.8523
vn 0.1709 0.1775 -0.9692
vn -0.1709 0.1775 -0.9692
vn -0.4921 0.1775 -0.8523
vn -0.7539 0.1775 -0.6326
vn -0.9248 0.1775 -0.3366
vn -0.9841 0.1775 -0.0000
vn -0.9248 0.1775 0.3366
vn -0.7539 0.1775 0.6326
vn -0.4921 0.1775 0.8523
vn -0.1709 0.1775 0.9692
vn 0.1709 0.1775 0.9692
vn 0.4921 0.1775 0.8523
vn 0.7539 0.1775 0.6326
vn 0.9248 0.1775 0.3366
vn 0.5756 0.7904 -0.2095
vn 0.6126 0.7904 -0.0000
vn 0.4693 0.7904 -0.3937
vn 0.3063 0.7904 -0.5305
vn 0.1064 0.7904 -0.6033
vn -0.1064 0.7904 -0.6033
vn -0.3063 0.7904 -0.5305
vn -0.4693 0.7904 -0.3938
vn -0.5756 0.7904 -0.2095
vn -0.6126 0.7904 -0.0000
vn -0.5756 0.7904 0.2095
vn -0.4693 0.7904 0.3937
vn -0.3063 0.7904 0.5305
vn -0.1064 0.7904 0.6033
vn 0.1064 0.7904 0.6033
vn 0.3063 0.7904 0.5305
vn 0.4693 0.7904 0.3937
vn 0.5756 0.7904 0.2095
vn 0.2745 0.9564 -0.0999
vn 0.2921 0.9564 -0.0000
vn 0.2238 0.9564 -0.1878
vn 0.1461 0.9564 -0.2530
vn 0.0507 0.9564 -0.2877
vn -0.0507 0.9564 -0.2877
vn -0.1461 0.9564 -0.2530
vn -0.2238 0.9564 -0.1878
vn -0.2745 0.9564 -0.0999
vn -0.2921 0.9564 -0.0000
vn -0.2745 0.9564 0.0999
vn -0.2238 0.9564 0.1878
vn -0.1461 0.9564 0.2530
vn -0.0507 0.9564 0.2877
vn 0.0507 0.9564 0.2877
vn 0.1461 0.9564 0.2530
vn 0.2238 0.9564 0.1878
vn 0.2745 0.9564 0.0999
vn 0.8515 0.5243 -0.0000
vn 0.8002 0.5243 -0.2912
vn 0.6523 0.5243 -0.5474
vn 0.4258 0.5243 -0.7375
vn 0.1479 0.5243 -0.8386
vn -0.1479 0.5243 -0.8386
vn -0.4258 0.5243 -0.7375
vn -0.6523 0.5243 -0.5474
vn -0.8002 0.5243 -0.2912
vn -0.8515 0.5243 -0.0000
vn -0.8002 0.5243 0.2912
vn -0.6523 0.5243 0.5474
vn -0.4258 0.5243 0.7375
vn -0.1479 0.5243 0.8386
vn 0.1479 0.5243 0.8386
vn 0.4258 0.5243 0.7375
vn 0.6523 0.5243 0.5474
vn 0.8002 0.5243 0.2912
vn 0.8774 0.4798 -0.0000
vn 0.8245 0.4798 -0.3001
vn 0.6721 0.4798 -0.5640
vn 0.4387 0.4798 -0.7598
vn 0.1524 0.4798 -0.8641
vn -0.1524 0.4798 -0.8641
vn -0.4387 0.4798 -0.7598
vn -0.6721 0.4798 -0.5640
vn -0.8245 0.4798 -0.3001
vn -0.8774 0.4798 -0.0000
vn -0.8245 0.4798 0.3001
vn -0.6721 0.4798 0.5640
vn -0.4387 0.4798 0.7598
vn -0.1524 0.4798 0.8641
vn 0.1524 0.4798 0.8641
vn 0.4387 0.4798 0.7598
vn 0.6721 0.4798 0.5640
vn 0.8245 0.4798 0.3001
vn -0.7660 -0.0000 -0.6428
vn -0.1737 -0.0000 0.9848
vn 0.1736 -0.0000 0.9848
vn 0.9944 0.1055 -0.0000
vn 0.9724 0.2335 -0.0005
vn 0.9146 0.2363 -0.3280
vn 0.9344 0.1055 -0.3401
vn 0.7476 0.2435 -0.6179
vn 0.7618 0.1055 -0.6392
vn 0.4894 0.2517 -0.8350
vn 0.4972 0.1055 -0.8612
vn 0.1701 0.2570 -0.9513
vn 0.1727 0.1055 -0.9793
vn -0.1703 0.2571 -0.9513
vn -0.1727 0.1055 -0.9793
vn -0.4894 0.2517 -0.8350
vn -0.4972 0.1055 -0.8612
vn -0.7476 0.2435 -0.6179
vn -0.7618 0.1055 -0.6392
vn -0.9146 0.2363 -0.3280
vn -0.9344 0.1055 -0.3401
vn -0.9724 0.2335 0.0005
vn -0.9944 0.1055 -0.0000
vn -0.9147 0.2363 0.3279
vn -0.9344 0.1055 0.3401
vn -0.7476 0.2435 0.6180
vn -0.7618 0.1055 0.6392
vn -0.4894 0.2517 0.8350
vn -0.4972 0.1055 0.8612
vn -0.1702 0.2570 0.9513
vn -0.1727 0.1055 0.9793
vn 0.1702 0.2571 0.9513
vn 0.1727 0.1055 0.9793
vn 0.4893 0.2517 0.8350
vn 0.4972 0.1055 0.8612
vn 0.7476 0.2435 0.6179
vn 0.7618 0.1055 0.6392
vn 0.9146 0.2364 0.3281
vn 0.9344 0.1055 0.3401
vn 0.6394 0.1022 -0.7620
vn 0.9796 0.1022 -0.1727
vn -0.0000 0.1022 -0.9948
vn -0.6394 0.1022 -0.7620
vn -0.9796 0.1022 -0.1727
vn -0.8615 0.1022 0.4974
vn -0.3402 0.1022 0.9348
vn 0.3402 0.1022 0.9348
vn 0.8615 0.1022 0.4974
vn 0.4686 0.8796 -0.0826
vn 0.3058 0.8796 -0.3645
vn 0.5915 0.3913 -0.7050
vn 0.9063 0.3913 -0.1598
vn -0.0000 0.8796 -0.4758
vn -0.0000 0.3913 -0.9203
vn -0.3058 0.8796 -0.3645
vn -0.5915 0.3913 -0.7050
vn -0.4686 0.8796 -0.0826
vn -0.9063 0.3913 -0.1598
vn -0.4120 0.8796 0.2379
vn -0.7970 0.3913 0.4601
vn -0.1627 0.8796 0.4471
vn -0.3148 0.3913 0.8648
vn 0.1627 0.8796 0.4471
vn 0.3147 0.3913 0.8648
vn 0.4121 0.8796 0.2379
vn 0.7970 0.3913 0.4601
vn 0.2502 -0.9677 0.0303
vn 0.2247 -0.9677 -0.1141
vn 0.2026 -0.9786 -0.0357
vn 0.2111 -0.9677 -0.1376
vn 0.1322 -0.9786 -0.1576
vn 0.0988 -0.9677 -0.2318
vn 0.0733 -0.9677 -0.2411
vn -0.0000 -0.9786 -0.2057
vn -0.0733 -0.9677 -0.2411
vn -0.0988 -0.9677 -0.2318
vn -0.1322 -0.9786 -0.1576
vn -0.2111 -0.9677 -0.1376
vn -0.2247 -0.9677 -0.1141
vn -0.2026 -0.9786 -0.0357
vn -0.2502 -0.9677 0.0303
vn -0.2455 -0.9677 0.0570
vn -0.1781 -0.9786 0.1029
vn -0.1721 -0.9677 0.1840
vn -0.1514 -0.9677 0.2015
vn -0.0704 -0.9786 0.1933
vn -0.0136 -0.9677 0.2516
vn 0.0136 -0.9677 0.2516
vn 0.0704 -0.9786 0.1933
vn 0.1514 -0.9677 0.2015
vn 0.1721 -0.9677 0.1840
vn 0.1782 -0.9786 0.1029
vn 0.2454 -0.9677 0.0570
vn 0.1673 0.9812 0.0966
vn 0.1902 0.9812 -0.0335
vn 0.0661 0.9812 0.1815
vn -0.0661 0.9812 0.1815
vn -0.1673 0.9812 0.0966
vn -0.1903 0.9812 -0.0335
vn -0.1242 0.9812 -0.1480
vn -0.0000 0.9812 -0.1932
vn 0.1242 0.9812 -0.1480
vn 0.5794 -0.4330 -0.6905
vn 0.8877 -0.4330 -0.1565
vn -0.0000 -0.4330 -0.9014
vn -0.5794 -0.4330 -0.6905
vn -0.8877 -0.4330 -0.1565
vn -0.7806 -0.4330 0.4507
vn -0.3083 -0.4330 0.8470
vn 0.3083 -0.4330 0.8470
vn 0.7806 -0.4330 0.4507
vn 0.8922 -0.4233 -0.1573
vn 0.5824 -0.4233 -0.6940
vn 0.6061 0.3328 -0.7224
vn 0.9287 0.3328 -0.1638
vn -0.0000 -0.4233 -0.9060
vn -0.0000 0.3328 -0.9430
vn -0.5824 -0.4233 -0.6940
vn -0.6061 0.3328 -0.7224
vn -0.8922 -0.4233 -0.1573
vn -0.9287 0.3328 -0.1637
vn -0.7846 -0.4233 0.4530
vn -0.8167 0.3328 0.4715
vn -0.3099 -0.4233 0.8514
vn -0.3225 0.3328 0.8861
vn 0.3099 -0.4233 0.8514
vn 0.3225 0.3328 0.8861
vn 0.7846 -0.4233 0.4530
vn 0.8167 0.3328 0.4715
vn 0.5630 0.4826 -0.6709
vn 0.8625 0.4826 -0.1521
vn -0.0000 0.4826 -0.8759
vn -0.5630 0.4826 -0.6709
vn -0.8625 0.4826 -0.1521
vn -0.7585 0.4826 0.4379
vn -0.2996 0.4826 0.8230
vn 0.2996 0.4826 0.8230
vn 0.7585 0.4826 0.4379
vn 0.5528 -0.5102 -0.6588
vn 0.8470 -0.5102 -0.1493
vn 0.9845 0.0247 -0.1736
vn 0.6426 0.0247 -0.7658
vn -0.0000 -0.5102 -0.8600
vn -0.0000 0.0247 -0.9997
vn -0.5528 -0.5102 -0.6588
vn -0.6426 0.0247 -0.7658
vn -0.8470 -0.5102 -0.1493
vn -0.9845 0.0247 -0.1736
vn -0.7448 -0.5102 0.4300
vn -0.8658 0.0247 0.4998
vn -0.2941 -0.5102 0.8082
vn -0.3419 0.0247 0.9394
vn 0.2942 -0.5102 0.8082
vn 0.3419 0.0247 0.9394
vn 0.7448 -0.5102 0.4300
vn 0.8658 0.0247 0.4998
vn 0.5957 -0.3757 -0.7099
vn 0.9126 -0.3757 -0.1609
vn -0.0000 -0.3757 -0.9267
vn -0.5957 -0.3757 -0.7099
vn -0.9126 -0.3757 -0.1609
vn -0.8026 -0.3757 0.4634
vn -0.3170 -0.3757 0.8708
vn 0.3170 -0.3757 0.8708
vn 0.8026 -0.3757 0.4634
vn 0.3380 -0.9331 -0.1230
vn 0.4360 -0.8858 -0.1587
vn 0.4640 -0.8858 -0.0000
vn 0.3597 -0.9331 -0.0000
vn 0.2755 -0.9331 -0.2312
vn 0.3555 -0.8858 -0.2983
vn 0.1798 -0.9331 -0.3115
vn 0.2320 -0.8858 -0.4019
vn 0.0625 -0.9331 -0.3542
vn 0.0806 -0.8858 -0.4570
vn -0.0625 -0.9331 -0.3542
vn -0.0806 -0.8858 -0.4570
vn -0.1798 -0.9331 -0.3115
vn -0.2320 -0.8858 -0.4019
vn -0.2755 -0.9331 -0.2312
vn -0.3555 -0.8858 -0.2983
vn -0.3380 -0.9331 -0.1230
vn -0.4360 -0.8858 -0.1587
vn -0.3597 -0.9331 -0.0000
vn -0.4640 -0.8858 -0.0000
vn -0.3380 -0.9331 0.1230
vn -0.4360 -0.8858 0.1587
vn -0.2755 -0.9331 0.2312
vn -0.3555 -0.8858 0.2983
vn -0.1798 -0.9331 0.3115
vn -0.2320 -0.8858 0.4019
vn -0.0625 -0.9331 0.3542
vn -0.0806 -0.8858 0.4570
vn 0.0625 -0.9331 0.3542
vn 0.0806 -0.8858 0.4570
vn 0.1798 -0.9331 0.3115
vn 0.2320 -0.8858 0.4019
vn 0.2755 -0.9331 0.2312
vn 0.3555 -0.8858 0.2983
vn 0.3380 -0.9331 0.1230
vn 0.4360 -0.8858 0.1587
vn 0.6793 -0.6910 -0.2472
vn 0.7229 -0.6910 -0.0000
vn 0.5537 -0.6910 -0.4646
vn 0.3614 -0.6910 -0.6260
vn 0.1255 -0.6910 -0.7119
vn -0.1255 -0.6910 -0.7119
vn -0.3614 -0.6910 -0.6260
vn -0.5537 -0.6910 -0.4646
vn -0.6793 -0.6910 -0.2472
vn -0.7229 -0.6910 -0.0000
vn -0.6793 -0.6910 0.2472
vn -0.5537 -0.6910 0.4646
vn -0.3614 -0.6910 0.6260
vn -0.1255 -0.6910 0.7119
vn 0.1255 -0.6910 0.7119
vn 0.3614 -0.6910 0.6260
vn 0.5537 -0.6910 0.4646
vn 0.6793 -0.6910 0.2472
vn 0.7975 -0.5290 -0.2902
vn 0.8486 -0.5290 -0.0000
vn 0.6501 -0.5290 -0.5455
vn 0.4243 -0.5290 -0.7349
vn 0.1474 -0.5290 -0.8357
vn -0.1474 -0.5290 -0.8357
vn -0.4243 -0.5290 -0.7349
vn -0.6501 -0.5290 -0.5455
vn -0.7975 -0.5290 -0.2903
vn -0.8486 -0.5290 -0.0000
vn -0.7975 -0.5290 0.2902
vn -0.6501 -0.5290 0.5455
vn -0.4243 -0.5290 0.7349
vn -0.1474 -0.5290 0.8357
vn 0.1474 -0.5290 0.8357
vn 0.4243 -0.5290 0.7349
vn 0.6501 -0.5290 0.5455
vn 0.7975 -0.5290 0.2903
vn 0.1736 -0.0000 -0.9848
vn 0.8267 0.4753 -0.3009
vn 0.7285 0.6316 -0.2652
vn 0.7753 0.6316 -0.0000
vn 0.8798 0.4753 -0.0000
vn 0.6740 0.4753 -0.5655
vn 0.5939 0.6316 -0.4983
vn 0.4399 0.4753 -0.7619
vn 0.3876 0.6316 -0.6714
vn 0.1528 0.4753 -0.8664
vn 0.1346 0.6316 -0.7635
vn -0.1528 0.4753 -0.8664
vn -0.1346 0.6316 -0.7635
vn -0.4399 0.4753 -0.7619
vn -0.3876 0.6316 -0.6714
vn -0.6740 0.4753 -0.5655
vn -0.5939 0.6316 -0.4983
vn -0.8267 0.4753 -0.3009
vn -0.7285 0.6316 -0.2652
vn -0.8798 0.4753 -0.0000
vn -0.7753 0.6316 -0.0000
vn -0.8267 0.4753 0.3009
vn -0.7285 0.6316 0.2652
vn -0.6740 0.4753 0.5655
vn -0.5939 0.6316 0.4983
vn -0.4399 0.4753 0.7619
vn -0.3876 0.6316 0.6714
vn -0.1528 0.4753 0.8664
vn -0.1346 0.6316 0.7635
vn 0.1528 0.4753 0.8664
vn 0.1346 0.6316 0.7635
vn 0.4399 0.4753 0.7619
vn 0.3876 0.6316 0.6714
vn 0.6740 0.4753 0.5655
vn 0.5939 0.6316 0.4983
vn 0.8267 0.4753 0.3009
vn 0.7285 0.6316 0.2652
vn 0.6410 -0.0724 -0.7641
vn 0.9823 -0.0719 -0.1732
vn 0.9513 -0.2590 -0.1668
vn 0.6215 -0.2644 -0.7375
vn -0.0000 -0.0734 -0.9973
vn -0.0000 -0.2680 -0.9634
vn -0.6409 -0.0727 -0.7642
vn -0.6214 -0.2640 -0.7377
vn -0.9822 -0.0722 -0.1732
vn -0.9512 -0.2594 -0.1670
vn -0.8636 -0.0725 0.4989
vn -0.8368 -0.2613 0.4811
vn -0.3411 -0.0729 0.9372
vn -0.3308 -0.2671 0.9051
vn 0.3411 -0.0735 0.9372
vn 0.3310 -0.2673 0.9050
vn 0.8637 -0.0727 0.4987
vn 0.8368 -0.2612 0.4811
vn 0.2262 -0.9741 -0.0000
vn 0.2126 -0.9741 -0.0774
vn 0.1733 -0.9741 -0.1454
vn 0.1131 -0.9741 -0.1959
vn 0.0393 -0.9741 -0.2228
vn -0.0393 -0.9741 -0.2228
vn -0.1131 -0.9741 -0.1959
vn -0.1733 -0.9741 -0.1454
vn -0.2126 -0.9741 -0.0774
vn -0.2262 -0.9741 -0.0000
vn -0.2126 -0.9741 0.0774
vn -0.1733 -0.9741 0.1454
vn -0.1131 -0.9741 0.1959
vn -0.0393 -0.9741 0.2228
vn 0.0393 -0.9741 0.2228
vn 0.1131 -0.9741 0.1959
vn 0.1733 -0.9741 0.1454
vn 0.2126 -0.9741 0.0774
vn 0.2072 0.9754 -0.0754
vn 0.2205 0.9754 -0.0000
vn 0.2072 0.9754 0.0754
vn 0.1689 0.9754 0.1418
vn 0.1103 0.9754 0.1910
vn 0.0383 0.9754 0.2172
vn -0.0383 0.9754 0.2172
vn -0.1103 0.9754 0.1910
vn -0.1689 0.9754 0.1418
vn -0.2072 0.9754 0.0754
vn -0.2205 0.9754 -0.0000
vn -0.2072 0.9754 -0.0754
vn -0.1689 0.9754 -0.1418
vn -0.1103 0.9754 -0.1910
vn -0.0383 0.9754 -0.2172
vn 0.0383 0.9754 -0.2172
vn 0.1103 0.9754 -0.1910
vn 0.1689 0.9754 -0.1418
vn 0.9210 0.0001 -0.3896
vn 0.9987 0.0001 0.0511
vn 0.7979 0.0001 -0.6028
vn 0.4551 0.0001 -0.8904
vn 0.2237 0.0001 -0.9747
vn -0.2237 0.0001 -0.9747
vn -0.4551 0.0001 -0.8904
vn -0.7979 0.0001 -0.6028
vn -0.9210 0.0001 -0.3896
vn -0.9987 0.0001 0.0511
vn -0.9559 0.0001 0.2936
vn -0.5436 0.0001 0.8394
vn -0.7322 0.0001 0.6811
vn -0.1231 0.0001 0.9924
vn 0.1231 0.0001 0.9924
vn 0.5436 0.0001 0.8394
vn 0.7322 0.0001 0.6811
vn 0.9559 0.0001 0.2936
vn 0.5178 0.8555 -0.0000
vn 0.4866 0.8555 -0.1771
vn 0.3967 0.8555 -0.3329
vn 0.2589 0.8555 -0.4485
vn 0.0899 0.8555 -0.5100
vn -0.0899 0.8555 -0.5100
vn -0.2589 0.8555 -0.4485
vn -0.3967 0.8555 -0.3329
vn -0.4866 0.8555 -0.1771
vn -0.5178 0.8555 -0.0000
vn -0.4866 0.8555 0.1771
vn -0.3967 0.8555 0.3329
vn -0.2589 0.8555 0.4485
vn -0.0899 0.8555 0.5100
vn 0.0899 0.8555 0.5100
vn 0.2589 0.8555 0.4485
vn 0.3967 0.8555 0.3329
vn 0.4866 0.8555 0.1771
vn 0.3005 0.9471 -0.1130
vn 0.3210 0.9471 0.0034
vn 0.3028 0.9471 0.1066
vn 0.2437 0.9471 0.2089
vn 0.1634 0.9471 0.2763
vn 0.0524 0.9471 0.3167
vn -0.0524 0.9471 0.3167
vn -0.1634 0.9471 0.2763
vn -0.2437 0.9471 0.2089
vn -0.3028 0.9471 0.1066
vn -0.3210 0.9471 0.0034
vn -0.3005 0.9471 -0.1130
vn -0.2481 0.9471 -0.2037
vn -0.1576 0.9471 -0.2797
vn -0.0591 0.9471 -0.3155
vn 0.0591 0.9471 -0.3155
vn 0.1576 0.9471 -0.2797
vn 0.2481 0.9471 -0.2037
vn 0.2373 0.9705 -0.0418
vn 0.1549 0.9705 -0.1846
vn -0.0000 0.9705 -0.2409
vn -0.1549 0.9705 -0.1846
vn -0.2373 0.9705 -0.0418
vn -0.2087 0.9705 0.1205
vn -0.0824 0.9705 0.2264
vn 0.0824 0.9705 0.2264
vn 0.2087 0.9705 0.1205
vn 0.6395 0.1165 -0.7599
vn 0.9786 0.1130 -0.1721
vn 0.0002 0.1199 -0.9928
vn -0.6396 0.1168 -0.7598
vn -0.9786 0.1130 -0.1719
vn -0.8610 0.1145 0.4955
vn -0.3407 0.1190 0.9326
vn 0.3406 0.1188 0.9327
vn 0.8610 0.1146 0.4955
vn 0.1121 -0.9935 -0.0198
vn 0.0732 -0.9935 -0.0872
vn -0.0000 -0.9935 -0.1139
vn -0.0732 -0.9935 -0.0872
vn -0.1121 -0.9935 -0.0198
vn -0.0986 -0.9935 0.0569
vn -0.0389 -0.9935 0.1070
vn 0.0389 -0.9935 0.1070
vn 0.0986 -0.9935 0.0569
vn 0.9848 -0.0000 -0.1737
vn 0.6428 -0.0000 -0.7660
vn -0.0000 -0.0000 -1.0000
vn -0.6428 -0.0000 -0.7660
vn -0.9848 -0.0000 -0.1736
vn -0.8660 -0.0000 0.5000
vn -0.3420 -0.0000 0.9397
vn 0.3420 -0.0000 0.9397
vn 0.8660 -0.0000 0.5000
vn 0.6355 0.5804 -0.5092
vn 0.7811 0.5624 -0.2715
vn 0.7061 0.6623 -0.2505
vn 0.5827 0.6581 -0.4769
vn 0.4136 0.6008 -0.6841
vn 0.3860 0.6519 -0.6527
vn 0.1433 0.6138 -0.7763
vn 0.1355 0.6472 -0.7502
vn -0.1433 0.6138 -0.7763
vn -0.1355 0.6471 -0.7502
vn -0.3860 0.6519 -0.6527
vn -0.4136 0.6007 -0.6842
vn -0.5827 0.6581 -0.4769
vn -0.6354 0.5804 -0.5092
vn -0.7062 0.6622 -0.2505
vn -0.7811 0.5623 -0.2715
vn -0.7480 0.6637 -0.0002
vn -0.8317 0.5552 -0.0000
vn -0.7812 0.5622 0.2715
vn -0.7061 0.6623 0.2505
vn -0.6355 0.5804 0.5092
vn -0.5827 0.6581 0.4769
vn -0.4135 0.6008 0.6842
vn -0.3860 0.6519 0.6527
vn -0.1433 0.6138 0.7763
vn -0.1355 0.6472 0.7502
vn 0.1435 0.6138 0.7763
vn 0.1355 0.6471 0.7502
vn 0.3861 0.6519 0.6527
vn 0.4136 0.6007 0.6842
vn 0.5827 0.6581 0.4769
vn 0.6354 0.5804 0.5092
vn 0.7062 0.6623 0.2505
vn 0.7811 0.5623 0.2715
vn 0.7481 0.6636 -0.0000
vn 0.8318 0.5551 -0.0000
vn 0.7475 0.6110 -0.2605
vn 0.6332 0.5835 -0.5085
vn 0.4321 0.5483 -0.7160
vn 0.1545 0.5228 -0.8383
vn -0.1542 0.5231 -0.8382
vn -0.4321 0.5483 -0.7160
vn -0.6332 0.5835 -0.5085
vn -0.7475 0.6110 -0.2605
vn -0.7837 0.6212 -0.0000
vn -0.7475 0.6110 0.2605
vn -0.6332 0.5835 0.5085
vn -0.4321 0.5483 0.7160
vn -0.1546 0.5229 0.8383
vn 0.1542 0.5231 0.8382
vn 0.4321 0.5483 0.7160
vn 0.6332 0.5835 0.5085
vn 0.7475 0.6110 0.2605
vn 0.7837 0.6212 -0.0000
vn 0.2831 0.8978 -0.3374
vn 0.4337 0.8978 -0.0765
vn -0.0000 0.8978 -0.4404
vn -0.2831 0.8978 -0.3374
vn -0.4337 0.8978 -0.0765
vn -0.3814 0.8978 0.2202
vn -0.1506 0.8978 0.4138
vn 0.1506 0.8978 0.4138
vn 0.3814 0.8978 0.2202
vn 0.8642 -0.4796 -0.1524
vn 0.7933 -0.4982 -0.3499
vn 0.8651 -0.4982 0.0574
vn 0.5640 -0.4796 -0.6722
vn 0.6997 -0.4982 -0.5121
vn 0.3828 -0.4982 -0.7780
vn -0.0000 -0.4796 -0.8775
vn 0.2068 -0.4982 -0.8420
vn -0.2068 -0.4982 -0.8420
vn -0.5640 -0.4796 -0.6722
vn -0.3828 -0.4982 -0.7780
vn -0.6997 -0.4982 -0.5121
vn -0.8642 -0.4796 -0.1524
vn -0.7933 -0.4982 -0.3499
vn -0.8651 -0.4982 0.0574
vn -0.7599 -0.4796 0.4387
vn -0.8326 -0.4982 0.2419
vn -0.6258 -0.4982 0.6001
vn -0.3001 -0.4796 0.8246
vn -0.4823 -0.4982 0.7205
vn -0.0937 -0.4982 0.8620
vn 0.3001 -0.4796 0.8246
vn 0.0937 -0.4982 0.8620
vn 0.4823 -0.4982 0.7205
vn 0.7599 -0.4796 0.4387
vn 0.6258 -0.4982 0.6001
vn 0.8326 -0.4982 0.2419
vn 0.5099 -0.8602 -0.0000
vn 0.4791 -0.8602 -0.1744
vn 0.7368 -0.6207 -0.2682
vn 0.7841 -0.6207 -0.0000
vn 0.3906 -0.8602 -0.3278
vn 0.6006 -0.6207 -0.5040
vn 0.2549 -0.8602 -0.4416
vn 0.3920 -0.6207 -0.6790
vn 0.0885 -0.8602 -0.5022
vn 0.1362 -0.6207 -0.7722
vn -0.0885 -0.8602 -0.5022
vn -0.1362 -0.6207 -0.7722
vn -0.2550 -0.8602 -0.4416
vn -0.3920 -0.6207 -0.6790
vn -0.3906 -0.8602 -0.3278
vn -0.6006 -0.6207 -0.5040
vn -0.4791 -0.8602 -0.1744
vn -0.7368 -0.6207 -0.2682
vn -0.5099 -0.8602 -0.0000
vn -0.7841 -0.6207 -0.0000
vn -0.4792 -0.8602 0.1744
vn -0.7368 -0.6207 0.2682
vn -0.3906 -0.8602 0.3278
vn -0.6006 -0.6207 0.5040
vn -0.2550 -0.8602 0.4416
vn -0.3920 -0.6207 0.6790
vn -0.0885 -0.8602 0.5022
vn -0.1362 -0.6207 0.7722
vn 0.0885 -0.8602 0.5022
vn 0.1362 -0.6207 0.7722
vn 0.2550 -0.8602 0.4416
vn 0.3920 -0.6207 0.6790
vn 0.3906 -0.8602 0.3278
vn 0.6006 -0.6207 0.5040
vn 0.4791 -0.8602 0.1744
vn 0.7368 -0.6207 0.2682
vn 0.9104 -0.2478 -0.3314
vn 0.9688 -0.2478 -0.0000
vn 0.7422 -0.2478 -0.6227
vn 0.4844 -0.2478 -0.8390
vn 0.1682 -0.2478 -0.9541
vn -0.1682 -0.2478 -0.9541
vn -0.4844 -0.2478 -0.8390
vn -0.7422 -0.2478 -0.6227
vn -0.9104 -0.2478 -0.3314
vn -0.9688 -0.2478 -0.0000
vn -0.9104 -0.2478 0.3314
vn -0.7422 -0.2478 0.6227
vn -0.4844 -0.2478 0.8390
vn -0.1682 -0.2478 0.9541
vn 0.1682 -0.2478 0.9541
vn 0.4844 -0.2478 0.8390
vn 0.7422 -0.2478 0.6227
vn 0.9104 -0.2478 0.3314
vn 0.3618 -0.9323 -0.0000
vn 0.3400 -0.9323 -0.1237
vn 0.2771 -0.9323 -0.2326
vn 0.1809 -0.9323 -0.3133
vn 0.0628 -0.9323 -0.3563
vn -0.0628 -0.9323 -0.3563
vn -0.1809 -0.9323 -0.3133
vn -0.2771 -0.9323 -0.2326
vn -0.3400 -0.9323 -0.1237
vn -0.3618 -0.9323 -0.0000
vn -0.3400 -0.9323 0.1237
vn -0.2771 -0.9323 0.2326
vn -0.1809 -0.9323 0.3133
vn -0.0628 -0.9323 0.3563
vn 0.0628 -0.9323 0.3563
vn 0.1809 -0.9323 0.3133
vn 0.2771 -0.9323 0.2326
vn 0.3400 -0.9323 0.1237
vn 0.9388 -0.0439 -0.3417
vn 0.9990 -0.0439 -0.0000
vn 0.7653 -0.0439 -0.6422
vn 0.4995 -0.0439 -0.8652
vn 0.1735 -0.0439 -0.9839
vn -0.1735 -0.0439 -0.9839
vn -0.4995 -0.0439 -0.8652
vn -0.7653 -0.0439 -0.6422
vn -0.9388 -0.0439 -0.3417
vn -0.9990 -0.0439 -0.0000
vn -0.9388 -0.0439 0.3417
vn -0.7653 -0.0439 0.6422
vn -0.4995 -0.0439 0.8652
vn -0.1735 -0.0439 0.9839
vn 0.1735 -0.0439 0.9839
vn 0.4995 -0.0439 0.8652
vn 0.7653 -0.0439 0.6422
vn 0.9388 -0.0439 0.3417
vn 0.1383 -0.9904 -0.0000
vn 0.1299 -0.9904 -0.0473
vn 0.1059 -0.9904 -0.0889
vn 0.0691 -0.9904 -0.1197
vn 0.0240 -0.9904 -0.1362
vn -0.0240 -0.9904 -0.1362
vn -0.0691 -0.9904 -0.1197
vn -0.1059 -0.9904 -0.0889
vn -0.1299 -0.9904 -0.0473
vn -0.1383 -0.9904 -0.0000
vn -0.1299 -0.9904 0.0473
vn -0.1059 -0.9904 0.0889
vn -0.0691 -0.9904 0.1197
vn -0.0240 -0.9904 0.1362
vn 0.0240 -0.9904 0.1362
vn 0.0692 -0.9904 0.1197
vn 0.1059 -0.9904 0.0889
vn 0.1299 -0.9904 0.0473
vn 0.9875 -0.1577 -0.0000
vn 0.9279 -0.1577 -0.3377
vn 0.8285 -0.4718 -0.3016
vn 0.8817 -0.4718 -0.0000
vn 0.7565 -0.1577 -0.6347
vn 0.6754 -0.4718 -0.5667
vn 0.4937 -0.1577 -0.8552
vn 0.4408 -0.4718 -0.7636
vn 0.1715 -0.1577 -0.9725
vn 0.1531 -0.4718 -0.8683
vn -0.1715 -0.1577 -0.9725
vn -0.1531 -0.4718 -0.8683
vn -0.4937 -0.1577 -0.8552
vn -0.4408 -0.4718 -0.7636
vn -0.7565 -0.1577 -0.6347
vn -0.6754 -0.4718 -0.5667
vn -0.9279 -0.1577 -0.3377
vn -0.8285 -0.4718 -0.3015
vn -0.9875 -0.1577 -0.0000
vn -0.8817 -0.4718 -0.0000
vn -0.9279 -0.1577 0.3377
vn -0.8285 -0.4718 0.3016
vn -0.7565 -0.1577 0.6347
vn -0.6754 -0.4718 0.5667
vn -0.4937 -0.1577 0.8552
vn -0.4408 -0.4718 0.7636
vn -0.1715 -0.1577 0.9725
vn -0.1531 -0.4718 0.8683
vn 0.1715 -0.1577 0.9725
vn 0.1531 -0.4718 0.8683
vn 0.4937 -0.1577 0.8552
vn 0.4408 -0.4718 0.7636
vn 0.7565 -0.1577 0.6347
vn 0.6754 -0.4718 0.5667
vn 0.9279 -0.1577 0.3377
vn 0.8285 -0.4718 0.3016
vn 0.8712 -0.3749 -0.3171
vn 0.9271 -0.3749 -0.0000
vn 0.7102 -0.3749 -0.5959
vn 0.4635 -0.3749 -0.8029
vn 0.1610 -0.3749 -0.9130
vn -0.1610 -0.3749 -0.9130
vn -0.4635 -0.3749 -0.8029
vn -0.7102 -0.3749 -0.5959
vn -0.8712 -0.3749 -0.3171
vn -0.9271 -0.3749 -0.0000
vn -0.8712 -0.3749 0.3171
vn -0.7102 -0.3749 0.5959
vn -0.4635 -0.3749 0.8029
vn -0.1610 -0.3749 0.9130
vn 0.1610 -0.3749 0.9130
vn 0.4635 -0.3749 0.8029
vn 0.7102 -0.3749 0.5959
vn 0.8712 -0.3749 0.3171
vn -0.1737 -0.0000 -0.9848
vn 0.7661 -0.0000 0.6428
vn -0.1068 -0.0081 -0.9942
vn -0.1251 0.3369 -0.9332
vn -0.1253 0.3445 -0.9304
vn -0.1080 0.0078 -0.9941
vn -0.1280 0.6399 -0.7578
vn -0.1280 0.6392 -0.7583
vn -0.1152 0.8641 -0.4899
vn -0.1158 0.8591 -0.4986
vn -0.0884 0.9828 -0.1623
vn -0.0901 0.9795 -0.1804
vn -0.0507 0.9814 0.1852
vn -0.0536 0.9855 0.1611
vn -0.0069 0.8601 0.5101
vn -0.0104 0.8735 0.4867
vn 0.0377 0.6340 0.7724
vn 0.0345 0.6541 0.7556
vn 0.0776 0.3321 0.9401
vn 0.0753 0.3529 0.9326
vn 0.1080 -0.0078 0.9941
vn 0.1068 0.0081 0.9942
vn 0.1253 -0.3445 0.9304
vn 0.1251 -0.3369 0.9332
vn 0.1280 -0.6392 0.7583
vn 0.1280 -0.6399 0.7578
vn 0.1158 -0.8591 0.4986
vn 0.1152 -0.8641 0.4899
vn 0.0901 -0.9795 0.1804
vn 0.0884 -0.9828 0.1623
vn 0.0536 -0.9855 -0.1611
vn 0.0507 -0.9814 -0.1852
vn 0.0104 -0.8735 -0.4867
vn 0.0069 -0.8601 -0.5101
vn -0.0345 -0.6541 -0.7556
vn -0.0378 -0.6340 -0.7724
vn -0.0753 -0.3529 -0.9326
vn -0.0776 -0.3321 -0.9401
vn -1.0000 -0.0054 0.0081
vn 1.0000 0.0054 -0.0081
vn -0.0000 0.8315 -0.5555
vn -0.0000 0.9817 -0.1904
vn -0.0000 0.9817 -0.1905
vn -0.0000 0.8314 -0.5556
vn -0.0000 0.5643 -0.8256
vn -0.0000 0.8314 -0.5557
vn -0.0000 0.1952 -0.9808
vn -0.0000 0.1950 -0.9808
vn -0.0000 -0.1992 -0.9800
vn -0.0000 -0.5555 -0.8315
vn -0.0000 -0.5556 -0.8314
vn -0.0000 -0.8375 -0.5464
vn -0.0000 -0.9808 -0.1952
vn -0.0000 -0.9808 -0.1950
vn -0.0000 -0.9817 0.1905
vn -0.0000 -0.8315 0.5555
vn -0.0000 -0.8314 0.5556
vn -0.0000 -0.5643 0.8256
vn -0.0000 -0.8314 0.5557
vn -0.0000 -0.1952 0.9808
vn -0.0000 -0.1950 0.9808
vn -0.0000 0.1992 0.9799
vn -0.0000 0.1992 0.9800
vn -0.0000 0.5555 0.8315
vn -0.0000 0.5556 0.8314
vn -0.0000 0.8375 0.5464
vn -0.0000 0.5557 0.8314
vn -0.0000 0.9808 0.1952
vn -0.0000 0.9808 0.1950
vn -0.0000 0.9808 0.1951
vn -0.1112 0.8448 -0.5234
vn -0.0808 0.9213 -0.3803
vn 0.0808 0.9213 -0.3803
vn 0.1112 0.8448 -0.5234
vn -0.1451 0.7163 -0.6825
vn 0.1451 0.7163 -0.6825
vn -0.4101 0.7163 -0.5645
vn -0.3145 0.8448 -0.4329
vn -0.2286 0.9213 -0.3146
vn -0.6043 0.7163 -0.3489
vn -0.4634 0.8448 -0.2675
vn -0.3367 0.9213 -0.1944
vn -0.6939 0.7163 -0.0729
vn -0.5321 0.8448 -0.0559
vn -0.3867 0.9213 -0.0406
vn -0.6636 0.7163 0.2156
vn -0.5089 0.8448 0.1653
vn -0.3698 0.9213 0.1202
vn -0.5185 0.7163 0.4669
vn -0.3976 0.8448 0.3580
vn -0.2890 0.9213 0.2602
vn -0.2838 0.7163 0.6374
vn -0.2176 0.8448 0.4888
vn -0.1581 0.9213 0.3552
vn -0.0000 0.7163 0.6978
vn -0.0000 0.8448 0.5351
vn -0.0000 0.9213 0.3888
vn 0.2838 0.7163 0.6374
vn 0.2176 0.8448 0.4888
vn 0.1582 0.9213 0.3552
vn 0.5185 0.7163 0.4669
vn 0.3976 0.8448 0.3580
vn 0.2890 0.9213 0.2602
vn 0.6636 0.7163 0.2156
vn 0.5089 0.8448 0.1653
vn 0.3698 0.9213 0.1202
vn 0.6939 0.7163 -0.0729
vn 0.5321 0.8448 -0.0559
vn 0.3867 0.9213 -0.0406
vn 0.6043 0.7163 -0.3489
vn 0.4634 0.8448 -0.2675
vn 0.3367 0.9213 -0.1944
vn 0.4101 0.7163 -0.5645
vn 0.3145 0.8448 -0.4329
vn 0.2285 0.9213 -0.3146
vn -0.1789 0.5096 -0.8416
vn 0.1789 0.5096 -0.8416
vn -0.1983 0.2998 -0.9331
vn 0.1983 0.2998 -0.9331
vn -0.5607 0.2998 -0.7718
vn -0.5057 0.5096 -0.6961
vn -0.8262 0.2998 -0.4770
vn -0.7452 0.5096 -0.4302
vn -0.9488 0.2998 -0.0997
vn -0.8557 0.5096 -0.0899
vn -0.9073 0.2998 0.2948
vn -0.8183 0.5096 0.2659
vn -0.7090 0.2998 0.6383
vn -0.6394 0.5096 0.5757
vn -0.3880 0.2998 0.8715
vn -0.3500 0.5096 0.7860
vn -0.0000 0.2998 0.9540
vn -0.0000 0.5096 0.8604
vn 0.3880 0.2998 0.8715
vn 0.3500 0.5096 0.7860
vn 0.7090 0.2998 0.6383
vn 0.6394 0.5096 0.5757
vn 0.9073 0.2998 0.2948
vn 0.8183 0.5096 0.2659
vn 0.9488 0.2998 -0.0997
vn 0.8557 0.5096 -0.0899
vn 0.8262 0.2998 -0.4770
vn 0.7452 0.5096 -0.4302
vn 0.5607 0.2998 -0.7718
vn 0.5058 0.5096 -0.6961
vn -0.2068 0.1012 -0.9731
vn 0.2068 0.1012 -0.9731
vn -0.2068 -0.1012 -0.9731
vn 0.2068 -0.1012 -0.9731
vn -0.5848 -0.1012 -0.8049
vn -0.5848 0.1012 -0.8049
vn -0.8616 -0.1012 -0.4974
vn -0.8616 0.1012 -0.4974
vn -0.9894 -0.1012 -0.1040
vn -0.9894 0.1012 -0.1040
vn -0.9462 -0.1012 0.3074
vn -0.9462 0.1012 0.3074
vn -0.7393 -0.1012 0.6657
vn -0.7393 0.1012 0.6657
vn -0.4046 -0.1012 0.9089
vn -0.4046 0.1012 0.9089
vn -0.0000 -0.1012 0.9949
vn -0.0000 0.1012 0.9949
vn 0.4046 -0.1012 0.9089
vn 0.4046 0.1012 0.9089
vn 0.7393 -0.1012 0.6657
vn 0.7393 0.1012 0.6657
vn 0.9462 -0.1012 0.3074
vn 0.9462 0.1012 0.3074
vn 0.9894 -0.1012 -0.1040
vn 0.9894 0.1012 -0.1040
vn 0.8616 -0.1012 -0.4974
vn 0.8616 0.1012 -0.4974
vn 0.5848 -0.1012 -0.8049
vn 0.5848 0.1012 -0.8049
vn -0.1982 -0.3016 -0.9326
vn 0.1982 -0.3016 -0.9326
vn -0.1794 -0.5058 -0.8438
vn 0.1794 -0.5058 -0.8438
vn -0.5070 -0.5058 -0.6979
vn -0.5604 -0.3016 -0.7713
vn -0.7471 -0.5058 -0.4313
vn -0.8257 -0.3016 -0.4767
vn -0.8579 -0.5058 -0.0902
vn -0.9482 -0.3016 -0.0997
vn -0.8204 -0.5058 0.2666
vn -0.9068 -0.3016 0.2946
vn -0.6411 -0.5058 0.5772
vn -0.7085 -0.3016 0.6380
vn -0.3509 -0.5058 0.7881
vn -0.3878 -0.3016 0.8710
vn -0.0000 -0.5058 0.8626
vn -0.0000 -0.3016 0.9534
vn 0.3509 -0.5058 0.7881
vn 0.3878 -0.3016 0.8710
vn 0.6411 -0.5058 0.5772
vn 0.7085 -0.3016 0.6380
vn 0.8204 -0.5058 0.2666
vn 0.9068 -0.3016 0.2946
vn 0.8579 -0.5058 -0.0902
vn 0.9482 -0.3016 -0.0997
vn 0.7471 -0.5058 -0.4313
vn 0.8257 -0.3016 -0.4767
vn 0.5070 -0.5058 -0.6979
vn 0.5604 -0.3016 -0.7713
vn -0.1528 -0.6781 -0.7189
vn 0.1528 -0.6781 -0.7189
vn -0.1261 -0.7950 -0.5933
vn 0.1261 -0.7950 -0.5933
vn -0.3565 -0.7950 -0.4907
vn -0.4320 -0.6781 -0.5946
vn -0.5253 -0.7950 -0.3033
vn -0.6365 -0.6781 -0.3675
vn -0.6033 -0.7950 -0.0634
vn -0.7309 -0.6781 -0.0768
vn -0.5769 -0.7950 0.1874
vn -0.6990 -0.6781 0.2271
vn -0.4508 -0.7950 0.4059
vn -0.5462 -0.6781 0.4918
vn -0.2467 -0.7950 0.5541
vn -0.2989 -0.6781 0.6714
vn -0.0000 -0.7950 0.6066
vn -0.0000 -0.6781 0.7350
vn 0.2467 -0.7950 0.5541
vn 0.2989 -0.6781 0.6714
vn 0.4508 -0.7950 0.4059
vn 0.5462 -0.6781 0.4918
vn 0.5769 -0.7950 0.1874
vn 0.6990 -0.6781 0.2271
vn 0.6033 -0.7950 -0.0634
vn 0.7309 -0.6781 -0.0768
vn 0.5253 -0.7950 -0.3033
vn 0.6365 -0.6781 -0.3675
vn 0.3565 -0.7950 -0.4907
vn 0.4320 -0.6781 -0.5946
vn -0.1776 -0.5200 -0.8355
vn -0.2079 -0.0000 -0.9781
vn -0.5878 -0.0000 -0.8090
vn -0.5021 -0.5200 -0.6910
vn 0.1776 -0.5200 -0.8355
vn 0.2079 -0.0000 -0.9781
vn -0.8660 -0.0000 -0.5000
vn -0.7397 -0.5200 -0.4271
vn -0.9945 -0.0000 -0.1045
vn -0.8495 -0.5200 -0.0893
vn -0.9511 -0.0000 0.3090
vn -0.8124 -0.5200 0.2640
vn -0.7431 -0.0000 0.6691
vn -0.6348 -0.5200 0.5715
vn -0.4067 -0.0000 0.9135
vn -0.3474 -0.5200 0.7803
vn -0.0000 -0.0000 1.0000
vn -0.0000 -0.5200 0.8542
vn 0.4067 -0.0000 0.9135
vn 0.3474 -0.5200 0.7803
vn 0.7431 -0.0000 0.6691
vn 0.6348 -0.5200 0.5715
vn 0.9511 -0.0000 0.3090
vn 0.8124 -0.5200 0.2639
vn 0.9945 -0.0000 -0.1045
vn 0.8495 -0.5200 -0.0893
vn 0.8660 -0.0000 -0.5000
vn 0.7397 -0.5200 -0.4271
vn 0.5878 -0.0000 -0.8090
vn 0.5021 -0.5200 -0.6910
vn -0.0977 -0.8828 -0.4595
vn -0.2761 -0.8828 -0.3800
vn 0.0977 -0.8828 -0.4595
vn -0.4068 -0.8828 -0.2349
vn -0.4672 -0.8828 -0.0491
vn -0.4467 -0.8828 0.1452
vn -0.3491 -0.8828 0.3143
vn -0.1911 -0.8828 0.4291
vn -0.0000 -0.8828 0.4697
vn 0.1911 -0.8828 0.4291
vn 0.3491 -0.8828 0.3143
vn 0.4467 -0.8828 0.1452
vn 0.4672 -0.8828 -0.0491
vn 0.4068 -0.8828 -0.2349
vn 0.2761 -0.8828 -0.3800
vn -0.0580 0.9603 -0.2728
vn 0.0580 0.9603 -0.2728
vn -0.1639 0.9603 -0.2256
vn -0.2415 0.9603 -0.1395
vn -0.2774 0.9603 -0.0292
vn -0.2653 0.9603 0.0862
vn -0.2073 0.9603 0.1866
vn -0.1134 0.9603 0.2548
vn -0.0000 0.9603 0.2789
vn 0.1134 0.9603 0.2548
vn 0.2073 0.9603 0.1866
vn 0.2653 0.9603 0.0862
vn 0.2774 0.9603 -0.0292
vn 0.2415 0.9603 -0.1395
vn 0.1639 0.9603 -0.2256
vn -0.0997 -0.8776 -0.4690
vn 0.0997 -0.8776 -0.4690
vn -0.2818 -0.8776 -0.3879
vn -0.4152 -0.8776 -0.2397
vn -0.4768 -0.8776 -0.0501
vn -0.4560 -0.8776 0.1482
vn -0.3563 -0.8776 0.3208
vn -0.1950 -0.8776 0.4380
vn -0.0000 -0.8776 0.4794
vn 0.1950 -0.8776 0.4380
vn 0.3563 -0.8776 0.3208
vn 0.4560 -0.8776 0.1482
vn 0.4768 -0.8776 -0.0501
vn 0.4152 -0.8776 -0.2397
vn 0.2818 -0.8776 -0.3879
vn 0.0808 -0.9214 0.3801
vn 0.1112 -0.8449 0.5232
vn -0.1112 -0.8449 0.5232
vn -0.0808 -0.9214 0.3801
vn 0.1450 -0.7165 0.6824
vn -0.1450 -0.7165 0.6824
vn 0.3144 -0.8449 0.4328
vn 0.4101 -0.7165 0.5644
vn 0.2284 -0.9214 0.3144
vn 0.4633 -0.8449 0.2675
vn 0.6042 -0.7165 0.3488
vn 0.3365 -0.9214 0.1943
vn 0.5320 -0.8449 0.0559
vn 0.6938 -0.7165 0.0729
vn 0.3865 -0.9214 0.0406
vn 0.5087 -0.8449 -0.1653
vn 0.6635 -0.7165 -0.2156
vn 0.3696 -0.9214 -0.1201
vn 0.3975 -0.8449 -0.3579
vn 0.5184 -0.7165 -0.4668
vn 0.2888 -0.9214 -0.2600
vn 0.2176 -0.8449 -0.4887
vn 0.2837 -0.7165 -0.6373
vn 0.1581 -0.9214 -0.3550
vn -0.0000 -0.8449 -0.5349
vn -0.0000 -0.7165 -0.6976
vn -0.0000 -0.9214 -0.3886
vn -0.2176 -0.8449 -0.4887
vn -0.2837 -0.7165 -0.6373
vn -0.1581 -0.9214 -0.3550
vn -0.3975 -0.8449 -0.3579
vn -0.5184 -0.7165 -0.4668
vn -0.2888 -0.9214 -0.2600
vn -0.5087 -0.8449 -0.1653
vn -0.6635 -0.7165 -0.2156
vn -0.3696 -0.9214 -0.1201
vn -0.5320 -0.8449 0.0559
vn -0.6938 -0.7165 0.0729
vn -0.3865 -0.9214 0.0406
vn -0.4633 -0.8449 0.2675
vn -0.6042 -0.7165 0.3488
vn -0.3365 -0.9214 0.1943
vn -0.3144 -0.8449 0.4328
vn -0.4101 -0.7165 0.5644
vn -0.2284 -0.9214 0.3144
vn 0.1789 -0.5095 0.8417
vn -0.1789 -0.5095 0.8417
vn 0.1984 -0.2998 0.9332
vn -0.1984 -0.2998 0.9332
vn 0.5058 -0.5095 0.6961
vn 0.5608 -0.2998 0.7718
vn 0.7452 -0.5095 0.4302
vn 0.8262 -0.2998 0.4770
vn 0.8558 -0.5095 0.0899
vn 0.9488 -0.2998 0.0997
vn 0.8184 -0.5095 -0.2659
vn 0.9073 -0.2998 -0.2948
vn 0.6395 -0.5095 -0.5758
vn 0.7090 -0.2998 -0.6384
vn 0.3500 -0.5095 -0.7861
vn 0.3880 -0.2998 -0.8715
vn -0.0000 -0.5095 -0.8605
vn -0.0000 -0.2998 -0.9540
vn -0.3500 -0.5095 -0.7861
vn -0.3880 -0.2998 -0.8715
vn -0.6395 -0.5095 -0.5758
vn -0.7090 -0.2998 -0.6384
vn -0.8184 -0.5095 -0.2659
vn -0.9073 -0.2998 -0.2948
vn -0.8558 -0.5095 0.0899
vn -0.9488 -0.2998 0.0997
vn -0.7452 -0.5095 0.4302
vn -0.8262 -0.2998 0.4770
vn -0.5058 -0.5095 0.6961
vn -0.5608 -0.2998 0.7718
vn 0.2068 -0.1012 0.9731
vn -0.2068 -0.1012 0.9731
vn 0.2068 0.1012 0.9731
vn -0.2068 0.1012 0.9731
vn 0.5848 -0.1012 0.8049
vn 0.5848 0.1012 0.8049
vn 0.8616 -0.1012 0.4974
vn 0.8616 0.1012 0.4974
vn 0.9894 -0.1012 0.1040
vn 0.9894 0.1012 0.1040
vn 0.9462 -0.1012 -0.3074
vn 0.9462 0.1012 -0.3074
vn 0.7393 -0.1012 -0.6657
vn 0.7393 0.1012 -0.6657
vn 0.4046 -0.1012 -0.9089
vn 0.4046 0.1012 -0.9089
vn -0.0000 -0.1012 -0.9949
vn -0.0000 0.1012 -0.9949
vn -0.4046 -0.1012 -0.9089
vn -0.4046 0.1012 -0.9089
vn -0.7393 -0.1012 -0.6657
vn -0.7393 0.1012 -0.6657
vn -0.9462 -0.1012 -0.3074
vn -0.9462 0.1012 -0.3074
vn -0.9894 -0.1012 0.1040
vn -0.9894 0.1012 0.1040
vn -0.8616 -0.1012 0.4974
vn -0.8616 0.1012 0.4974
vn -0.5848 -0.1012 0.8049
vn -0.5848 0.1012 0.8049
vn 0.1944 0.3552 0.9144
vn -0.1944 0.3552 0.9144
vn 0.1620 0.6268 0.7622
vn -0.1620 0.6268 0.7622
vn 0.5495 0.3552 0.7563
vn 0.4580 0.6268 0.6304
vn 0.8096 0.3552 0.4674
vn 0.6748 0.6268 0.3896
vn 0.9297 0.3552 0.0977
vn 0.7749 0.6268 0.0814
vn 0.8890 0.3552 -0.2889
vn 0.7411 0.6268 -0.2408
vn 0.6947 0.3552 -0.6255
vn 0.5791 0.6268 -0.5214
vn 0.3802 0.3552 -0.8540
vn 0.3169 0.6268 -0.7118
vn -0.0000 0.3552 -0.9348
vn -0.0000 0.6268 -0.7792
vn -0.3802 0.3552 -0.8540
vn -0.3169 0.6268 -0.7118
vn -0.6947 0.3552 -0.6255
vn -0.5791 0.6268 -0.5214
vn -0.8890 0.3552 -0.2889
vn -0.7411 0.6268 -0.2408
vn -0.9297 0.3552 0.0977
vn -0.7749 0.6268 0.0815
vn -0.8096 0.3552 0.4674
vn -0.6748 0.6268 0.3896
vn -0.5495 0.3552 0.7563
vn -0.4580 0.6268 0.6304
vn 0.1261 0.7951 0.5932
vn -0.1261 0.7951 0.5932
vn 0.3565 0.7951 0.4906
vn 0.5252 0.7951 0.3032
vn 0.6031 0.7951 0.0634
vn 0.5768 0.7951 -0.1874
vn 0.4507 0.7951 -0.4058
vn 0.2467 0.7951 -0.5540
vn -0.0000 0.7951 -0.6065
vn -0.2467 0.7951 -0.5540
vn -0.4507 0.7951 -0.4058
vn -0.5768 0.7951 -0.1874
vn -0.6031 0.7951 0.0634
vn -0.5252 0.7951 0.3032
vn -0.3565 0.7951 0.4906
vn 0.2079 0.0078 0.9781
vn 0.1805 0.4964 0.8491
vn 0.5102 0.4964 0.7023
vn 0.5878 0.0078 0.8090
vn -0.2079 0.0078 0.9781
vn -0.1805 0.4964 0.8491
vn 0.7518 0.4964 0.4340
vn 0.8660 0.0078 0.5000
vn 0.8633 0.4964 0.0907
vn 0.9945 0.0078 0.1045
vn 0.8256 0.4964 -0.2683
vn 0.9510 0.0078 -0.3090
vn 0.6451 0.4964 -0.5809
vn 0.7431 0.0078 -0.6691
vn 0.3531 0.4964 -0.7930
vn 0.4067 0.0078 -0.9135
vn -0.0000 0.4964 -0.8681
vn -0.0000 0.0078 -1.0000
vn -0.3531 0.4964 -0.7930
vn -0.4067 0.0078 -0.9135
vn -0.6451 0.4964 -0.5809
vn -0.7431 0.0078 -0.6691
vn -0.8256 0.4964 -0.2683
vn -0.9510 0.0078 -0.3090
vn -0.8633 0.4964 0.0907
vn -0.9945 0.0078 0.1045
vn -0.7518 0.4964 0.4340
vn -0.8660 0.0078 0.5000
vn -0.5103 0.4964 0.7023
vn -0.5878 0.0078 0.8090
vn 0.1019 0.8717 0.4794
vn 0.2881 0.8717 0.3965
vn -0.1019 0.8717 0.4794
vn 0.4244 0.8717 0.2450
vn 0.4874 0.8717 0.0512
vn 0.4661 0.8717 -0.1514
vn 0.3642 0.8717 -0.3279
vn 0.1993 0.8717 -0.4477
vn -0.0000 0.8717 -0.4901
vn -0.1993 0.8717 -0.4477
vn -0.3642 0.8717 -0.3279
vn -0.4661 0.8717 -0.1514
vn -0.4874 0.8717 0.0512
vn -0.4244 0.8717 0.2450
vn -0.2881 0.8717 0.3965
vn 0.0578 -0.9605 0.2721
vn -0.0578 -0.9605 0.2721
vn 0.1635 -0.9605 0.2250
vn 0.2409 -0.9605 0.1391
vn 0.2766 -0.9605 0.0291
vn 0.2645 -0.9605 -0.0860
vn 0.2067 -0.9605 -0.1861
vn 0.1131 -0.9605 -0.2541
vn -0.0000 -0.9605 -0.2782
vn -0.1131 -0.9605 -0.2541
vn -0.2067 -0.9605 -0.1861
vn -0.2645 -0.9605 -0.0860
vn -0.2766 -0.9605 0.0291
vn -0.2409 -0.9605 0.1391
vn -0.1635 -0.9605 0.2250
vn 0.0997 0.8775 0.4691
vn -0.0997 0.8775 0.4691
vn 0.2819 0.8775 0.3880
vn 0.4153 0.8775 0.2398
vn 0.4769 0.8775 0.0501
vn 0.4561 0.8775 -0.1482
vn 0.3564 0.8775 -0.3209
vn 0.1951 0.8775 -0.4381
vn -0.0000 0.8775 -0.4796
vn -0.1951 0.8775 -0.4381
vn -0.3564 0.8775 -0.3209
vn -0.4561 0.8775 -0.1482
vn -0.4770 0.8775 0.0501
vn -0.4153 0.8775 0.2398
vn -0.2819 0.8775 0.3880
vn -0.0000 -1.0000 -0.0000
vn 0.0001 -1.0000 -0.0000
vn 0.1968 0.3223 0.9259
vn -0.1968 0.3223 0.9259
vn 0.5564 0.3223 0.7659
vn 0.8198 0.3223 0.4733
vn 0.9414 0.3223 0.0989
vn 0.9003 0.3223 -0.2925
vn 0.7035 0.3223 -0.6334
vn 0.3850 0.3223 -0.8648
vn -0.0000 0.3223 -0.9466
vn -0.3850 0.3223 -0.8648
vn -0.7035 0.3223 -0.6334
vn -0.9003 0.3223 -0.2925
vn -0.9414 0.3223 0.0989
vn -0.8198 0.3223 0.4733
vn -0.5564 0.3223 0.7658
vn -0.0000 1.0000 -0.0000
vn -0.0001 1.0000 -0.0000
vn -0.0001 -1.0000 -0.0000
vt 0.816190 0.037619
vt 0.816207 0.034907
vt 0.765898 0.043459
vt 0.766810 0.046013
vt 0.721548 0.068702
vt 0.723279 0.070790
vt 0.688507 0.107591
vt 0.690847 0.108961
vt 0.670759 0.155436
vt 0.673426 0.155923
vt 0.670444 0.206465
vt 0.673118 0.206011
vt 0.687602 0.254524
vt 0.689959 0.253183
vt 0.720163 0.293817
vt 0.721919 0.291751
vt 0.764199 0.319604
vt 0.765142 0.317061
vt 0.814399 0.328774
vt 0.814415 0.326062
vt 0.864707 0.320222
vt 0.863796 0.317668
vt 0.909057 0.294980
vt 0.907327 0.292892
vt 0.942099 0.256091
vt 0.939758 0.254720
vt 0.959847 0.208246
vt 0.957179 0.207759
vt 0.960161 0.157216
vt 0.957487 0.157671
vt 0.943003 0.109157
vt 0.940646 0.110499
vt 0.910443 0.069864
vt 0.908687 0.071931
vt 0.866407 0.044078
vt 0.865464 0.046620
vt 0.966812 0.481291
vt 0.980629 0.481291
vt 0.980629 0.445862
vt 0.966812 0.445862
vt 0.980629 0.410520
vt 0.966812 0.410520
vt 0.980629 0.375102
vt 0.966812 0.375102
vt 0.980629 0.339653
vt 0.966812 0.339653
vt 0.980629 0.304211
vt 0.966812 0.304211
vt 0.980629 0.268771
vt 0.966812 0.268771
vt 0.980629 0.233331
vt 0.966812 0.233331
vt 0.980629 0.197839
vt 0.966812 0.197839
vt 0.980629 0.162214
vt 0.966812 0.162214
vt 0.980629 0.126378
vt 0.966812 0.126378
vt 0.980629 0.090972
vt 0.966812 0.090972
vt 0.980629 0.056080
vt 0.966812 0.056080
vt 0.980629 0.021941
vt 0.966812 0.021941
vt 0.966812 0.658087
vt 0.980629 0.658087
vt 0.980629 0.620489
vt 0.966812 0.620489
vt 0.980629 0.585348
vt 0.966812 0.585348
vt 0.980629 0.550431
vt 0.966812 0.550431
vt 0.980629 0.515916
vt 0.966812 0.515916
vt 0.990784 0.481291
vt 0.990784 0.445862
vt 0.990784 0.410520
vt 0.990784 0.375102
vt 0.990784 0.339653
vt 0.990784 0.304211
vt 0.990784 0.268771
vt 0.990784 0.233331
vt 0.990784 0.197839
vt 0.990784 0.162214
vt 0.990784 0.126378
vt 0.990784 0.090972
vt 0.990784 0.056080
vt 0.990784 0.021941
vt 0.990784 0.658087
vt 0.990784 0.620489
vt 0.990784 0.585348
vt 0.990784 0.550431
vt 0.990784 0.515916
vt 0.994531 0.481291
vt 0.994531 0.445862
vt 0.994531 0.410520
vt 0.994531 0.375102
vt 0.994531 0.339653
vt 0.994531 0.304211
vt 0.994531 0.268771
vt 0.994531 0.233331
vt 0.994531 0.197839
vt 0.994531 0.162214
vt 0.994531 0.126378
vt 0.994531 0.090972
vt 0.994531 0.056080
vt 0.994531 0.021941
vt 0.994531 0.658087
vt 0.994531 0.620489
vt 0.994531 0.585348
vt 0.994531 0.550431
vt 0.994531 0.515916
vt 0.568001 0.998549
vt 0.601880 0.998549
vt 0.601880 0.990083
vt 0.568001 0.990083
vt 0.238899 0.277116
vt 0.249528 0.269445
vt 0.270039 0.288939
vt 0.262383 0.299884
vt 0.224619 0.248073
vt 0.237262 0.244710
vt 0.221926 0.215500
vt 0.235247 0.217218
vt 0.232369 0.183212
vt 0.244629 0.190235
vt 0.255765 0.155984
vt 0.265015 0.167588
vt 0.288952 0.138088
vt 0.293809 0.152699
vt 0.327254 0.132145
vt 0.327044 0.147747
vt 0.365414 0.138983
vt 0.360164 0.153433
vt 0.398179 0.157662
vt 0.388626 0.168956
vt 0.420909 0.185422
vt 0.408503 0.192031
vt 0.430600 0.217823
vt 0.417299 0.219141
vt 0.427228 0.250209
vt 0.414726 0.246506
vt 0.412395 0.278847
vt 0.401988 0.270916
vt 0.388521 0.301018
vt 0.381139 0.289935
vt 0.358466 0.314883
vt 0.354706 0.301878
vt 0.325345 0.319359
vt 0.325479 0.305765
vt 0.292286 0.314295
vt 0.296308 0.301363
vt 0.261336 0.260641
vt 0.278595 0.276333
vt 0.251173 0.240895
vt 0.249735 0.219204
vt 0.257828 0.198186
vt 0.274972 0.180703
vt 0.299055 0.169261
vt 0.326832 0.165497
vt 0.354523 0.169943
vt 0.378358 0.181969
vt 0.395124 0.199837
vt 0.402782 0.220964
vt 0.400924 0.242525
vt 0.390404 0.261968
vt 0.372881 0.277244
vt 0.350495 0.286887
vt 0.325651 0.290030
vt 0.300845 0.286414
vt 0.244458 0.325211
vt 0.213848 0.295365
vt 0.194440 0.256684
vt 0.189597 0.212413
vt 0.202093 0.167450
vt 0.232749 0.129059
vt 0.276708 0.103867
vt 0.327438 0.095441
vt 0.378006 0.104841
vt 0.421478 0.130901
vt 0.451332 0.169909
vt 0.462923 0.214969
vt 0.457290 0.259028
vt 0.437225 0.297282
vt 0.406081 0.326540
vt 0.367456 0.344723
vt 0.325079 0.350630
vt 0.282795 0.344013
vt 0.265304 0.257555
vt 0.281482 0.271883
vt 0.255819 0.239590
vt 0.254534 0.219951
vt 0.262168 0.201015
vt 0.278231 0.185322
vt 0.300769 0.175075
vt 0.326762 0.171721
vt 0.352679 0.175731
vt 0.375000 0.186538
vt 0.390734 0.202598
vt 0.397983 0.221640
vt 0.396321 0.241157
vt 0.386509 0.258830
vt 0.370084 0.272762
vt 0.349056 0.281573
vt 0.325705 0.284450
vt 0.302382 0.281114
vt 0.271416 0.252643
vt 0.285956 0.264790
vt 0.262920 0.237520
vt 0.261805 0.221142
vt 0.268684 0.205509
vt 0.283097 0.192657
vt 0.303305 0.184312
vt 0.326614 0.181618
vt 0.349869 0.184945
vt 0.369923 0.193828
vt 0.384105 0.207029
vt 0.390707 0.222758
vt 0.389306 0.239009
vt 0.380549 0.253848
vt 0.365801 0.265621
vt 0.346865 0.273093
vt 0.325795 0.275528
vt 0.304764 0.272660
vt 0.230647 0.344784
vt 0.194294 0.309720
vt 0.170551 0.263866
vt 0.163426 0.210587
vt 0.176906 0.155208
vt 0.213865 0.107612
vt 0.266836 0.076690
vt 0.327714 0.066399
vt 0.388403 0.077843
vt 0.440798 0.109822
vt 0.476719 0.158248
vt 0.489044 0.213625
vt 0.480993 0.266613
vt 0.456492 0.311960
vt 0.419559 0.346351
vt 0.374293 0.367628
vt 0.324879 0.374560
vt 0.275575 0.366811
vt 0.211172 0.372819
vt 0.166539 0.330822
vt 0.136155 0.275340
vt 0.124748 0.209554
vt 0.138073 0.138226
vt 0.185168 0.075951
vt 0.251980 0.036684
vt 0.327973 0.023745
vt 0.403727 0.038000
vt 0.469836 0.078416
vt 0.515827 0.141489
vt 0.527897 0.213020
vt 0.515336 0.278579
vt 0.483980 0.333507
vt 0.438619 0.374715
vt 0.383922 0.400066
vt 0.324606 0.408310
vt 0.265435 0.399083
vt 0.201265 0.387225
vt 0.152368 0.341808
vt 0.118464 0.281566
vt 0.104499 0.209565
vt 0.116108 0.129427
vt 0.170082 0.059098
vt 0.244315 0.015743
vt 0.328166 0.001527
vt 0.411753 0.017197
vt 0.485211 0.061832
vt 0.537936 0.133077
vt 0.548138 0.213387
vt 0.532910 0.285115
vt 0.497954 0.344739
vt 0.448278 0.389289
vt 0.388793 0.416637
vt 0.324463 0.425522
vt 0.260288 0.415571
vt 0.698149 0.776158
vt 0.698149 0.710095
vt 0.712713 0.710095
vt 0.712713 0.776158
vt 0.727146 0.710095
vt 0.727146 0.776158
vt 0.741652 0.710095
vt 0.741652 0.776158
vt 0.756268 0.710095
vt 0.756268 0.776158
vt 0.770969 0.710095
vt 0.770969 0.776158
vt 0.785697 0.710095
vt 0.785697 0.776158
vt 0.800422 0.710095
vt 0.800422 0.776158
vt 0.815210 0.710095
vt 0.815210 0.776158
vt 0.830225 0.710095
vt 0.830225 0.776158
vt 0.845690 0.710095
vt 0.845690 0.776158
vt 0.861804 0.710095
vt 0.861804 0.776158
vt 0.878566 0.710095
vt 0.878566 0.776158
vt 0.893149 0.710095
vt 0.893149 0.776158
vt 0.622250 0.776158
vt 0.622250 0.710095
vt 0.636380 0.710095
vt 0.636380 0.776158
vt 0.652713 0.710095
vt 0.652713 0.776158
vt 0.668378 0.710095
vt 0.668378 0.776158
vt 0.683465 0.710095
vt 0.683465 0.776158
vt 0.665084 0.168237
vt 0.662718 0.168237
vt 0.662718 0.151898
vt 0.665084 0.151898
vt 0.665084 0.184576
vt 0.662718 0.184576
vt 0.665084 0.200915
vt 0.662718 0.200915
vt 0.665084 0.217255
vt 0.662718 0.217255
vt 0.665084 0.233594
vt 0.662718 0.233594
vt 0.665084 0.250009
vt 0.662718 0.250009
vt 0.665084 0.119221
vt 0.662718 0.119221
vt 0.662718 0.102908
vt 0.665084 0.102908
vt 0.665084 0.135560
vt 0.662718 0.135560
vt 0.844341 0.340813
vt 0.861574 0.340813
vt 0.861574 0.351060
vt 0.844341 0.351060
vt 0.879754 0.340813
vt 0.879754 0.351060
vt 0.899012 0.340813
vt 0.899012 0.351060
vt 0.921257 0.340813
vt 0.921257 0.351060
vt 0.942473 0.340813
vt 0.942473 0.351060
vt 0.961433 0.340813
vt 0.961433 0.351060
vt 0.800485 0.340813
vt 0.813268 0.340813
vt 0.813268 0.351060
vt 0.800485 0.351060
vt 0.828650 0.340813
vt 0.828650 0.351060
vt 0.853673 0.211912
vt 0.843037 0.213720
vt 0.847440 0.207434
vt 0.833661 0.219056
vt 0.826008 0.219633
vt 0.826676 0.227278
vt 0.822923 0.237392
vt 0.817432 0.242753
vt 0.822857 0.248181
vt 0.826485 0.258341
vt 0.825723 0.265977
vt 0.833368 0.266647
vt 0.842678 0.272099
vt 0.847003 0.278438
vt 0.853290 0.274038
vt 0.863926 0.272230
vt 0.871314 0.274306
vt 0.873302 0.266893
vt 0.880287 0.258672
vt 0.887281 0.255513
vt 0.884039 0.248557
vt 0.884106 0.237769
vt 0.887433 0.230853
vt 0.880478 0.227609
vt 0.873595 0.219302
vt 0.871698 0.211866
vt 0.864285 0.213850
vt 0.828650 0.338986
vt 0.844341 0.338986
vt 0.813268 0.338986
vt 0.800485 0.338986
vt 0.942473 0.338986
vt 0.961433 0.338986
vt 0.921257 0.338986
vt 0.899012 0.338986
vt 0.879754 0.338986
vt 0.861574 0.338986
vt 0.861574 0.357994
vt 0.844341 0.357994
vt 0.879754 0.357994
vt 0.899012 0.357994
vt 0.921257 0.357994
vt 0.942473 0.357994
vt 0.961433 0.357994
vt 0.813268 0.357994
vt 0.800485 0.357994
vt 0.828650 0.357994
vt 0.844341 0.360235
vt 0.861574 0.360235
vt 0.861574 0.362301
vt 0.844341 0.362301
vt 0.879754 0.360235
vt 0.879754 0.362301
vt 0.899012 0.360235
vt 0.899012 0.362301
vt 0.921257 0.360235
vt 0.921257 0.362301
vt 0.942473 0.360235
vt 0.942473 0.362301
vt 0.961433 0.360235
vt 0.961433 0.362301
vt 0.800485 0.360235
vt 0.813268 0.360235
vt 0.813268 0.362301
vt 0.800485 0.362301
vt 0.828650 0.360235
vt 0.828650 0.362301
vt 0.861574 0.364158
vt 0.844341 0.364158
vt 0.879754 0.364158
vt 0.899012 0.364158
vt 0.921257 0.364158
vt 0.942473 0.364158
vt 0.961433 0.364158
vt 0.813268 0.364158
vt 0.800485 0.364158
vt 0.828650 0.364158
vt 0.861574 0.395702
vt 0.844341 0.395702
vt 0.844341 0.381187
vt 0.861574 0.381187
vt 0.879754 0.395702
vt 0.879754 0.381187
vt 0.899012 0.395702
vt 0.899012 0.381187
vt 0.921257 0.395702
vt 0.921257 0.381187
vt 0.942473 0.395702
vt 0.942473 0.381187
vt 0.961433 0.395702
vt 0.961433 0.381187
vt 0.813268 0.395702
vt 0.800485 0.395702
vt 0.800485 0.381187
vt 0.813268 0.381187
vt 0.828650 0.395702
vt 0.828650 0.381187
vt 0.861574 0.410170
vt 0.844341 0.410170
vt 0.879754 0.410170
vt 0.899012 0.410170
vt 0.921257 0.410170
vt 0.942473 0.410170
vt 0.961433 0.410170
vt 0.813268 0.410170
vt 0.800485 0.410170
vt 0.828650 0.410170
vt 0.435809 0.551609
vt 0.391835 0.567982
vt 0.387153 0.541616
vt 0.434036 0.541159
vt 0.441088 0.560749
vt 0.405301 0.591100
vt 0.449224 0.567586
vt 0.425799 0.608248
vt 0.459101 0.571254
vt 0.450926 0.617427
vt 0.469520 0.571251
vt 0.477711 0.617426
vt 0.479374 0.567575
vt 0.502817 0.608226
vt 0.487473 0.560728
vt 0.523279 0.591056
vt 0.492704 0.551578
vt 0.536688 0.567912
vt 0.494433 0.541114
vt 0.541311 0.541536
vt 0.492676 0.530777
vt 0.536827 0.515074
vt 0.487450 0.521881
vt 0.523380 0.491798
vt 0.479310 0.515215
vt 0.502783 0.474613
vt 0.469381 0.511583
vt 0.477574 0.465431
vt 0.458911 0.511579
vt 0.450697 0.465430
vt 0.449011 0.515204
vt 0.425503 0.474632
vt 0.440940 0.521807
vt 0.404918 0.491862
vt 0.435806 0.530757
vt 0.391585 0.515185
vt 0.358747 0.580020
vt 0.351947 0.541637
vt 0.378331 0.613754
vt 0.408219 0.638774
vt 0.444846 0.652091
vt 0.483828 0.652083
vt 0.520450 0.638720
vt 0.550300 0.613649
vt 0.569803 0.579872
vt 0.576508 0.541471
vt 0.569842 0.503037
vt 0.550301 0.469208
vt 0.520356 0.444131
vt 0.483649 0.430799
vt 0.444586 0.430808
vt 0.407884 0.444191
vt 0.377976 0.469325
vt 0.358525 0.503201
vt 0.336386 0.588221
vt 0.328098 0.541697
vt 0.360098 0.629098
vt 0.396322 0.659425
vt 0.440725 0.675561
vt 0.487980 0.675544
vt 0.532377 0.659350
vt 0.568564 0.628954
vt 0.592189 0.588012
vt 0.600354 0.541462
vt 0.592208 0.494882
vt 0.568534 0.453894
vt 0.532252 0.423497
vt 0.487768 0.407340
vt 0.440435 0.407360
vt 0.395958 0.423579
vt 0.359716 0.454049
vt 0.336135 0.495098
vt 0.029450 0.488156
vt 0.037453 0.488156
vt 0.037453 0.524901
vt 0.029450 0.524901
vt 0.029450 0.451419
vt 0.037453 0.451419
vt 0.029450 0.414698
vt 0.037453 0.414698
vt 0.029450 0.377993
vt 0.037453 0.377993
vt 0.029450 0.341299
vt 0.037453 0.341299
vt 0.029450 0.304605
vt 0.037453 0.304605
vt 0.029450 0.267908
vt 0.037453 0.267908
vt 0.029450 0.231213
vt 0.037453 0.231213
vt 0.029450 0.194524
vt 0.037453 0.194524
vt 0.029450 0.157835
vt 0.037453 0.157835
vt 0.029450 0.121138
vt 0.037453 0.121138
vt 0.029450 0.084429
vt 0.037453 0.084429
vt 0.029450 0.047713
vt 0.037453 0.047713
vt 0.029450 0.671959
vt 0.037453 0.671959
vt 0.037453 0.708725
vt 0.029450 0.708725
vt 0.029450 0.635191
vt 0.037453 0.635191
vt 0.029450 0.598422
vt 0.037453 0.598422
vt 0.029450 0.561657
vt 0.037453 0.561657
vt 0.314681 0.584870
vt 0.294285 0.577469
vt 0.301160 0.537338
vt 0.322918 0.537337
vt 0.290598 0.626739
vt 0.273951 0.612808
vt 0.253644 0.657870
vt 0.242767 0.639090
vt 0.208242 0.674495
vt 0.204461 0.653138
vt 0.159876 0.674502
vt 0.163648 0.653142
vt 0.114469 0.657900
vt 0.125337 0.639114
vt 0.077501 0.626784
vt 0.094143 0.612847
vt 0.053403 0.584923
vt 0.073795 0.577515
vt 0.045153 0.537391
vt 0.066910 0.537385
vt 0.053376 0.489853
vt 0.073771 0.497250
vt 0.077459 0.447977
vt 0.094102 0.461908
vt 0.114429 0.416858
vt 0.125300 0.435642
vt 0.159834 0.400259
vt 0.163612 0.421620
vt 0.208189 0.400252
vt 0.204420 0.421616
vt 0.253600 0.416828
vt 0.242737 0.435617
vt 0.290584 0.447931
vt 0.273947 0.461869
vt 0.314683 0.489799
vt 0.294291 0.497204
vt 0.527971 0.724721
vt 0.487569 0.724721
vt 0.487569 0.704317
vt 0.527971 0.704317
vt 0.204715 0.724721
vt 0.164268 0.724721
vt 0.164268 0.704317
vt 0.204715 0.704317
vt 0.245136 0.724721
vt 0.245136 0.704317
vt 0.285517 0.724721
vt 0.285517 0.704317
vt 0.325878 0.724721
vt 0.325878 0.704317
vt 0.366264 0.724721
vt 0.366264 0.704317
vt 0.406688 0.724721
vt 0.406688 0.704317
vt 0.447138 0.724721
vt 0.447138 0.704317
vt 0.816162 0.059825
vt 0.773477 0.066849
vt 0.772314 0.063492
vt 0.816184 0.056272
vt 0.735601 0.087734
vt 0.733374 0.084966
vt 0.707093 0.120248
vt 0.704051 0.118413
vt 0.691644 0.160624
vt 0.688152 0.159967
vt 0.691380 0.203850
vt 0.687881 0.204464
vt 0.706335 0.244413
vt 0.703271 0.246210
vt 0.734445 0.277274
vt 0.732184 0.280015
vt 0.772065 0.298622
vt 0.770861 0.301964
vt 0.814664 0.306170
vt 0.814642 0.309722
vt 0.857353 0.299148
vt 0.858516 0.302505
vt 0.895232 0.278265
vt 0.897459 0.281033
vt 0.923743 0.245753
vt 0.926785 0.247588
vt 0.939198 0.205360
vt 0.942683 0.206053
vt 0.939165 0.205383
vt 0.939434 0.162139
vt 0.942933 0.161526
vt 0.942663 0.206003
vt 0.924481 0.121577
vt 0.927546 0.119780
vt 0.896375 0.088717
vt 0.898635 0.085977
vt 0.858758 0.067370
vt 0.859962 0.064028
vt 0.860216 0.059784
vt 0.814836 0.051729
vt 0.814877 0.045232
vt 0.862420 0.053673
vt 0.769360 0.059221
vt 0.767231 0.053083
vt 0.729025 0.081494
vt 0.724949 0.076435
vt 0.698686 0.116146
vt 0.693121 0.112794
vt 0.682253 0.159152
vt 0.675869 0.157953
vt 0.681976 0.205214
vt 0.675566 0.206271
vt 0.681913 0.205165
vt 0.697822 0.248403
vt 0.692216 0.251685
vt 0.675525 0.206349
vt 0.727733 0.283426
vt 0.723596 0.288434
vt 0.767795 0.306194
vt 0.765590 0.312305
vt 0.813179 0.314247
vt 0.813139 0.320743
vt 0.858660 0.306753
vt 0.860790 0.312890
vt 0.899002 0.284478
vt 0.903077 0.289537
vt 0.929346 0.249825
vt 0.934911 0.253176
vt 0.945785 0.206818
vt 0.952169 0.208016
vt 0.946075 0.160786
vt 0.952473 0.159666
vt 0.930178 0.117579
vt 0.935783 0.114297
vt 0.900272 0.082554
vt 0.904409 0.077546
vt 0.844341 0.418608
vt 0.836013 0.418608
vt 0.853847 0.418608
vt 0.861574 0.418608
vt 0.873641 0.418608
vt 0.879754 0.418608
vt 0.893681 0.418608
vt 0.899012 0.418608
vt 0.914612 0.418608
vt 0.921257 0.418608
vt 0.935934 0.418608
vt 0.956865 0.418608
vt 0.942473 0.418608
vt 0.961433 0.418608
vt 0.803573 0.418608
vt 0.800485 0.418608
vt 0.813268 0.418608
vt 0.821200 0.418608
vt 0.828650 0.418608
vt 0.279079 0.537342
vt 0.273650 0.569942
vt 0.257104 0.598703
vt 0.231776 0.620068
vt 0.200659 0.631552
vt 0.167441 0.631554
vt 0.136320 0.620086
vt 0.110984 0.598734
vt 0.094426 0.569980
vt 0.088992 0.537380
vt 0.094401 0.504776
vt 0.110940 0.476009
vt 0.136287 0.454663
vt 0.167415 0.443217
vt 0.200626 0.443214
vt 0.231758 0.454645
vt 0.257114 0.475977
vt 0.273665 0.504738
vt 0.239666 0.557795
vt 0.243038 0.537345
vt 0.239708 0.516912
vt 0.229433 0.499053
vt 0.213649 0.485782
vt 0.194293 0.478679
vt 0.173757 0.478681
vt 0.154405 0.485794
vt 0.138629 0.499075
vt 0.128360 0.516942
vt 0.125033 0.537377
vt 0.128407 0.557825
vt 0.138689 0.575629
vt 0.154433 0.588919
vt 0.173723 0.596136
vt 0.194367 0.596134
vt 0.213654 0.588908
vt 0.229392 0.575608
vt 0.221074 0.543982
vt 0.208181 0.566509
vt 0.184044 0.575656
vt 0.159901 0.566520
vt 0.146996 0.544008
vt 0.151354 0.518283
vt 0.171114 0.501575
vt 0.196943 0.501570
vt 0.216714 0.518261
vt 0.527971 0.745571
vt 0.487569 0.745571
vt 0.204715 0.745571
vt 0.164268 0.745571
vt 0.245136 0.745571
vt 0.285517 0.745571
vt 0.325878 0.745571
vt 0.366264 0.745571
vt 0.406688 0.745571
vt 0.447138 0.745571
vt 0.846186 0.200939
vt 0.820750 0.215289
vt 0.815415 0.210726
vt 0.845017 0.194017
vt 0.810521 0.242625
vt 0.803501 0.242582
vt 0.820414 0.270085
vt 0.815024 0.274581
vt 0.845673 0.284745
vt 0.844420 0.291652
vt 0.874479 0.279894
vt 0.877934 0.286005
vt 0.893487 0.257713
vt 0.900051 0.260200
vt 0.893470 0.257741
vt 0.893656 0.228542
vt 0.900262 0.226167
vt 0.900058 0.260164
vt 0.874929 0.206144
vt 0.878459 0.200076
vt 0.907250 0.136524
vt 0.907145 0.153529
vt 0.910421 0.153549
vt 0.910525 0.136545
vt 0.906949 0.185487
vt 0.910224 0.185507
vt 0.906752 0.217446
vt 0.910027 0.217466
vt 0.906647 0.234450
vt 0.909923 0.234470
vt 0.906684 0.228545
vt 0.909959 0.228565
vt 0.906844 0.202492
vt 0.910119 0.202512
vt 0.907053 0.168483
vt 0.910329 0.168503
vt 0.907214 0.142430
vt 0.910489 0.142450
vt 0.727146 0.658321
vt 0.712713 0.658321
vt 0.712713 0.631237
vt 0.727146 0.631237
vt 0.741652 0.658321
vt 0.741652 0.631237
vt 0.756268 0.658321
vt 0.756268 0.631237
vt 0.770969 0.658321
vt 0.770969 0.631237
vt 0.785697 0.631237
vt 0.785697 0.658321
vt 0.800422 0.631237
vt 0.800422 0.658321
vt 0.815210 0.631237
vt 0.815210 0.658321
vt 0.830225 0.631237
vt 0.830225 0.658321
vt 0.845690 0.658321
vt 0.845690 0.631237
vt 0.861804 0.658321
vt 0.861804 0.631237
vt 0.878566 0.658321
vt 0.878566 0.631237
vt 0.893149 0.658321
vt 0.893149 0.631237
vt 0.636380 0.658321
vt 0.622250 0.658321
vt 0.622250 0.631237
vt 0.636380 0.631237
vt 0.652713 0.631237
vt 0.652713 0.658321
vt 0.668378 0.631237
vt 0.668378 0.658321
vt 0.683465 0.631237
vt 0.683465 0.658321
vt 0.698149 0.631237
vt 0.698149 0.658321
vt 0.712713 0.607795
vt 0.727146 0.607795
vt 0.741652 0.607795
vt 0.756268 0.607795
vt 0.770969 0.607795
vt 0.785697 0.607795
vt 0.800422 0.607795
vt 0.815210 0.607795
vt 0.830225 0.607795
vt 0.845690 0.607795
vt 0.861804 0.607795
vt 0.878566 0.607795
vt 0.893149 0.607795
vt 0.622250 0.607795
vt 0.636380 0.607795
vt 0.652713 0.607795
vt 0.668378 0.607795
vt 0.683465 0.607795
vt 0.698149 0.607795
vt 0.894033 0.097048
vt 0.885615 0.104189
vt 0.862399 0.091078
vt 0.864434 0.080221
vt 0.905841 0.129114
vt 0.894806 0.129054
vt 0.893686 0.161051
vt 0.885347 0.153817
vt 0.863895 0.177547
vt 0.861988 0.166666
vt 0.830207 0.172065
vt 0.835690 0.162491
vt 0.808433 0.145649
vt 0.818836 0.141951
vt 0.808639 0.111484
vt 0.819001 0.115298
vt 0.830681 0.085292
vt 0.836056 0.094927
vt 0.656814 0.158496
vt 0.650218 0.159004
vt 0.650218 0.152666
vt 0.656814 0.171101
vt 0.650218 0.165946
vt 0.650218 0.173341
vt 0.656814 0.185050
vt 0.650218 0.181023
vt 0.650218 0.188825
vt 0.656814 0.199119
vt 0.650218 0.196575
vt 0.650218 0.204102
vt 0.656814 0.212076
vt 0.650218 0.211240
vt 0.650218 0.217830
vt 0.656814 0.222780
vt 0.650218 0.223726
vt 0.650218 0.228798
vt 0.656814 0.239182
vt 0.650218 0.232934
vt 0.650218 0.239182
vt 0.656814 0.141516
vt 0.650218 0.135878
vt 0.650218 0.134616
vt 0.656814 0.134616
vt 0.650218 0.138585
vt 0.656814 0.148340
vt 0.650218 0.142344
vt 0.650218 0.147073
vt 0.624049 0.375923
vt 0.619149 0.393097
vt 0.601282 0.391246
vt 0.607893 0.368071
vt 0.620426 0.410909
vt 0.603004 0.415285
vt 0.627725 0.427210
vt 0.612849 0.437282
vt 0.640162 0.440032
vt 0.629626 0.454586
vt 0.656234 0.447831
vt 0.651308 0.465112
vt 0.674004 0.449672
vt 0.675282 0.467595
vt 0.691333 0.445333
vt 0.698662 0.461737
vt 0.706133 0.435333
vt 0.718629 0.448239
vt 0.716617 0.420873
vt 0.732773 0.428726
vt 0.721516 0.403700
vt 0.739383 0.405550
vt 0.720238 0.385887
vt 0.737661 0.381512
vt 0.712939 0.369586
vt 0.727815 0.359513
vt 0.700503 0.356763
vt 0.711039 0.342209
vt 0.684431 0.348963
vt 0.689357 0.331683
vt 0.666661 0.347122
vt 0.665382 0.329199
vt 0.649332 0.351462
vt 0.642003 0.335058
vt 0.634533 0.361464
vt 0.622036 0.348557
vt 0.574056 0.388427
vt 0.583274 0.356106
vt 0.576455 0.421950
vt 0.590181 0.452628
vt 0.613572 0.476761
vt 0.643803 0.491441
vt 0.677231 0.494903
vt 0.709830 0.486732
vt 0.737671 0.467905
vt 0.757392 0.440690
vt 0.766610 0.408370
vt 0.764209 0.374846
vt 0.750484 0.344167
vt 0.727093 0.320035
vt 0.696861 0.305354
vt 0.663433 0.301891
vt 0.630834 0.310064
vt 0.602994 0.328891
vt 0.632257 0.379914
vt 0.628227 0.394037
vt 0.629278 0.408685
vt 0.635282 0.422091
vt 0.645513 0.432636
vt 0.658735 0.439051
vt 0.673355 0.440566
vt 0.687612 0.436998
vt 0.699786 0.428773
vt 0.708409 0.416883
vt 0.712438 0.402760
vt 0.711387 0.388111
vt 0.705383 0.374705
vt 0.695152 0.364159
vt 0.681929 0.357743
vt 0.667310 0.356228
vt 0.653054 0.359797
vt 0.640880 0.368023
vt 0.558047 0.386769
vt 0.568799 0.349071
vt 0.560846 0.425870
vt 0.576853 0.461652
vt 0.604133 0.489798
vt 0.639391 0.506920
vt 0.678377 0.510959
vt 0.716396 0.501427
vt 0.748866 0.479468
vt 0.771867 0.447726
vt 0.782618 0.410027
vt 0.779819 0.370926
vt 0.763811 0.335144
vt 0.736532 0.306997
vt 0.701274 0.289874
vt 0.662287 0.285836
vt 0.624268 0.295369
vt 0.591799 0.317328
vt 0.771521 0.131394
vt 0.771521 0.121961
vt 0.777105 0.121961
vt 0.777105 0.131394
vt 0.771521 0.112680
vt 0.777105 0.112680
vt 0.771521 0.103649
vt 0.777105 0.103649
vt 0.771521 0.094861
vt 0.777105 0.094861
vt 0.771521 0.086244
vt 0.777105 0.086141
vt 0.771521 0.249785
vt 0.771521 0.240970
vt 0.777105 0.240970
vt 0.777105 0.249785
vt 0.771521 0.231609
vt 0.777105 0.231609
vt 0.771521 0.222662
vt 0.777105 0.222662
vt 0.771521 0.212903
vt 0.777105 0.212903
vt 0.771521 0.203799
vt 0.777105 0.203799
vt 0.771521 0.194521
vt 0.777105 0.194521
vt 0.771521 0.185486
vt 0.777105 0.185486
vt 0.771521 0.176669
vt 0.777105 0.176669
vt 0.771521 0.167943
vt 0.777105 0.167943
vt 0.771521 0.159130
vt 0.777105 0.159130
vt 0.771521 0.150099
vt 0.777105 0.150099
vt 0.771521 0.140825
vt 0.777105 0.140825
vt 0.763604 0.109906
vt 0.768189 0.117962
vt 0.769743 0.127100
vt 0.768077 0.136219
vt 0.763393 0.144218
vt 0.756256 0.150132
vt 0.747526 0.153249
vt 0.738256 0.153192
vt 0.729566 0.149968
vt 0.722502 0.143966
vt 0.717916 0.135910
vt 0.716363 0.126772
vt 0.718029 0.117653
vt 0.722713 0.109654
vt 0.729850 0.103740
vt 0.738580 0.100623
vt 0.747849 0.100680
vt 0.756540 0.103904
vt 0.756936 0.158048
vt 0.764000 0.164050
vt 0.768585 0.172106
vt 0.770139 0.181244
vt 0.768473 0.190363
vt 0.763789 0.198362
vt 0.756652 0.204276
vt 0.747922 0.207393
vt 0.738653 0.207336
vt 0.729962 0.204112
vt 0.722898 0.198110
vt 0.718313 0.190054
vt 0.716759 0.180916
vt 0.718425 0.171797
vt 0.723109 0.163798
vt 0.730246 0.157884
vt 0.738976 0.154767
vt 0.748245 0.154824
vt 0.795239 0.203945
vt 0.795239 0.203938
vt 0.795751 0.120842
vt 0.795750 0.120865
vt 0.796821 0.120872
vt 0.796310 0.203968
vt 0.795751 0.120849
vt 0.795239 0.203961
vt 0.797396 0.203975
vt 0.800107 0.120892
vt 0.801210 0.120899
vt 0.800699 0.203995
vt 0.797907 0.120879
vt 0.799596 0.203988
vt 0.784370 0.203768
vt 0.783273 0.203761
vt 0.783784 0.120665
vt 0.787038 0.120685
vt 0.787038 0.120693
vt 0.786527 0.203790
vt 0.784881 0.120672
vt 0.786527 0.203781
vt 0.786527 0.203797
vt 0.787038 0.120717
vt 0.787038 0.120725
vt 0.786526 0.203821
vt 0.787038 0.120701
vt 0.786527 0.203813
vt 0.786526 0.203828
vt 0.787037 0.120749
vt 0.788108 0.120755
vt 0.787597 0.203851
vt 0.787037 0.120732
vt 0.786526 0.203845
vt 0.788683 0.203858
vt 0.791394 0.120775
vt 0.792497 0.120782
vt 0.791986 0.203878
vt 0.789194 0.120762
vt 0.790883 0.203871
vt 0.793083 0.203885
vt 0.795751 0.120802
vt 0.795751 0.120810
vt 0.795240 0.203906
vt 0.793594 0.120789
vt 0.795240 0.203898
vt 0.795239 0.203914
vt 0.795751 0.120818
vt 0.795751 0.120834
vt 0.795239 0.203930
vt 0.271920 0.980859
vt 0.271920 0.992499
vt 0.236475 0.992499
vt 0.236475 0.980859
vt 0.271920 0.963141
vt 0.236475 0.963141
vt 0.306660 0.963141
vt 0.306660 0.980859
vt 0.306661 0.992499
vt 0.340029 0.963141
vt 0.340029 0.980859
vt 0.340029 0.992499
vt 0.371357 0.963141
vt 0.371357 0.980859
vt 0.371358 0.992499
vt 0.400072 0.963141
vt 0.400072 0.980859
vt 0.400072 0.992499
vt 0.425946 0.963141
vt 0.425946 0.980859
vt 0.425946 0.992499
vt 0.452047 0.963141
vt 0.452047 0.980859
vt 0.452047 0.992499
vt 0.003832 0.980859
vt 0.003832 0.963141
vt 0.019598 0.963141
vt 0.019598 0.980859
vt 0.003832 0.992499
vt 0.019598 0.992499
vt 0.044361 0.963141
vt 0.044361 0.980859
vt 0.044361 0.992499
vt 0.071321 0.963141
vt 0.071321 0.980859
vt 0.071321 0.992499
vt 0.100730 0.963141
vt 0.100730 0.980859
vt 0.100730 0.992499
vt 0.132478 0.963141
vt 0.132478 0.980859
vt 0.132478 0.992499
vt 0.166100 0.963141
vt 0.166100 0.980859
vt 0.166100 0.992499
vt 0.200983 0.963141
vt 0.200983 0.980859
vt 0.200983 0.992499
vt 0.271920 0.943057
vt 0.236475 0.943057
vt 0.271920 0.922315
vt 0.236475 0.922315
vt 0.306660 0.922315
vt 0.306660 0.943057
vt 0.340029 0.922315
vt 0.340029 0.943057
vt 0.371357 0.922315
vt 0.371357 0.943057
vt 0.400072 0.922315
vt 0.400072 0.943057
vt 0.425946 0.922315
vt 0.425946 0.943057
vt 0.452047 0.922315
vt 0.452047 0.943057
vt 0.003832 0.943057
vt 0.003832 0.922315
vt 0.019598 0.922315
vt 0.019598 0.943057
vt 0.044361 0.922315
vt 0.044361 0.943057
vt 0.071321 0.922315
vt 0.071321 0.943057
vt 0.100730 0.922315
vt 0.100730 0.943057
vt 0.132478 0.922315
vt 0.132478 0.943057
vt 0.166100 0.922315
vt 0.166100 0.943057
vt 0.200983 0.922315
vt 0.200983 0.943057
vt 0.271920 0.900947
vt 0.236475 0.900947
vt 0.271920 0.879222
vt 0.236475 0.879222
vt 0.306660 0.879222
vt 0.306660 0.900947
vt 0.340029 0.879222
vt 0.340029 0.900947
vt 0.371357 0.879222
vt 0.371357 0.900947
vt 0.400072 0.879222
vt 0.400072 0.900947
vt 0.425946 0.879222
vt 0.425946 0.900947
vt 0.452047 0.879222
vt 0.452047 0.900947
vt 0.003832 0.900947
vt 0.003832 0.879222
vt 0.019598 0.879222
vt 0.019598 0.900947
vt 0.044361 0.879222
vt 0.044361 0.900947
vt 0.071321 0.879222
vt 0.071321 0.900947
vt 0.100730 0.879222
vt 0.100730 0.900947
vt 0.132478 0.879222
vt 0.132478 0.900947
vt 0.166100 0.879222
vt 0.166100 0.900947
vt 0.200983 0.879222
vt 0.200983 0.900947
vt 0.271920 0.857674
vt 0.236475 0.857674
vt 0.271920 0.837124
vt 0.236475 0.837124
vt 0.306660 0.837124
vt 0.306660 0.857674
vt 0.340029 0.837124
vt 0.340029 0.857674
vt 0.371357 0.837124
vt 0.371357 0.857674
vt 0.400072 0.837124
vt 0.400072 0.857674
vt 0.425946 0.837124
vt 0.425946 0.857674
vt 0.452047 0.837124
vt 0.452047 0.857674
vt 0.003832 0.857674
vt 0.003832 0.837124
vt 0.019598 0.837124
vt 0.019598 0.857674
vt 0.044361 0.837124
vt 0.044361 0.857674
vt 0.071321 0.837124
vt 0.071321 0.857674
vt 0.100730 0.837124
vt 0.100730 0.857674
vt 0.132478 0.837124
vt 0.132478 0.857674
vt 0.166100 0.837124
vt 0.166100 0.857674
vt 0.200983 0.837124
vt 0.200983 0.857674
vt 0.271920 0.818625
vt 0.236475 0.818625
vt 0.271920 0.803245
vt 0.236475 0.803245
vt 0.306660 0.803245
vt 0.306660 0.818625
vt 0.340029 0.803245
vt 0.340029 0.818625
vt 0.371357 0.803245
vt 0.371357 0.818625
vt 0.400072 0.803245
vt 0.400072 0.818625
vt 0.425946 0.803245
vt 0.425946 0.818625
vt 0.452047 0.803245
vt 0.452047 0.818625
vt 0.003832 0.818625
vt 0.003832 0.803245
vt 0.019598 0.803245
vt 0.019598 0.818625
vt 0.044361 0.803245
vt 0.044361 0.818625
vt 0.071321 0.803245
vt 0.071321 0.818625
vt 0.100730 0.803245
vt 0.100730 0.818625
vt 0.132478 0.803245
vt 0.132478 0.818625
vt 0.166100 0.803245
vt 0.166100 0.818625
vt 0.200983 0.803245
vt 0.200983 0.818625
vt 0.271920 0.782221
vt 0.271920 0.775719
vt 0.306660 0.775719
vt 0.306660 0.782221
vt 0.236475 0.782221
vt 0.236475 0.775719
vt 0.340029 0.775719
vt 0.340029 0.782221
vt 0.371357 0.775719
vt 0.371357 0.782221
vt 0.400072 0.775719
vt 0.400072 0.782221
vt 0.425946 0.775719
vt 0.425946 0.782221
vt 0.452047 0.775719
vt 0.452047 0.782221
vt 0.003832 0.782221
vt 0.003832 0.775719
vt 0.019598 0.775719
vt 0.019598 0.782221
vt 0.044361 0.775719
vt 0.044361 0.782221
vt 0.071321 0.775719
vt 0.071321 0.782221
vt 0.100730 0.775719
vt 0.100730 0.782221
vt 0.132478 0.775719
vt 0.132478 0.782221
vt 0.166100 0.775719
vt 0.166100 0.782221
vt 0.200983 0.775719
vt 0.200983 0.782221
vt 0.271920 0.785526
vt 0.306660 0.785526
vt 0.236475 0.785526
vt 0.340029 0.785526
vt 0.371357 0.785526
vt 0.400072 0.785526
vt 0.425946 0.785526
vt 0.452047 0.785526
vt 0.003832 0.785526
vt 0.019598 0.785526
vt 0.044361 0.785526
vt 0.071321 0.785526
vt 0.100730 0.785526
vt 0.132478 0.785526
vt 0.166100 0.785526
vt 0.200983 0.785526
vt 0.271920 0.996903
vt 0.236475 0.996903
vt 0.306661 0.996903
vt 0.340029 0.996903
vt 0.371358 0.996903
vt 0.400072 0.996903
vt 0.425946 0.996903
vt 0.452047 0.996903
vt 0.019598 0.996903
vt 0.003832 0.996903
vt 0.044361 0.996903
vt 0.071321 0.996903
vt 0.100730 0.996903
vt 0.132478 0.996903
vt 0.166100 0.996903
vt 0.200983 0.996903
vt 0.271920 0.792166
vt 0.236475 0.792166
vt 0.306660 0.792166
vt 0.340029 0.792166
vt 0.371357 0.792166
vt 0.400072 0.792166
vt 0.425946 0.792166
vt 0.452047 0.792166
vt 0.003832 0.792166
vt 0.019598 0.792166
vt 0.044361 0.792166
vt 0.071321 0.792166
vt 0.100730 0.792166
vt 0.132478 0.792166
vt 0.166100 0.792166
vt 0.200983 0.792166
vt 0.744910 0.787454
vt 0.744910 0.798408
vt 0.709470 0.798408
vt 0.709470 0.787454
vt 0.744910 0.817869
vt 0.709470 0.817869
vt 0.779111 0.798408
vt 0.779111 0.817869
vt 0.779111 0.787454
vt 0.811268 0.798408
vt 0.811268 0.817869
vt 0.811268 0.787454
vt 0.840408 0.798408
vt 0.840408 0.817869
vt 0.840408 0.787454
vt 0.866197 0.798408
vt 0.866197 0.817869
vt 0.866197 0.787454
vt 0.889279 0.798408
vt 0.889279 0.817869
vt 0.889279 0.787454
vt 0.903874 0.798408
vt 0.903874 0.817869
vt 0.903874 0.787454
vt 0.460710 0.817869
vt 0.460710 0.798408
vt 0.483920 0.798408
vt 0.483920 0.817869
vt 0.460710 0.787454
vt 0.483920 0.787454
vt 0.508226 0.798408
vt 0.508226 0.817869
vt 0.508226 0.787454
vt 0.536476 0.798408
vt 0.536476 0.817869
vt 0.536476 0.787454
vt 0.568001 0.798408
vt 0.568001 0.817869
vt 0.568001 0.787454
vt 0.601880 0.798408
vt 0.601880 0.817869
vt 0.601880 0.787454
vt 0.637244 0.798408
vt 0.637244 0.817869
vt 0.637244 0.787454
vt 0.673342 0.798408
vt 0.673342 0.817869
vt 0.673342 0.787454
vt 0.744910 0.837562
vt 0.709470 0.837562
vt 0.744910 0.857897
vt 0.709470 0.857897
vt 0.779111 0.837562
vt 0.779111 0.857897
vt 0.811268 0.837562
vt 0.811268 0.857897
vt 0.840408 0.837562
vt 0.840408 0.857897
vt 0.866197 0.837562
vt 0.866197 0.857897
vt 0.889279 0.837562
vt 0.889279 0.857897
vt 0.903874 0.837562
vt 0.903874 0.857897
vt 0.460710 0.857897
vt 0.460710 0.837562
vt 0.483920 0.837562
vt 0.483920 0.857897
vt 0.508226 0.837562
vt 0.508226 0.857897
vt 0.536476 0.837562
vt 0.536476 0.857897
vt 0.568001 0.837562
vt 0.568001 0.857897
vt 0.601880 0.837562
vt 0.601880 0.857897
vt 0.637244 0.837562
vt 0.637244 0.857897
vt 0.673342 0.837562
vt 0.673342 0.857897
vt 0.744910 0.879035
vt 0.709470 0.879035
vt 0.744910 0.900673
vt 0.709470 0.900673
vt 0.779111 0.879035
vt 0.779111 0.900673
vt 0.811268 0.879035
vt 0.811268 0.900673
vt 0.840408 0.879035
vt 0.840408 0.900673
vt 0.866197 0.879035
vt 0.866197 0.900673
vt 0.889279 0.879035
vt 0.889279 0.900673
vt 0.903874 0.879035
vt 0.903874 0.900673
vt 0.460710 0.900673
vt 0.460710 0.879035
vt 0.483920 0.879035
vt 0.483920 0.900673
vt 0.508226 0.879035
vt 0.508226 0.900673
vt 0.536476 0.879035
vt 0.536476 0.900673
vt 0.568001 0.879035
vt 0.568001 0.900673
vt 0.601880 0.879035
vt 0.601880 0.900673
vt 0.637244 0.879035
vt 0.637244 0.900673
vt 0.673342 0.879035
vt 0.673342 0.900673
vt 0.744910 0.922205
vt 0.709470 0.922205
vt 0.744910 0.947972
vt 0.709470 0.947972
vt 0.779111 0.922205
vt 0.779111 0.947972
vt 0.811268 0.922205
vt 0.811268 0.947972
vt 0.840408 0.922205
vt 0.840408 0.947972
vt 0.866197 0.922205
vt 0.866197 0.947972
vt 0.889279 0.922205
vt 0.889279 0.947972
vt 0.903874 0.922205
vt 0.903874 0.947972
vt 0.460710 0.947972
vt 0.460710 0.922205
vt 0.483920 0.922205
vt 0.483920 0.947972
vt 0.508226 0.922205
vt 0.508226 0.947972
vt 0.536476 0.922205
vt 0.536476 0.947972
vt 0.568001 0.922205
vt 0.568001 0.947972
vt 0.601880 0.922205
vt 0.601880 0.947972
vt 0.637244 0.922205
vt 0.637244 0.947972
vt 0.673342 0.922205
vt 0.673342 0.947972
vt 0.744910 0.969724
vt 0.709470 0.969724
vt 0.779111 0.969724
vt 0.811268 0.969724
vt 0.840408 0.969724
vt 0.866197 0.969724
vt 0.889279 0.969724
vt 0.903874 0.969724
vt 0.460710 0.969724
vt 0.483920 0.969724
vt 0.508226 0.969724
vt 0.536476 0.969724
vt 0.568001 0.969724
vt 0.601880 0.969724
vt 0.637244 0.969724
vt 0.673342 0.969724
vt 0.744910 0.998549
vt 0.744910 0.990083
vt 0.779111 0.990083
vt 0.779111 0.998549
vt 0.709470 0.998549
vt 0.709470 0.990083
vt 0.811268 0.990083
vt 0.811268 0.998549
vt 0.840408 0.990083
vt 0.840408 0.998549
vt 0.866197 0.990083
vt 0.866197 0.998549
vt 0.889279 0.990083
vt 0.889279 0.998549
vt 0.903874 0.990083
vt 0.903874 0.998549
vt 0.460710 0.998549
vt 0.460710 0.990083
vt 0.483920 0.990083
vt 0.483920 0.998549
vt 0.508226 0.990083
vt 0.508226 0.998549
vt 0.536476 0.990083
vt 0.536476 0.998549
vt 0.637244 0.990083
vt 0.637244 0.998549
vt 0.673342 0.990083
vt 0.673342 0.998549
vt 0.744910 0.986816
vt 0.779111 0.986816
vt 0.709470 0.986816
vt 0.811268 0.986816
vt 0.840408 0.986816
vt 0.866197 0.986816
vt 0.889279 0.986816
vt 0.903874 0.986816
vt 0.460710 0.986816
vt 0.483920 0.986816
vt 0.508226 0.986816
vt 0.536476 0.986816
vt 0.568001 0.986816
vt 0.601880 0.986816
vt 0.637244 0.986816
vt 0.673342 0.986816
vt 0.744910 0.780094
vt 0.709470 0.780094
vt 0.779111 0.780094
vt 0.811268 0.780094
vt 0.840408 0.780094
vt 0.866197 0.780094
vt 0.889279 0.780094
vt 0.903874 0.780094
vt 0.483920 0.780094
vt 0.460710 0.780094
vt 0.508226 0.780094
vt 0.536476 0.780094
vt 0.568001 0.780094
vt 0.601880 0.780094
vt 0.637244 0.780094
vt 0.673342 0.780094
vt 0.744910 0.980481
vt 0.709470 0.980481
vt 0.779111 0.980481
vt 0.811268 0.980481
vt 0.840408 0.980481
vt 0.866197 0.980481
vt 0.889279 0.980481
vt 0.903874 0.980481
vt 0.460710 0.980481
vt 0.483920 0.980481
vt 0.508226 0.980481
vt 0.536476 0.980481
vt 0.568001 0.980481
vt 0.601880 0.980481
vt 0.637244 0.980481
vt 0.673342 0.980481
vt 0.271920 0.771500
vt 0.306660 0.771500
vt 0.236475 0.771500
vt 0.340029 0.771500
vt 0.371357 0.771500
vt 0.400072 0.771500
vt 0.425946 0.771500
vt 0.452047 0.771500
vt 0.003832 0.771500
vt 0.019598 0.771500
vt 0.044361 0.771500
vt 0.071321 0.771500
vt 0.100730 0.771500
vt 0.132478 0.771500
vt 0.166100 0.771500
vt 0.200983 0.771500
vt 0.271920 0.997787
vt 0.236475 0.997787
vt 0.306661 0.997787
vt 0.340029 0.997787
vt 0.371358 0.997787
vt 0.400072 0.997787
vt 0.425946 0.997787
vt 0.452047 0.997787
vt 0.019598 0.997787
vt 0.003832 0.997787
vt 0.044361 0.997787
vt 0.071321 0.997787
vt 0.100730 0.997787
vt 0.132478 0.997787
vt 0.166100 0.997787
vt 0.200983 0.997787
vt 0.778969 0.513427
vt 0.778969 0.503338
vt 0.946243 0.503338
vt 0.946243 0.513427
vt 0.778969 0.493250
vt 0.946243 0.493250
vt 0.778969 0.483161
vt 0.946243 0.483161
vt 0.778969 0.473072
vt 0.946243 0.473072
vt 0.778969 0.462983
vt 0.946243 0.462983
vt 0.778969 0.452894
vt 0.946243 0.452894
vt 0.778969 0.442806
vt 0.946243 0.442806
vt 0.778969 0.533603
vt 0.778969 0.523515
vt 0.946243 0.523515
vt 0.946243 0.533603
vt 0.608731 0.534019
vt 0.772897 0.534019
vt 0.772897 0.543479
vt 0.608731 0.543479
vt 0.772897 0.552938
vt 0.608731 0.552938
vt 0.772897 0.562396
vt 0.608731 0.562396
vt 0.772897 0.571856
vt 0.608731 0.571856
vt 0.772897 0.581318
vt 0.608731 0.581318
vt 0.772897 0.590781
vt 0.608731 0.590781
vt 0.772897 0.600244
vt 0.608731 0.600244
vt 0.608731 0.515094
vt 0.772897 0.515094
vt 0.772897 0.524557
vt 0.608731 0.524557
vt 0.860056 0.559219
vt 0.869367 0.571276
vt 0.868414 0.571672
vt 0.859515 0.560145
vt 0.811948 0.560626
vt 0.811419 0.561565
vt 0.796932 0.559673
vt 0.796796 0.558651
vt 0.868604 0.587561
vt 0.867683 0.587243
vt 0.783862 0.568097
vt 0.783128 0.567464
vt 0.858120 0.600498
vt 0.857659 0.599614
vt 0.778235 0.582881
vt 0.777246 0.582928
vt 0.842797 0.604081
vt 0.843010 0.603043
vt 0.782620 0.597153
vt 0.781835 0.597854
vt 0.829772 0.596652
vt 0.830558 0.595944
vt 0.794954 0.604294
vt 0.794737 0.605324
vt 0.825115 0.581707
vt 0.826106 0.581658
vt 0.809491 0.600984
vt 0.809944 0.601862
vt 0.830978 0.566243
vt 0.831711 0.566875
vt 0.819431 0.588765
vt 0.820342 0.589080
vt 0.831312 0.565643
vt 0.845028 0.557004
vt 0.845151 0.558026
vt 0.832039 0.566284
vt 0.821072 0.588917
vt 0.820140 0.588615
vt 0.820598 0.572971
vt 0.821551 0.572554
vt 0.464088 0.107690
vt 0.471163 0.099405
vt 0.491072 0.123527
vt 0.491047 0.123548
vt 0.460273 0.117895
vt 0.491030 0.123577
vt 0.460179 0.128790
vt 0.491024 0.123609
vt 0.463817 0.139060
vt 0.491030 0.123642
vt 0.470748 0.147466
vt 0.491047 0.123670
vt 0.480137 0.152995
vt 0.491072 0.123692
vt 0.490850 0.154979
vt 0.491104 0.123703
vt 0.501595 0.153180
vt 0.491137 0.123703
vt 0.511078 0.147814
vt 0.491168 0.123691
vt 0.518153 0.139528
vt 0.491193 0.123670
vt 0.521967 0.129322
vt 0.491210 0.123642
vt 0.522061 0.118428
vt 0.491216 0.123609
vt 0.518423 0.108158
vt 0.491210 0.123576
vt 0.511491 0.099752
vt 0.491193 0.123548
vt 0.502103 0.094224
vt 0.491168 0.123526
vt 0.491390 0.092239
vt 0.491136 0.123515
vt 0.480645 0.094039
vt 0.491103 0.123515
s 1
f 1/1/1 4/2/1 3/3/2
f 3/3/2 2/4/2 1/1/1
f 2/4/2 3/3/2 6/5/3
f 6/5/3 5/6/3 2/4/2
f 5/6/3 6/5/3 8/7/4
f 8/7/4 7/8/4 5/6/3
f 7/8/4 8/7/4 10/9/5
f 10/9/5 9/10/5 7/8/4
f 9/10/5 10/9/5 12/11/6
f 12/11/6 11/12/6 9/10/5
f 11/12/6 12/11/6 14/13/7
f 14/13/7 13/14/7 11/12/6
f 13/14/7 14/13/7 16/15/8
f 16/15/8 15/16/8 13/14/7
f 15/16/8 16/15/8 18/17/9
f 18/17/9 17/18/9 15/16/8
f 17/18/9 18/17/9 20/19/10
f 20/19/10 19/20/10 17/18/9
f 19/20/10 20/19/10 22/21/11
f 22/21/11 21/22/11 19/20/10
f 21/22/11 22/21/11 24/23/12
f 24/23/12 23/24/12 21/22/11
f 23/24/12 24/23/12 26/25/13
f 26/25/13 25/26/13 23/24/12
f 25/26/13 26/25/13 28/27/14
f 28/27/14 27/28/14 25/26/13
f 27/28/14 28/27/14 30/29/15
f 30/29/15 29/30/15 27/28/14
f 29/30/15 30/29/15 32/31/16
f 32/31/16 31/32/16 29/30/15
f 31/32/16 32/31/16 34/33/17
f 34/33/17 33/34/17 31/32/16
f 33/34/17 34/33/17 36/35/18
f 36/35/18 35/36/18 33/34/17
f 35/36/18 36/35/18 4/2/1
f 4/2/1 1/1/1 35/36/18
f 4/37/19 38/38/20 37/39/21
f 37/39/21 3/40/22 4/37/19
f 3/40/22 37/39/21 39/41/23
f 39/41/23 6/42/24 3/40/22
f 6/42/24 39/41/23 40/43/25
f 40/43/25 8/44/26 6/42/24
f 8/44/26 40/43/25 41/45/27
f 41/45/27 10/46/28 8/44/26
f 10/46/28 41/45/27 42/47/29
f 42/47/29 12/48/30 10/46/28
f 12/48/30 42/47/29 43/49/31
f 43/49/31 14/50/32 12/48/30
f 14/50/32 43/49/31 44/51/33
f 44/51/33 16/52/34 14/50/32
f 16/52/34 44/51/33 45/53/35
f 45/53/35 18/54/36 16/52/34
f 18/54/36 45/53/35 46/55/37
f 46/55/37 20/56/38 18/54/36
f 20/56/38 46/55/37 47/57/39
f 47/57/39 22/58/40 20/56/38
f 22/58/40 47/57/39 48/59/41
f 48/59/41 24/60/42 22/58/40
f 24/60/42 48/59/41 49/61/43
f 49/61/43 26/62/44 24/60/42
f 26/62/44 49/61/43 50/63/45
f 50/63/45 28/64/46 26/62/44
f 28/65/46 50/66/45 51/67/47
f 51/67/47 30/68/48 28/65/46
f 30/68/48 51/67/47 52/69/49
f 52/69/49 32/70/50 30/68/48
f 32/70/50 52/69/49 53/71/51
f 53/71/51 34/72/52 32/70/50
f 34/72/52 53/71/51 54/73/53
f 54/73/53 36/74/54 34/72/52
f 36/74/54 54/73/53 38/38/20
f 38/38/20 4/37/19 36/74/54
f 38/38/20 56/75/55 55/76/56
f 55/76/56 37/39/21 38/38/20
f 37/39/21 55/76/56 57/77/57
f 57/77/57 39/41/23 37/39/21
f 39/41/23 57/77/57 58/78/58
f 58/78/58 40/43/25 39/41/23
f 40/43/25 58/78/58 59/79/59
f 59/79/59 41/45/27 40/43/25
f 41/45/27 59/79/59 60/80/60
f 60/80/60 42/47/29 41/45/27
f 42/47/29 60/80/60 61/81/61
f 61/81/61 43/49/31 42/47/29
f 43/49/31 61/81/61 62/82/62
f 62/82/62 44/51/33 43/49/31
f 44/51/33 62/82/62 63/83/63
f 63/83/63 45/53/35 44/51/33
f 45/53/35 63/83/63 64/84/64
f 64/84/64 46/55/37 45/53/35
f 46/55/37 64/84/64 65/85/65
f 65/85/65 47/57/39 46/55/37
f 47/57/39 65/85/65 66/86/66
f 66/86/66 48/59/41 47/57/39
f 48/59/41 66/86/66 67/87/67
f 67/87/67 49/61/43 48/59/41
f 49/61/43 67/87/67 68/88/68
f 68/88/68 50/63/45 49/61/43
f 50/66/45 68/89/68 69/90/69
f 69/90/69 51/67/47 50/66/45
f 51/67/47 69/90/69 70/91/70
f 70/91/70 52/69/49 51/67/47
f 52/69/49 70/91/70 71/92/71
f 71/92/71 53/71/51 52/69/49
f 53/71/51 71/92/71 72/93/72
f 72/93/72 54/73/53 53/71/51
f 54/73/53 72/93/72 56/75/55
f 56/75/55 38/38/20 54/73/53
f 56/75/55 74/94/73 73/95/74
f 73/95/74 55/76/56 56/75/55
f 55/76/56 73/95/74 75/96/75
f 75/96/75 57/77/57 55/76/56
f 57/77/57 75/96/75 76/97/76
f 76/97/76 58/78/58 57/77/57
f 58/78/58 76/97/76 77/98/77
f 77/98/77 59/79/59 58/78/58
f 59/79/59 77/98/77 78/99/78
f 78/99/78 60/80/60 59/79/59
f 60/80/60 78/99/78 79/100/79
f 79/100/79 61/81/61 60/80/60
f 61/81/61 79/100/79 80/101/80
f 80/101/80 62/82/62 61/81/61
f 62/82/62 80/101/80 81/102/81
f 81/102/81 63/83/63 62/82/62
f 63/83/63 81/102/81 82/103/82
f 82/103/82 64/84/64 63/83/63
f 64/84/64 82/103/82 83/104/83
f 83/104/83 65/85/65 64/84/64
f 65/85/65 83/104/83 84/105/84
f 84/105/84 66/86/66 65/85/65
f 66/86/66 84/105/84 85/106/85
f 85/106/85 67/87/67 66/86/66
f 67/87/67 85/106/85 86/107/86
f 86/107/86 68/88/68 67/87/67
f 68/89/68 86/108/86 87/109/87
f 87/109/87 69/90/69 68/89/68
f 69/90/69 87/109/87 88/110/88
f 88/110/88 70/91/70 69/90/69
f 70/91/70 88/110/88 89/111/89
f 89/111/89 71/92/71 70/91/70
f 71/92/71 89/111/89 90/112/90
f 90/112/90 72/93/72 71/92/71
f 72/93/72 90/112/90 74/94/73
f 74/94/73 56/75/55 72/93/72
f 91/113/91 94/114/91 93/115/91
f 93/115/91 92/116/91 91/113/91
f 96/117/92 114/118/93 113/119/94
f 113/119/94 95/120/95 96/117/92
f 97/121/96 115/122/97 114/118/93
f 114/118/93 96/117/92 97/121/96
f 98/123/98 116/124/99 115/122/97
f 115/122/97 97/121/96 98/123/98
f 99/125/100 117/126/101 116/124/99
f 116/124/99 98/123/98 99/125/100
f 100/127/102 118/128/103 117/126/101
f 117/126/101 99/125/100 100/127/102
f 101/129/104 119/130/105 118/128/103
f 118/128/103 100/127/102 101/129/104
f 102/131/106 120/132/107 119/130/105
f 119/130/105 101/129/104 102/131/106
f 103/133/108 121/134/109 120/132/107
f 120/132/107 102/131/106 103/133/108
f 104/135/110 122/136/111 121/134/109
f 121/134/109 103/133/108 104/135/110
f 105/137/112 123/138/113 122/136/111
f 122/136/111 104/135/110 105/137/112
f 106/139/114 124/140/115 123/138/113
f 123/138/113 105/137/112 106/139/114
f 107/141/116 125/142/117 124/140/115
f 124/140/115 106/139/114 107/141/116
f 108/143/118 126/144/119 125/142/117
f 125/142/117 107/141/116 108/143/118
f 109/145/120 127/146/121 126/144/119
f 126/144/119 108/143/118 109/145/120
f 110/147/122 128/148/123 127/146/121
f 127/146/121 109/145/120 110/147/122
f 111/149/124 129/150/125 128/148/123
f 128/148/123 110/147/122 111/149/124
f 112/151/126 130/152/127 129/150/125
f 129/150/125 111/149/124 112/151/126
f 95/120/95 113/119/94 130/152/127
f 130/152/127 112/151/126 95/120/95
f 240/153/128 239/154/129 113/119/94
f 113/119/94 114/118/93 240/153/128
f 241/155/130 240/153/128 114/118/93
f 114/118/93 115/122/97 241/155/130
f 242/156/131 241/155/130 115/122/97
f 115/122/97 116/124/99 242/156/131
f 243/157/132 242/156/131 116/124/99
f 116/124/99 117/126/101 243/157/132
f 244/158/133 243/157/132 117/126/101
f 117/126/101 118/128/103 244/158/133
f 245/159/134 244/158/133 118/128/103
f 118/128/103 119/130/105 245/159/134
f 246/160/135 245/159/134 119/130/105
f 119/130/105 120/132/107 246/160/135
f 247/161/136 246/160/135 120/132/107
f 120/132/107 121/134/109 247/161/136
f 248/162/137 247/161/136 121/134/109
f 121/134/109 122/136/111 248/162/137
f 249/163/138 248/162/137 122/136/111
f 122/136/111 123/138/113 249/163/138
f 250/164/139 249/163/138 123/138/113
f 123/138/113 124/140/115 250/164/139
f 251/165/140 250/164/139 124/140/115
f 124/140/115 125/142/117 251/165/140
f 252/166/141 251/165/140 125/142/117
f 125/142/117 126/144/119 252/166/141
f 253/167/142 252/166/141 126/144/119
f 126/144/119 127/146/121 253/167/142
f 254/168/143 253/167/142 127/146/121
f 127/146/121 128/148/123 254/168/143
f 255/169/144 254/168/143 128/148/123
f 128/148/123 129/150/125 255/169/144
f 256/170/145 255/169/144 129/150/125
f 129/150/125 130/152/127 256/170/145
f 239/154/129 256/170/145 130/152/127
f 130/152/127 113/119/94 239/154/129
f 167/171/146 168/172/147 96/117/92
f 96/117/92 95/120/95 167/171/146
f 168/172/147 169/173/148 97/121/96
f 97/121/96 96/117/92 168/172/147
f 169/173/148 170/174/149 98/123/98
f 98/123/98 97/121/96 169/173/148
f 170/174/149 171/175/150 99/125/100
f 99/125/100 98/123/98 170/174/149
f 171/175/150 172/176/151 100/127/102
f 100/127/102 99/125/100 171/175/150
f 172/176/151 173/177/152 101/129/104
f 101/129/104 100/127/102 172/176/151
f 173/177/152 174/178/153 102/131/106
f 102/131/106 101/129/104 173/177/152
f 174/178/153 175/179/154 103/133/108
f 103/133/108 102/131/106 174/178/153
f 175/179/154 176/180/155 104/135/110
f 104/135/110 103/133/108 175/179/154
f 176/180/155 177/181/156 105/137/112
f 105/137/112 104/135/110 176/180/155
f 177/181/156 178/182/157 106/139/114
f 106/139/114 105/137/112 177/181/156
f 178/182/157 179/183/158 107/141/116
f 107/141/116 106/139/114 178/182/157
f 179/183/158 180/184/159 108/143/118
f 108/143/118 107/141/116 179/183/158
f 180/184/159 181/185/160 109/145/120
f 109/145/120 108/143/118 180/184/159
f 181/185/160 182/186/161 110/147/122
f 110/147/122 109/145/120 181/185/160
f 182/186/161 183/187/162 111/149/124
f 111/149/124 110/147/122 182/186/161
f 184/188/163 112/151/126 111/149/124
f 111/149/124 183/187/162 184/188/163
f 167/171/146 95/120/95 112/151/126
f 112/151/126 184/188/163 167/171/146
f 239/154/129 240/153/128 131/189/164
f 131/189/164 132/190/165 239/154/129
f 240/153/128 241/155/130 148/191/166
f 148/191/166 131/189/164 240/153/128
f 241/155/130 242/156/131 147/192/167
f 147/192/167 148/191/166 241/155/130
f 242/156/131 243/157/132 146/193/168
f 146/193/168 147/192/167 242/156/131
f 243/157/132 244/158/133 145/194/169
f 145/194/169 146/193/168 243/157/132
f 244/158/133 245/159/134 144/195/170
f 144/195/170 145/194/169 244/158/133
f 245/159/134 246/160/135 143/196/171
f 143/196/171 144/195/170 245/159/134
f 246/160/135 247/161/136 142/197/172
f 142/197/172 143/196/171 246/160/135
f 247/161/136 248/162/137 141/198/173
f 141/198/173 142/197/172 247/161/136
f 248/162/137 249/163/138 140/199/174
f 140/199/174 141/198/173 248/162/137
f 249/163/138 250/164/139 139/200/175
f 139/200/175 140/199/174 249/163/138
f 250/164/139 251/165/140 138/201/176
f 138/201/176 139/200/175 250/164/139
f 251/165/140 252/166/141 137/202/177
f 137/202/177 138/201/176 251/165/140
f 252/166/141 253/167/142 136/203/178
f 136/203/178 137/202/177 252/166/141
f 253/167/142 254/168/143 135/204/179
f 135/204/179 136/203/178 253/167/142
f 254/168/143 255/169/144 134/205/180
f 134/205/180 135/204/179 254/168/143
f 256/170/145 133/206/181 134/205/180
f 134/205/180 255/169/144 256/170/145
f 256/170/145 239/154/129 132/190/165
f 132/190/165 133/206/181 256/170/145
f 132/190/165 131/189/164 149/207/182
f 149/207/182 150/208/183 132/190/165
f 131/189/164 148/191/166 166/209/184
f 166/209/184 149/207/182 131/189/164
f 148/191/166 147/192/167 165/210/185
f 165/210/185 166/209/184 148/191/166
f 147/192/167 146/193/168 164/211/186
f 164/211/186 165/210/185 147/192/167
f 146/193/168 145/194/169 163/212/187
f 163/212/187 164/211/186 146/193/168
f 145/194/169 144/195/170 162/213/188
f 162/213/188 163/212/187 145/194/169
f 144/195/170 143/196/171 161/214/189
f 161/214/189 162/213/188 144/195/170
f 143/196/171 142/197/172 160/215/190
f 160/215/190 161/214/189 143/196/171
f 142/197/172 141/198/173 159/216/191
f 159/216/191 160/215/190 142/197/172
f 141/198/173 140/199/174 158/217/192
f 158/217/192 159/216/191 141/198/173
f 140/199/174 139/200/175 157/218/193
f 157/218/193 158/217/192 140/199/174
f 139/200/175 138/201/176 156/219/194
f 156/219/194 157/218/193 139/200/175
f 138/201/176 137/202/177 155/220/195
f 155/220/195 156/219/194 138/201/176
f 137/202/177 136/203/178 154/221/196
f 154/221/196 155/220/195 137/202/177
f 136/203/178 135/204/179 153/222/197
f 153/222/197 154/221/196 136/203/178
f 135/204/179 134/205/180 152/223/198
f 152/223/198 153/222/197 135/204/179
f 133/206/181 151/224/199 152/223/198
f 152/223/198 134/205/180 133/206/181
f 133/206/181 132/190/165 150/208/183
f 150/208/183 151/224/199 133/206/181
f 185/225/200 186/226/201 168/172/147
f 168/172/147 167/171/146 185/225/200
f 186/226/201 187/227/202 169/173/148
f 169/173/148 168/172/147 186/226/201
f 187/227/202 188/228/203 170/174/149
f 170/174/149 169/173/148 187/227/202
f 188/228/203 189/229/204 171/175/150
f 171/175/150 170/174/149 188/228/203
f 189/229/204 190/230/205 172/176/151
f 172/176/151 171/175/150 189/229/204
f 190/230/205 191/231/206 173/177/152
f 173/177/152 172/176/151 190/230/205
f 191/231/206 192/232/207 174/178/153
f 174/178/153 173/177/152 191/231/206
f 192/232/207 193/233/208 175/179/154
f 175/179/154 174/178/153 192/232/207
f 193/233/208 194/234/209 176/180/155
f 176/180/155 175/179/154 193/233/208
f 194/234/209 195/235/210 177/181/156
f 177/181/156 176/180/155 194/234/209
f 195/235/210 196/236/211 178/182/157
f 178/182/157 177/181/156 195/235/210
f 196/236/211 197/237/212 179/183/158
f 179/183/158 178/182/157 196/236/211
f 197/237/212 198/238/213 180/184/159
f 180/184/159 179/183/158 197/237/212
f 198/238/213 199/239/214 181/185/160
f 181/185/160 180/184/159 198/238/213
f 199/239/214 200/240/215 182/186/161
f 182/186/161 181/185/160 199/239/214
f 200/240/215 201/241/216 183/187/162
f 183/187/162 182/186/161 200/240/215
f 201/241/216 202/242/217 184/188/163
f 184/188/163 183/187/162 201/241/216
f 202/242/217 185/225/200 167/171/146
f 167/171/146 184/188/163 202/242/217
f 186/226/201 185/225/200 203/243/218
f 203/243/218 204/244/219 186/226/201
f 187/227/202 186/226/201 204/244/219
f 204/244/219 205/245/220 187/227/202
f 188/228/203 187/227/202 205/245/220
f 205/245/220 206/246/221 188/228/203
f 189/229/204 188/228/203 206/246/221
f 206/246/221 207/247/222 189/229/204
f 190/230/205 189/229/204 207/247/222
f 207/247/222 208/248/223 190/230/205
f 191/231/206 190/230/205 208/248/223
f 208/248/223 209/249/224 191/231/206
f 192/232/207 191/231/206 209/249/224
f 209/249/224 210/250/225 192/232/207
f 193/233/208 192/232/207 210/250/225
f 210/250/225 211/251/226 193/233/208
f 194/234/209 193/233/208 211/251/226
f 211/251/226 212/252/227 194/234/209
f 195/235/210 194/234/209 212/252/227
f 212/252/227 213/253/228 195/235/210
f 196/236/211 195/235/210 213/253/228
f 213/253/228 214/254/229 196/236/211
f 197/237/212 196/236/211 214/254/229
f 214/254/229 215/255/230 197/237/212
f 198/238/213 197/237/212 215/255/230
f 215/255/230 216/256/231 198/238/213
f 199/239/214 198/238/213 216/256/231
f 216/256/231 217/257/232 199/239/214
f 200/240/215 199/239/214 217/257/232
f 217/257/232 218/258/233 200/240/215
f 201/241/216 200/240/215 218/258/233
f 218/258/233 219/259/234 201/241/216
f 202/242/217 201/241/216 219/259/234
f 219/259/234 220/260/235 202/242/217
f 185/225/200 202/242/217 220/260/235
f 220/260/235 203/243/218 185/225/200
f 221/261/82 222/262/83 204/244/219
f 204/244/219 203/243/218 221/261/82
f 222/262/83 223/263/84 205/245/220
f 205/245/220 204/244/219 222/262/83
f 223/263/84 224/264/85 206/246/221
f 206/246/221 205/245/220 223/263/84
f 224/264/85 225/265/86 207/247/222
f 207/247/222 206/246/221 224/264/85
f 225/265/86 226/266/87 208/248/223
f 208/248/223 207/247/222 225/265/86
f 226/266/87 227/267/88 209/249/224
f 209/249/224 208/248/223 226/266/87
f 227/267/88 228/268/236 210/250/225
f 210/250/225 209/249/224 227/267/88
f 228/268/236 229/269/90 211/251/226
f 211/251/226 210/250/225 228/268/236
f 229/269/90 230/270/73 212/252/227
f 212/252/227 211/251/226 229/269/90
f 230/270/73 231/271/74 213/253/228
f 213/253/228 212/252/227 230/270/73
f 231/271/74 232/272/75 214/254/229
f 214/254/229 213/253/228 231/271/74
f 232/272/75 233/273/76 215/255/230
f 215/255/230 214/254/229 232/272/75
f 233/273/76 234/274/237 216/256/231
f 216/256/231 215/255/230 233/273/76
f 234/274/237 235/275/238 217/257/232
f 217/257/232 216/256/231 234/274/237
f 235/275/238 236/276/79 218/258/233
f 218/258/233 217/257/232 235/275/238
f 236/276/79 237/277/80 219/259/234
f 219/259/234 218/258/233 236/276/79
f 237/277/80 238/278/81 220/260/235
f 220/260/235 219/259/234 237/277/80
f 238/278/81 221/261/82 203/243/218
f 203/243/218 220/260/235 238/278/81
f 257/279/239 267/280/240 266/281/241
f 266/281/241 858/282/242 257/279/239
f 858/282/242 266/281/241 268/283/243
f 268/283/243 258/284/244 858/282/242
f 258/284/244 268/283/243 269/285/245
f 269/285/245 859/286/246 258/284/244
f 859/286/246 269/285/245 270/287/247
f 270/287/247 259/288/248 859/286/246
f 259/288/248 270/287/247 271/289/249
f 271/289/249 850/290/250 259/288/248
f 850/290/250 271/289/249 272/291/251
f 272/291/251 260/292/252 850/290/250
f 260/292/252 272/291/251 273/293/253
f 273/293/253 851/294/254 260/292/252
f 851/294/254 273/293/253 274/295/255
f 274/295/255 261/296/256 851/294/254
f 261/296/256 274/295/255 275/297/257
f 275/297/257 852/298/258 261/296/256
f 852/298/258 275/297/257 276/299/259
f 276/299/259 262/300/260 852/298/258
f 262/300/260 276/299/259 277/301/261
f 277/301/261 853/302/262 262/300/260
f 853/302/262 277/301/261 278/303/263
f 278/303/263 263/304/264 853/302/262
f 263/304/264 278/303/263 279/305/265
f 279/305/265 855/306/266 263/304/264
f 855/307/266 279/308/265 280/309/267
f 280/309/267 264/310/268 855/307/266
f 264/310/268 280/309/267 281/311/269
f 281/311/269 856/312/270 264/310/268
f 856/312/270 281/311/269 282/313/271
f 282/313/271 265/314/272 856/312/270
f 265/314/272 282/313/271 283/315/273
f 283/315/273 857/316/274 265/314/272
f 857/316/274 283/315/273 267/280/240
f 267/280/240 257/279/239 857/316/274
f 294/317/275 310/318/275 302/319/276
f 302/319/276 293/320/276 294/317/275
f 295/321/277 309/322/277 310/318/275
f 310/318/275 294/317/275 295/321/277
f 296/323/278 308/324/278 309/322/277
f 309/322/277 295/321/277 296/323/278
f 297/325/279 307/326/279 308/324/278
f 308/324/278 296/323/278 297/325/279
f 298/327/280 306/328/280 307/326/279
f 307/326/279 297/325/279 298/327/280
f 299/329/281 305/330/281 306/328/280
f 306/328/280 298/327/280 299/329/281
f 300/331/282 304/332/282 305/333/281
f 305/333/281 299/334/281 300/331/282
f 301/335/283 303/336/283 304/332/282
f 304/332/282 300/331/282 301/335/283
f 293/320/276 302/319/276 303/336/283
f 303/336/283 301/335/283 293/320/276
f 284/337/284 285/338/285 312/339/286
f 312/339/286 311/340/287 284/337/284
f 285/338/285 286/341/288 313/342/289
f 313/342/289 312/339/286 285/338/285
f 286/341/288 287/343/290 314/344/291
f 314/344/291 313/342/289 286/341/288
f 287/343/290 288/345/292 315/346/293
f 315/346/293 314/344/291 287/343/290
f 288/345/292 289/347/294 316/348/295
f 316/348/295 315/346/293 288/345/292
f 289/347/294 290/349/296 317/350/297
f 317/350/297 316/348/295 289/347/294
f 290/351/296 291/352/298 318/353/299
f 318/353/299 317/354/297 290/351/296
f 291/352/298 292/355/300 319/356/301
f 319/356/301 318/353/299 291/352/298
f 292/355/300 284/337/284 311/340/287
f 311/340/287 319/356/301 292/355/300
f 257/357/302 858/358/303 293/359/304
f 858/358/303 258/360/305 294/361/306
f 294/361/306 293/359/304 858/358/303
f 258/360/305 859/362/307 294/361/306
f 859/362/307 259/363/308 295/364/309
f 295/364/309 294/361/306 859/362/307
f 259/363/308 850/365/310 295/364/309
f 850/365/310 260/366/311 296/367/312
f 296/367/312 295/364/309 850/365/310
f 260/366/311 851/368/313 296/367/312
f 851/368/313 261/369/314 297/370/315
f 297/370/315 296/367/312 851/368/313
f 261/369/314 852/371/316 297/370/315
f 852/371/316 262/372/317 298/373/318
f 298/373/318 297/370/315 852/371/316
f 262/372/317 853/374/319 298/373/318
f 853/374/319 263/375/320 299/376/321
f 299/376/321 298/373/318 853/374/319
f 263/375/320 855/377/322 299/376/321
f 855/377/322 264/378/323 300/379/324
f 300/379/324 299/376/321 855/377/322
f 264/378/323 856/380/325 300/379/324
f 856/380/325 265/381/326 301/382/327
f 301/382/327 300/379/324 856/380/325
f 265/381/326 857/383/328 301/382/327
f 857/383/328 257/357/302 293/359/304
f 293/359/304 301/382/327 857/383/328
f 284/337/284 292/355/300 303/384/329
f 303/384/329 302/385/330 284/337/284
f 292/355/300 291/352/298 304/386/331
f 304/386/331 303/384/329 292/355/300
f 291/352/298 290/351/296 305/387/332
f 305/387/332 304/386/331 291/352/298
f 290/349/296 289/347/294 306/388/333
f 306/388/333 305/389/332 290/349/296
f 289/347/294 288/345/292 307/390/334
f 307/390/334 306/388/333 289/347/294
f 288/345/292 287/343/290 308/391/335
f 308/391/335 307/390/334 288/345/292
f 287/343/290 286/341/288 309/392/336
f 309/392/336 308/391/335 287/343/290
f 286/341/288 285/338/285 310/393/337
f 310/393/337 309/392/336 286/341/288
f 285/338/285 284/337/284 302/385/330
f 302/385/330 310/393/337 285/338/285
f 608/394/338 607/395/339 311/340/287
f 311/340/287 312/339/286 608/394/338
f 609/396/340 608/394/338 312/339/286
f 312/339/286 313/342/289 609/396/340
f 610/397/341 609/396/340 313/342/289
f 313/342/289 314/344/291 610/397/341
f 611/398/342 610/397/341 314/344/291
f 314/344/291 315/346/293 611/398/342
f 612/399/343 611/398/342 315/346/293
f 315/346/293 316/348/295 612/399/343
f 613/400/344 612/399/343 316/348/295
f 316/348/295 317/350/297 613/400/344
f 614/401/345 613/402/344 317/354/297
f 317/354/297 318/353/299 614/401/345
f 615/403/346 614/401/345 318/353/299
f 318/353/299 319/356/301 615/403/346
f 607/395/339 615/403/346 319/356/301
f 319/356/301 311/340/287 607/395/339
f 320/404/347 321/405/348 337/406/349
f 337/406/349 329/407/350 320/404/347
f 321/405/348 322/408/351 336/409/352
f 336/409/352 337/406/349 321/405/348
f 322/408/351 323/410/353 335/411/354
f 335/411/354 336/409/352 322/408/351
f 323/410/353 324/412/355 334/413/356
f 334/413/356 335/411/354 323/410/353
f 324/412/355 325/414/357 333/415/358
f 333/415/358 334/413/356 324/412/355
f 325/414/357 326/416/359 332/417/360
f 332/417/360 333/415/358 325/414/357
f 326/418/359 327/419/361 331/420/362
f 331/420/362 332/421/360 326/418/359
f 327/419/361 328/422/363 330/423/364
f 330/423/364 331/420/362 327/419/361
f 328/422/363 320/404/347 329/407/350
f 329/407/350 330/423/364 328/422/363
f 607/395/339 608/394/338 321/405/348
f 321/405/348 320/404/347 607/395/339
f 608/394/338 609/396/340 322/408/351
f 322/408/351 321/405/348 608/394/338
f 609/396/340 610/397/341 323/410/353
f 323/410/353 322/408/351 609/396/340
f 610/397/341 611/398/342 324/412/355
f 324/412/355 323/410/353 610/397/341
f 611/398/342 612/399/343 325/414/357
f 325/414/357 324/412/355 611/398/342
f 612/399/343 613/400/344 326/416/359
f 326/416/359 325/414/357 612/399/343
f 613/402/344 614/401/345 327/419/361
f 327/419/361 326/418/359 613/402/344
f 614/401/345 615/403/346 328/422/363
f 328/422/363 327/419/361 614/401/345
f 615/403/346 607/395/339 320/404/347
f 320/404/347 328/422/363 615/403/346
f 329/407/350 337/406/349 365/424/365
f 365/424/365 364/425/366 329/407/350
f 337/406/349 336/409/352 366/426/367
f 366/426/367 365/424/365 337/406/349
f 336/409/352 335/411/354 367/427/368
f 367/427/368 366/426/367 336/409/352
f 335/411/354 334/413/356 368/428/369
f 368/428/369 367/427/368 335/411/354
f 334/413/356 333/415/358 369/429/370
f 369/429/370 368/428/369 334/413/356
f 333/415/358 332/417/360 370/430/371
f 370/430/371 369/429/370 333/415/358
f 332/421/360 331/420/362 371/431/372
f 371/431/372 370/432/371 332/421/360
f 331/420/362 330/423/364 372/433/373
f 372/433/373 371/431/372 331/420/362
f 329/407/350 364/425/366 372/433/373
f 372/433/373 330/423/364 329/407/350
f 374/434/374 373/435/375 355/436/376
f 355/436/376 356/437/377 374/434/374
f 375/438/378 374/434/374 356/437/377
f 356/437/377 357/439/379 375/438/378
f 376/440/380 375/438/378 357/439/379
f 357/439/379 358/441/381 376/440/380
f 377/442/382 376/440/380 358/441/381
f 358/441/381 359/443/383 377/442/382
f 378/444/384 377/442/382 359/443/383
f 359/443/383 360/445/385 378/444/384
f 379/446/386 378/444/384 360/445/385
f 360/445/385 361/447/387 379/446/386
f 380/448/388 379/449/386 361/450/387
f 361/450/387 362/451/389 380/448/388
f 381/452/390 380/448/388 362/451/389
f 362/451/389 363/453/391 381/452/390
f 373/435/375 381/452/390 363/453/391
f 363/453/391 355/436/376 373/435/375
f 356/437/377 355/436/376 364/425/366
f 364/425/366 365/424/365 356/437/377
f 357/439/379 356/437/377 365/424/365
f 365/424/365 366/426/367 357/439/379
f 358/441/381 357/439/379 366/426/367
f 366/426/367 367/427/368 358/441/381
f 359/443/383 358/441/381 367/427/368
f 367/427/368 368/428/369 359/443/383
f 360/445/385 359/443/383 368/428/369
f 368/428/369 369/429/370 360/445/385
f 361/447/387 360/445/385 369/429/370
f 369/429/370 370/430/371 361/447/387
f 362/451/389 361/450/387 370/432/371
f 370/432/371 371/431/372 362/451/389
f 363/453/391 362/451/389 371/431/372
f 371/431/372 372/433/373 363/453/391
f 355/436/376 363/453/391 372/433/373
f 372/433/373 364/425/366 355/436/376
f 518/454/392 517/455/393 373/435/375
f 373/435/375 374/434/374 518/454/392
f 519/456/394 518/454/392 374/434/374
f 374/434/374 375/438/378 519/456/394
f 520/457/395 519/456/394 375/438/378
f 375/438/378 376/440/380 520/457/395
f 521/458/396 520/457/395 376/440/380
f 376/440/380 377/442/382 521/458/396
f 522/459/397 521/458/396 377/442/382
f 377/442/382 378/444/384 522/459/397
f 523/460/398 522/459/397 378/444/384
f 378/444/384 379/446/386 523/460/398
f 524/461/399 523/462/398 379/449/386
f 379/449/386 380/448/388 524/461/399
f 525/463/400 524/461/399 380/448/388
f 380/448/388 381/452/390 525/463/400
f 517/455/393 525/463/400 381/452/390
f 381/452/390 373/435/375 517/455/393
f 338/464/401 400/465/402 401/466/403
f 401/466/403 339/467/404 338/464/401
f 340/468/405 402/469/406 400/465/402
f 400/465/402 338/464/401 340/468/405
f 341/470/407 403/471/408 402/469/406
f 402/469/406 340/468/405 341/470/407
f 342/472/409 404/473/410 403/471/408
f 403/471/408 341/470/407 342/472/409
f 343/474/411 405/475/412 404/473/410
f 404/473/410 342/472/409 343/474/411
f 344/476/413 406/477/414 405/475/412
f 405/475/412 343/474/411 344/476/413
f 345/478/415 407/479/416 406/477/414
f 406/477/414 344/476/413 345/478/415
f 346/480/417 408/481/418 407/479/416
f 407/479/416 345/478/415 346/480/417
f 347/482/419 409/483/420 408/481/418
f 408/481/418 346/480/417 347/482/419
f 854/484/421 410/485/422 409/483/420
f 409/483/420 347/482/419 854/484/421
f 348/486/423 411/487/424 410/485/422
f 410/485/422 854/484/421 348/486/423
f 349/488/425 412/489/426 411/487/424
f 411/487/424 348/486/423 349/488/425
f 350/490/427 413/491/428 412/489/426
f 412/489/426 349/488/425 350/490/427
f 351/492/429 414/493/430 413/491/428
f 413/491/428 350/490/427 351/492/429
f 352/494/431 415/495/432 414/493/430
f 414/493/430 351/492/429 352/494/431
f 353/496/433 416/497/434 415/495/432
f 415/495/432 352/494/431 353/496/433
f 354/498/435 417/499/436 416/497/434
f 416/497/434 353/496/433 354/498/435
f 339/467/404 401/466/403 417/499/436
f 417/499/436 354/498/435 339/467/404
f 382/500/437 383/501/438 401/466/403
f 401/466/403 400/465/402 382/500/437
f 384/502/439 382/500/437 400/465/402
f 400/465/402 402/469/406 384/502/439
f 385/503/440 384/502/439 402/469/406
f 402/469/406 403/471/408 385/503/440
f 386/504/441 385/503/440 403/471/408
f 403/471/408 404/473/410 386/504/441
f 387/505/442 386/504/441 404/473/410
f 404/473/410 405/475/412 387/505/442
f 388/506/443 387/505/442 405/475/412
f 405/475/412 406/477/414 388/506/443
f 389/507/444 388/506/443 406/477/414
f 406/477/414 407/479/416 389/507/444
f 390/508/445 389/507/444 407/479/416
f 407/479/416 408/481/418 390/508/445
f 391/509/446 390/508/445 408/481/418
f 408/481/418 409/483/420 391/509/446
f 392/510/447 391/509/446 409/483/420
f 409/483/420 410/485/422 392/510/447
f 393/511/448 392/510/447 410/485/422
f 410/485/422 411/487/424 393/511/448
f 394/512/449 393/511/448 411/487/424
f 411/487/424 412/489/426 394/512/449
f 395/513/450 394/512/449 412/489/426
f 412/489/426 413/491/428 395/513/450
f 396/514/451 395/513/450 413/491/428
f 413/491/428 414/493/430 396/514/451
f 397/515/452 396/514/451 414/493/430
f 414/493/430 415/495/432 397/515/452
f 398/516/453 397/515/452 415/495/432
f 415/495/432 416/497/434 398/516/453
f 399/517/454 398/516/453 416/497/434
f 416/497/434 417/499/436 399/517/454
f 383/501/438 399/517/454 417/499/436
f 417/499/436 401/466/403 383/501/438
f 382/500/437 418/518/455 419/519/456
f 419/519/456 383/501/438 382/500/437
f 384/502/439 420/520/457 418/518/455
f 418/518/455 382/500/437 384/502/439
f 385/503/440 421/521/458 420/520/457
f 420/520/457 384/502/439 385/503/440
f 386/504/441 422/522/459 421/521/458
f 421/521/458 385/503/440 386/504/441
f 387/505/442 423/523/460 422/522/459
f 422/522/459 386/504/441 387/505/442
f 388/506/443 424/524/461 423/523/460
f 423/523/460 387/505/442 388/506/443
f 389/507/444 425/525/462 424/524/461
f 424/524/461 388/506/443 389/507/444
f 390/508/445 426/526/463 425/525/462
f 425/525/462 389/507/444 390/508/445
f 391/509/446 427/527/464 426/526/463
f 426/526/463 390/508/445 391/509/446
f 392/510/447 428/528/465 427/527/464
f 427/527/464 391/509/446 392/510/447
f 393/511/448 429/529/466 428/528/465
f 428/528/465 392/510/447 393/511/448
f 394/512/449 430/530/467 429/529/466
f 429/529/466 393/511/448 394/512/449
f 395/513/450 431/531/468 430/530/467
f 430/530/467 394/512/449 395/513/450
f 396/514/451 432/532/469 431/531/468
f 431/531/468 395/513/450 396/514/451
f 397/515/452 433/533/470 432/532/469
f 432/532/469 396/514/451 397/515/452
f 398/516/453 434/534/471 433/533/470
f 433/533/470 397/515/452 398/516/453
f 399/517/454 435/535/472 434/534/471
f 434/534/471 398/516/453 399/517/454
f 383/501/438 419/519/456 435/535/472
f 435/535/472 399/517/454 383/501/438
f 482/536/83 499/537/83 500/538/82
f 500/538/82 481/539/82 482/536/83
f 483/540/84 516/541/84 499/537/83
f 499/537/83 482/536/83 483/540/84
f 484/542/85 515/543/85 516/541/84
f 516/541/84 483/540/84 484/542/85
f 485/544/473 514/545/473 515/543/85
f 515/543/85 484/542/85 485/544/473
f 486/546/87 513/547/87 514/545/473
f 514/545/473 485/544/473 486/546/87
f 487/548/88 512/549/88 513/547/87
f 513/547/87 486/546/87 487/548/88
f 488/550/236 511/551/236 512/549/88
f 512/549/88 487/548/88 488/550/236
f 489/552/90 510/553/90 511/551/236
f 511/551/236 488/550/236 489/552/90
f 490/554/73 509/555/73 510/553/90
f 510/553/90 489/552/90 490/554/73
f 491/556/74 508/557/74 509/555/73
f 509/555/73 490/554/73 491/556/74
f 492/558/75 507/559/75 508/557/74
f 508/557/74 491/556/74 492/558/75
f 493/560/76 506/561/76 507/559/75
f 507/559/75 492/558/75 493/560/76
f 494/562/237 505/563/77 506/561/76
f 506/561/76 493/560/76 494/562/237
f 495/564/238 504/565/78 505/566/77
f 505/566/77 494/567/237 495/564/238
f 496/568/79 503/569/79 504/565/78
f 504/565/78 495/564/238 496/568/79
f 497/570/80 502/571/80 503/569/79
f 503/569/79 496/568/79 497/570/80
f 498/572/81 501/573/81 502/571/80
f 502/571/80 497/570/80 498/572/81
f 481/539/82 500/538/82 501/573/81
f 501/573/81 498/572/81 481/539/82
f 436/574/474 454/575/475 455/576/476
f 455/576/476 437/577/477 436/574/474
f 438/578/478 456/579/479 454/575/475
f 454/575/475 436/574/474 438/578/478
f 439/580/480 457/581/481 456/579/479
f 456/579/479 438/578/478 439/580/480
f 440/582/482 458/583/483 457/581/481
f 457/581/481 439/580/480 440/582/482
f 441/584/484 459/585/485 458/583/483
f 458/583/483 440/582/482 441/584/484
f 442/586/486 460/587/487 459/585/485
f 459/585/485 441/584/484 442/586/486
f 443/588/488 461/589/489 460/587/487
f 460/587/487 442/586/486 443/588/488
f 444/590/490 462/591/491 461/589/489
f 461/589/489 443/588/488 444/590/490
f 445/592/492 463/593/493 462/591/491
f 462/591/491 444/590/490 445/592/492
f 446/594/494 464/595/495 463/593/493
f 463/593/493 445/592/492 446/594/494
f 447/596/496 465/597/497 464/595/495
f 464/595/495 446/594/494 447/596/496
f 448/598/498 466/599/499 465/597/497
f 465/597/497 447/596/496 448/598/498
f 449/600/500 467/601/501 466/599/499
f 466/599/499 448/598/498 449/600/500
f 450/602/502 468/603/503 467/601/501
f 467/601/501 449/600/500 450/602/502
f 451/604/504 469/605/505 468/603/503
f 468/603/503 450/602/502 451/604/504
f 452/606/506 470/607/507 469/605/505
f 469/605/505 451/604/504 452/606/506
f 453/608/508 471/609/509 470/607/507
f 470/607/507 452/606/506 453/608/508
f 437/577/477 455/576/476 471/609/509
f 471/609/509 453/608/508 437/577/477
f 572/610/510 571/611/511 472/612/512
f 472/612/512 473/613/513 572/610/510
f 573/614/514 572/615/510 473/616/513
f 473/616/513 474/617/515 573/614/514
f 574/618/516 573/614/514 474/617/515
f 474/617/515 475/619/517 574/618/516
f 575/620/518 574/618/516 475/619/517
f 475/619/517 476/621/519 575/620/518
f 576/622/520 575/620/518 476/621/519
f 476/621/519 477/623/521 576/622/520
f 577/624/522 576/622/520 477/623/521
f 477/623/521 478/625/523 577/624/522
f 578/626/524 577/624/522 478/625/523
f 478/625/523 479/627/525 578/626/524
f 579/628/526 578/626/524 479/627/525
f 479/627/525 480/629/527 579/628/526
f 571/611/511 579/628/526 480/629/527
f 480/629/527 472/612/512 571/611/511
f 419/630/528 418/631/529 482/632/529
f 482/632/529 481/633/528 419/630/528
f 418/631/529 420/634/530 483/635/530
f 483/635/530 482/632/529 418/631/529
f 420/634/530 421/636/531 484/637/531
f 484/637/531 483/635/530 420/634/530
f 421/636/531 422/638/532 485/639/532
f 485/639/532 484/637/531 421/636/531
f 422/638/532 423/640/533 486/641/533
f 486/641/533 485/639/532 422/638/532
f 423/640/533 424/642/534 487/643/534
f 487/643/534 486/641/533 423/640/533
f 424/642/534 425/644/535 488/645/535
f 488/645/535 487/643/534 424/642/534
f 425/644/535 426/646/536 489/647/536
f 489/647/536 488/645/535 425/644/535
f 426/646/536 427/648/537 490/649/537
f 490/649/537 489/647/536 426/646/536
f 427/648/537 428/650/538 491/651/538
f 491/651/538 490/649/537 427/648/537
f 428/650/538 429/652/539 492/653/539
f 492/653/539 491/651/538 428/650/538
f 429/652/539 430/654/540 493/655/540
f 493/655/540 492/653/539 429/652/539
f 430/654/540 431/656/541 494/657/541
f 494/657/541 493/655/540 430/654/540
f 431/658/541 432/659/542 495/660/542
f 495/660/542 494/661/541 431/658/541
f 432/659/542 433/662/543 496/663/543
f 496/663/543 495/660/542 432/659/542
f 433/662/543 434/664/544 497/665/544
f 497/665/544 496/663/543 433/662/543
f 434/664/544 435/666/545 498/667/545
f 498/667/545 497/665/544 434/664/544
f 435/666/545 419/630/528 481/633/528
f 481/633/528 498/667/545 435/666/545
f 436/668/546 437/669/547 500/670/547
f 500/670/547 499/671/546 436/668/546
f 437/669/547 453/672/548 501/673/548
f 501/673/548 500/670/547 437/669/547
f 453/672/548 452/674/549 502/675/549
f 502/675/549 501/673/548 453/672/548
f 452/674/549 451/676/550 503/677/550
f 503/677/550 502/675/549 452/674/549
f 451/676/550 450/678/551 504/679/551
f 504/679/551 503/677/550 451/676/550
f 450/678/551 449/680/552 505/681/552
f 505/681/552 504/679/551 450/678/551
f 449/682/552 448/683/553 506/684/553
f 506/684/553 505/685/552 449/682/552
f 448/683/553 447/686/554 507/687/554
f 507/687/554 506/684/553 448/683/553
f 447/686/554 446/688/555 508/689/555
f 508/689/555 507/687/554 447/686/554
f 446/688/555 445/690/556 509/691/556
f 509/691/556 508/689/555 446/688/555
f 445/690/556 444/692/557 510/693/557
f 510/693/557 509/691/556 445/690/556
f 444/692/557 443/694/558 511/695/558
f 511/695/558 510/693/557 444/692/557
f 443/694/558 442/696/559 512/697/559
f 512/697/559 511/695/558 443/694/558
f 442/696/559 441/698/560 513/699/560
f 513/699/560 512/697/559 442/696/559
f 441/698/560 440/700/561 514/701/561
f 514/701/561 513/699/560 441/698/560
f 440/700/561 439/702/562 515/703/562
f 515/703/562 514/701/561 440/700/561
f 439/702/562 438/704/563 516/705/563
f 516/705/563 515/703/562 439/702/562
f 438/704/563 436/668/546 499/671/546
f 499/671/546 516/705/563 438/704/563
f 517/455/393 338/706/564 339/707/565
f 517/455/393 518/454/392 340/708/566
f 340/708/566 338/706/564 517/455/393
f 518/454/392 341/709/567 340/708/566
f 518/454/392 519/456/394 342/710/568
f 342/710/568 341/709/567 518/454/392
f 519/456/394 343/711/569 342/710/568
f 519/456/394 520/457/395 344/712/570
f 344/712/570 343/711/569 519/456/394
f 520/457/395 345/713/571 344/712/570
f 520/457/395 521/458/396 346/714/572
f 346/714/572 345/713/571 520/457/395
f 521/458/396 347/715/573 346/714/572
f 521/458/396 522/459/397 854/716/574
f 854/716/574 347/715/573 521/458/396
f 522/459/397 523/460/398 349/717/575
f 349/717/575 348/718/576 522/459/397
f 523/460/398 350/719/577 349/717/575
f 523/462/398 524/461/399 351/720/578
f 351/720/578 350/721/577 523/462/398
f 524/461/399 352/722/579 351/720/578
f 524/461/399 525/463/400 353/723/580
f 353/723/580 352/722/579 524/461/399
f 525/463/400 354/724/581 353/723/580
f 525/463/400 517/455/393 339/707/565
f 339/707/565 354/724/581 525/463/400
f 527/725/582 455/576/476 454/575/475
f 454/575/475 526/726/583 527/725/582
f 526/726/583 454/575/475 456/579/479
f 456/579/479 543/727/584 526/726/583
f 543/727/584 456/579/479 457/581/481
f 457/581/481 542/728/585 543/727/584
f 542/728/585 457/581/481 458/583/483
f 458/583/483 541/729/586 542/728/585
f 541/729/586 458/583/483 459/585/485
f 459/585/485 540/730/587 541/729/586
f 540/730/587 459/585/485 460/587/487
f 460/587/487 539/731/588 540/730/587
f 539/731/588 460/587/487 461/589/489
f 461/589/489 538/732/589 539/731/588
f 538/732/589 461/589/489 462/591/491
f 462/591/491 537/733/590 538/732/589
f 537/733/590 462/591/491 463/593/493
f 463/593/493 536/734/591 537/733/590
f 536/734/591 463/593/493 464/595/495
f 464/595/495 535/735/592 536/734/591
f 535/735/592 464/595/495 465/597/497
f 465/597/497 534/736/593 535/735/592
f 534/736/593 465/597/497 466/599/499
f 466/599/499 533/737/594 534/736/593
f 533/737/594 466/599/499 467/601/501
f 467/601/501 532/738/595 533/737/594
f 532/738/595 467/601/501 468/603/503
f 468/603/503 531/739/596 532/738/595
f 531/739/596 468/603/503 469/605/505
f 469/605/505 530/740/597 531/739/596
f 530/740/597 469/605/505 470/607/507
f 470/607/507 529/741/598 530/740/597
f 529/741/598 470/607/507 471/609/509
f 471/609/509 528/742/599 529/741/598
f 528/742/599 471/609/509 455/576/476
f 455/576/476 527/725/582 528/742/599
f 544/743/600 545/744/601 527/725/582
f 527/725/582 526/726/583 544/743/600
f 561/745/602 528/742/599 527/725/582
f 527/725/582 545/744/601 561/745/602
f 560/746/603 529/741/598 528/742/599
f 528/742/599 561/745/602 560/746/603
f 560/746/603 559/747/604 530/740/597
f 530/740/597 529/741/598 560/746/603
f 559/747/604 558/748/605 531/739/596
f 531/739/596 530/740/597 559/747/604
f 558/748/605 557/749/606 532/738/595
f 532/738/595 531/739/596 558/748/605
f 557/749/606 556/750/607 533/737/594
f 533/737/594 532/738/595 557/749/606
f 556/750/607 555/751/608 534/736/593
f 534/736/593 533/737/594 556/750/607
f 555/751/608 554/752/609 535/735/592
f 535/735/592 534/736/593 555/751/608
f 554/752/609 553/753/610 536/734/591
f 536/734/591 535/735/592 554/752/609
f 553/753/610 552/754/611 537/733/590
f 537/733/590 536/734/591 553/753/610
f 552/754/611 551/755/612 538/732/589
f 538/732/589 537/733/590 552/754/611
f 551/755/612 550/756/613 539/731/588
f 539/731/588 538/732/589 551/755/612
f 550/756/613 549/757/614 540/730/587
f 540/730/587 539/731/588 550/756/613
f 549/757/614 548/758/615 541/729/586
f 541/729/586 540/730/587 549/757/614
f 548/758/615 547/759/616 542/728/585
f 542/728/585 541/729/586 548/758/615
f 547/759/616 546/760/617 543/727/584
f 543/727/584 542/728/585 547/759/616
f 546/760/617 544/743/600 526/726/583
f 526/726/583 543/727/584 546/760/617
f 472/761/618 545/744/601 544/743/600
f 473/762/619 472/761/618 544/743/600
f 544/743/600 546/760/617 473/762/619
f 473/762/619 546/760/617 547/759/616
f 474/763/620 473/762/619 547/759/616
f 547/759/616 548/758/615 474/763/620
f 474/763/620 548/758/615 549/757/614
f 475/764/621 474/763/620 549/757/614
f 549/757/614 550/756/613 475/764/621
f 475/764/621 550/756/613 551/755/612
f 476/765/622 475/764/621 551/755/612
f 551/755/612 552/754/611 476/765/622
f 476/765/622 552/754/611 553/753/610
f 477/766/623 476/765/622 553/753/610
f 553/753/610 554/752/609 477/766/623
f 477/766/623 554/752/609 555/751/608
f 478/767/624 477/766/623 555/751/608
f 555/751/608 556/750/607 478/767/624
f 478/767/624 556/750/607 557/749/606
f 479/768/625 478/767/624 557/749/606
f 557/749/606 558/748/605 479/768/625
f 479/768/625 558/748/605 559/747/604
f 480/769/626 479/768/625 559/747/604
f 559/747/604 560/746/603 480/769/626
f 480/769/626 560/746/603 561/745/602
f 472/761/618 480/769/626 561/745/602
f 561/745/602 545/744/601 472/761/618
f 563/770/627 562/771/628 571/611/511
f 571/611/511 572/610/510 563/770/627
f 564/772/629 563/773/627 572/615/510
f 572/615/510 573/614/514 564/772/629
f 565/774/630 564/772/629 573/614/514
f 573/614/514 574/618/516 565/774/630
f 566/775/631 565/774/630 574/618/516
f 574/618/516 575/620/518 566/775/631
f 567/776/632 566/775/631 575/620/518
f 575/620/518 576/622/520 567/776/632
f 568/777/633 567/776/632 576/622/520
f 576/622/520 577/624/522 568/777/633
f 569/778/634 568/777/633 577/624/522
f 577/624/522 578/626/524 569/778/634
f 570/779/635 569/778/634 578/626/524
f 578/626/524 579/628/526 570/779/635
f 562/771/628 570/779/635 579/628/526
f 579/628/526 571/611/511 562/771/628
f 562/780/636 563/781/637 581/782/637
f 581/782/637 580/783/636 562/780/636
f 563/781/637 564/784/638 582/785/638
f 582/785/638 581/782/637 563/781/637
f 564/784/638 565/786/639 583/787/639
f 583/787/639 582/785/638 564/784/638
f 565/786/639 566/788/640 584/789/640
f 584/789/640 583/787/639 565/786/639
f 566/788/640 567/790/641 585/791/641
f 585/791/641 584/789/640 566/788/640
f 567/790/641 568/792/642 586/793/642
f 586/793/642 585/791/641 567/790/641
f 568/794/642 569/795/643 587/796/643
f 587/796/643 586/797/642 568/794/642
f 569/795/643 570/798/644 588/799/644
f 588/799/644 587/796/643 569/795/643
f 570/798/644 562/780/636 580/783/636
f 580/783/636 588/799/644 570/798/644
f 580/800/645 581/801/646 635/802/646
f 635/802/646 634/803/645 580/800/645
f 581/801/646 582/804/647 636/805/647
f 636/805/647 635/802/646 581/801/646
f 582/804/647 583/806/648 637/807/648
f 637/807/648 636/805/647 582/804/647
f 583/806/648 584/808/649 638/809/649
f 638/809/649 637/807/648 583/806/648
f 584/808/649 585/810/650 639/811/650
f 639/811/650 638/809/649 584/808/649
f 585/810/650 586/812/651 640/813/651
f 640/813/651 639/811/650 585/810/650
f 586/812/651 587/814/652 641/815/652
f 641/815/652 640/813/651 586/812/651
f 587/814/652 588/816/653 642/817/653
f 642/817/653 641/815/652 587/814/652
f 588/816/653 580/800/645 634/803/645
f 634/803/645 642/817/653 588/816/653
f 617/818/654 616/819/655 589/820/656
f 589/820/656 590/821/657 617/818/654
f 618/822/658 617/818/654 590/821/657
f 590/821/657 591/823/659 618/822/658
f 619/824/660 618/822/658 591/823/659
f 591/823/659 592/825/661 619/824/660
f 620/826/662 619/824/660 592/825/661
f 592/825/661 593/827/663 620/826/662
f 594/828/664 621/829/665 620/826/662
f 620/826/662 593/827/663 594/828/664
f 595/830/666 622/831/667 621/829/665
f 621/829/665 594/828/664 595/830/666
f 596/832/668 623/833/669 622/831/667
f 622/831/667 595/830/666 596/832/668
f 597/834/670 624/835/671 623/833/669
f 623/833/669 596/832/668 597/834/670
f 625/836/672 624/835/671 597/834/670
f 597/834/670 598/837/673 625/836/672
f 626/838/674 625/836/672 598/837/673
f 598/837/673 599/839/675 626/838/674
f 627/840/676 626/838/674 599/839/675
f 599/839/675 600/841/677 627/840/676
f 628/842/678 627/840/676 600/841/677
f 600/841/677 601/843/679 628/842/678
f 629/844/680 628/845/678 601/846/679
f 601/846/679 602/847/681 629/844/680
f 603/848/682 630/849/683 629/844/680
f 629/844/680 602/847/681 603/848/682
f 604/850/684 631/851/685 630/849/683
f 630/849/683 603/848/682 604/850/684
f 605/852/686 632/853/687 631/851/685
f 631/851/685 604/850/684 605/852/686
f 606/854/688 633/855/689 632/853/687
f 632/853/687 605/852/686 606/854/688
f 616/819/655 633/855/689 606/854/688
f 606/854/688 589/820/656 616/819/655
f 149/856/690 166/857/691 590/821/657
f 590/821/657 589/820/656 149/856/690
f 166/857/691 165/858/692 591/823/659
f 591/823/659 590/821/657 166/857/691
f 165/858/692 164/859/693 592/825/661
f 592/825/661 591/823/659 165/858/692
f 164/859/693 163/860/694 593/827/663
f 593/827/663 592/825/661 164/859/693
f 163/860/694 162/861/695 594/828/664
f 594/828/664 593/827/663 163/860/694
f 162/861/695 161/862/696 595/830/666
f 595/830/666 594/828/664 162/861/695
f 161/862/696 160/863/697 596/832/668
f 596/832/668 595/830/666 161/862/696
f 160/863/697 159/864/698 597/834/670
f 597/834/670 596/832/668 160/863/697
f 159/864/698 158/865/699 598/837/673
f 598/837/673 597/834/670 159/864/698
f 158/865/699 157/866/700 599/839/675
f 599/839/675 598/837/673 158/865/699
f 157/866/700 156/867/701 600/841/677
f 600/841/677 599/839/675 157/866/700
f 156/867/701 155/868/702 601/843/679
f 601/843/679 600/841/677 156/867/701
f 155/869/702 154/870/703 602/847/681
f 602/847/681 601/846/679 155/869/702
f 154/870/703 153/871/704 603/848/682
f 603/848/682 602/847/681 154/870/703
f 153/871/704 152/872/705 604/850/684
f 604/850/684 603/848/682 153/871/704
f 152/872/705 151/873/706 605/852/686
f 605/852/686 604/850/684 152/872/705
f 151/873/706 150/874/707 606/854/688
f 606/854/688 605/852/686 151/873/706
f 150/874/707 149/856/690 589/820/656
f 589/820/656 606/854/688 150/874/707
f 268/283/243 266/281/241 616/819/655
f 616/819/655 617/818/654 268/283/243
f 269/285/245 268/283/243 617/818/654
f 617/818/654 618/822/658 269/285/245
f 270/287/247 269/285/245 618/822/658
f 618/822/658 619/824/660 270/287/247
f 271/289/249 270/287/247 619/824/660
f 619/824/660 620/826/662 271/289/249
f 272/291/251 271/289/249 620/826/662
f 620/826/662 621/829/665 272/291/251
f 273/293/253 272/291/251 621/829/665
f 621/829/665 622/831/667 273/293/253
f 274/295/255 273/293/253 622/831/667
f 622/831/667 623/833/669 274/295/255
f 275/297/257 274/295/255 623/833/669
f 623/833/669 624/835/671 275/297/257
f 276/299/259 275/297/257 624/835/671
f 624/835/671 625/836/672 276/299/259
f 277/301/261 276/299/259 625/836/672
f 625/836/672 626/838/674 277/301/261
f 278/303/263 277/301/261 626/838/674
f 626/838/674 627/840/676 278/303/263
f 279/305/265 278/303/263 627/840/676
f 627/840/676 628/842/678 279/305/265
f 280/309/267 279/308/265 628/845/678
f 628/845/678 629/844/680 280/309/267
f 281/311/269 280/309/267 629/844/680
f 629/844/680 630/849/683 281/311/269
f 282/313/271 281/311/269 630/849/683
f 630/849/683 631/851/685 282/313/271
f 283/315/273 282/313/271 631/851/685
f 631/851/685 632/853/687 283/315/273
f 267/280/240 283/315/273 632/853/687
f 632/853/687 633/855/689 267/280/240
f 266/281/241 267/280/240 633/855/689
f 633/855/689 616/819/655 266/281/241
f 635/875/708 644/876/708 643/877/709
f 643/877/709 634/878/709 635/875/708
f 636/879/710 645/880/710 644/876/708
f 644/876/708 635/875/708 636/879/710
f 637/881/711 646/882/711 645/880/710
f 645/880/710 636/879/710 637/881/711
f 638/883/712 647/884/712 646/882/711
f 646/882/711 637/881/711 638/883/712
f 639/885/713 648/886/713 647/884/712
f 647/884/712 638/883/712 639/885/713
f 640/887/714 649/888/714 648/886/713
f 648/886/713 639/885/713 640/887/714
f 641/889/715 650/890/715 649/888/714
f 649/888/714 640/887/714 641/889/715
f 642/891/716 651/892/716 650/890/715
f 650/890/715 641/889/715 642/891/716
f 634/878/709 643/877/709 651/892/716
f 651/892/716 642/891/716 634/878/709
f 643/893/717 707/894/718 706/895/719
f 644/896/720 708/897/721 707/894/718
f 707/894/718 643/893/717 644/896/720
f 644/896/720 709/898/722 708/897/721
f 645/899/723 710/900/724 709/898/722
f 709/898/722 644/896/720 645/899/723
f 645/899/723 711/901/725 710/900/724
f 646/902/726 712/903/727 711/901/725
f 711/901/725 645/899/723 646/902/726
f 646/902/726 713/904/728 712/903/727
f 647/905/729 714/906/730 713/904/728
f 713/904/728 646/902/726 647/905/729
f 647/905/729 715/907/731 714/906/730
f 648/908/732 716/909/733 715/907/731
f 715/907/731 647/905/729 648/908/732
f 648/908/732 717/910/734 716/909/733
f 649/911/735 718/912/736 717/910/734
f 717/910/734 648/908/732 649/911/735
f 649/911/735 719/913/737 718/912/736
f 650/914/738 720/915/739 719/916/737
f 719/916/737 649/917/735 650/914/738
f 650/914/738 721/918/740 720/915/739
f 651/919/741 722/920/742 721/918/740
f 721/918/740 650/914/738 651/919/741
f 651/919/741 723/921/743 722/920/742
f 643/893/717 706/895/719 723/921/743
f 723/921/743 651/919/741 643/893/717
f 652/922/744 653/923/745 689/924/746
f 689/924/746 688/925/747 652/922/744
f 653/923/745 654/926/748 690/927/749
f 690/927/749 689/924/746 653/923/745
f 654/926/748 655/928/750 691/929/751
f 691/929/751 690/927/749 654/926/748
f 655/928/750 656/930/752 692/931/753
f 692/931/753 691/929/751 655/928/750
f 656/930/752 657/932/754 693/933/755
f 693/933/755 692/931/753 656/930/752
f 657/932/754 658/934/756 694/935/757
f 694/935/757 693/933/755 657/932/754
f 658/934/756 659/936/758 695/937/759
f 695/937/759 694/935/757 658/934/756
f 659/936/758 660/938/760 696/939/761
f 696/939/761 695/937/759 659/936/758
f 660/938/760 661/940/762 697/941/763
f 697/941/763 696/939/761 660/938/760
f 661/940/762 662/942/764 698/943/765
f 698/943/765 697/941/763 661/940/762
f 662/942/764 663/944/766 699/945/767
f 699/945/767 698/943/765 662/942/764
f 663/944/766 664/946/768 700/947/769
f 700/947/769 699/945/767 663/944/766
f 664/946/768 665/948/770 701/949/771
f 701/949/771 700/947/769 664/946/768
f 665/948/770 666/950/772 702/951/773
f 702/951/773 701/949/771 665/948/770
f 666/950/772 667/952/774 703/953/775
f 703/953/775 702/951/773 666/950/772
f 667/952/774 668/954/776 704/955/777
f 704/955/777 703/953/775 667/952/774
f 668/954/776 669/956/778 705/957/779
f 705/957/779 704/955/777 668/954/776
f 669/956/778 652/922/744 688/925/747
f 688/925/747 705/957/779 669/956/778
f 671/958/780 670/959/781 688/925/747
f 688/925/747 689/924/746 671/958/780
f 672/960/782 671/958/780 689/924/746
f 689/924/746 690/927/749 672/960/782
f 673/961/783 672/960/782 690/927/749
f 690/927/749 691/929/751 673/961/783
f 674/962/784 673/961/783 691/929/751
f 691/929/751 692/931/753 674/962/784
f 675/963/785 674/962/784 692/931/753
f 692/931/753 693/933/755 675/963/785
f 676/964/786 675/963/785 693/933/755
f 693/933/755 694/935/757 676/964/786
f 677/965/787 676/964/786 694/935/757
f 694/935/757 695/937/759 677/965/787
f 678/966/788 677/965/787 695/937/759
f 695/937/759 696/939/761 678/966/788
f 679/967/789 678/966/788 696/939/761
f 696/939/761 697/941/763 679/967/789
f 680/968/790 679/967/789 697/941/763
f 697/941/763 698/943/765 680/968/790
f 681/969/791 680/968/790 698/943/765
f 698/943/765 699/945/767 681/969/791
f 682/970/792 681/969/791 699/945/767
f 699/945/767 700/947/769 682/970/792
f 683/971/793 682/970/792 700/947/769
f 700/947/769 701/949/771 683/971/793
f 684/972/794 683/971/793 701/949/771
f 701/949/771 702/951/773 684/972/794
f 685/973/795 684/972/794 702/951/773
f 702/951/773 703/953/775 685/973/795
f 686/974/796 685/973/795 703/953/775
f 703/953/775 704/955/777 686/974/796
f 687/975/797 686/974/796 704/955/777
f 704/955/777 705/957/779 687/975/797
f 670/959/781 687/975/797 705/957/779
f 705/957/779 688/925/747 670/959/781
f 653/923/745 652/922/744 706/976/798
f 706/976/798 707/977/799 653/923/745
f 654/926/748 653/923/745 707/977/799
f 707/977/799 708/978/800 654/926/748
f 655/928/750 654/926/748 708/978/800
f 708/978/800 709/979/801 655/928/750
f 656/930/752 655/928/750 709/979/801
f 709/979/801 710/980/802 656/930/752
f 657/932/754 656/930/752 710/980/802
f 710/980/802 711/981/803 657/932/754
f 658/934/756 657/932/754 711/981/803
f 711/981/803 712/982/804 658/934/756
f 659/936/758 658/934/756 712/982/804
f 712/982/804 713/983/805 659/936/758
f 660/938/760 659/936/758 713/983/805
f 713/983/805 714/984/806 660/938/760
f 661/940/762 660/938/760 714/984/806
f 714/984/806 715/985/807 661/940/762
f 662/942/764 661/940/762 715/985/807
f 715/985/807 716/986/808 662/942/764
f 663/944/766 662/942/764 716/986/808
f 716/986/808 717/987/809 663/944/766
f 664/946/768 663/944/766 717/987/809
f 717/987/809 718/988/810 664/946/768
f 665/948/770 664/946/768 718/988/810
f 718/988/810 719/989/811 665/948/770
f 666/950/772 665/948/770 719/989/811
f 719/989/811 720/990/812 666/950/772
f 667/952/774 666/950/772 720/990/812
f 720/990/812 721/991/813 667/952/774
f 668/954/776 667/952/774 721/991/813
f 721/991/813 722/992/814 668/954/776
f 669/956/778 668/954/776 722/992/814
f 722/992/814 723/993/815 669/956/778
f 652/922/744 669/956/778 723/993/815
f 723/993/815 706/976/798 652/922/744
f 670/959/781 671/958/780 725/994/816
f 725/994/816 724/995/817 670/959/781
f 671/958/780 672/960/782 726/996/818
f 726/996/818 725/994/816 671/958/780
f 672/960/782 673/961/783 727/997/819
f 727/997/819 726/996/818 672/960/782
f 673/961/783 674/962/784 728/998/820
f 728/998/820 727/997/819 673/961/783
f 674/962/784 675/963/785 729/999/821
f 729/999/821 728/998/820 674/962/784
f 675/963/785 676/964/786 730/1000/822
f 730/1000/822 729/999/821 675/963/785
f 676/964/786 677/965/787 731/1001/823
f 731/1001/823 730/1000/822 676/964/786
f 677/965/787 678/966/788 732/1002/824
f 732/1002/824 731/1001/823 677/965/787
f 678/966/788 679/967/789 733/1003/825
f 733/1003/825 732/1002/824 678/966/788
f 679/967/789 680/968/790 734/1004/826
f 734/1004/826 733/1003/825 679/967/789
f 680/968/790 681/969/791 735/1005/827
f 735/1005/827 734/1004/826 680/968/790
f 681/969/791 682/970/792 736/1006/828
f 736/1006/828 735/1005/827 681/969/791
f 682/970/792 683/971/793 737/1007/829
f 737/1007/829 736/1006/828 682/970/792
f 683/971/793 684/972/794 738/1008/830
f 738/1008/830 737/1007/829 683/971/793
f 684/972/794 685/973/795 739/1009/831
f 739/1009/831 738/1008/830 684/972/794
f 685/973/795 686/974/796 740/1010/832
f 740/1010/832 739/1009/831 685/973/795
f 686/974/796 687/975/797 741/1011/833
f 741/1011/833 740/1010/832 686/974/796
f 687/975/797 670/959/781 724/995/817
f 724/995/817 741/1011/833 687/975/797
f 724/1/834 725/4/835 743/3/835
f 743/3/835 742/2/834 724/1/834
f 725/4/835 726/6/836 744/5/836
f 744/5/836 743/3/835 725/4/835
f 726/6/836 727/8/837 745/7/837
f 745/7/837 744/5/836 726/6/836
f 727/8/837 728/10/838 746/9/838
f 746/9/838 745/7/837 727/8/837
f 728/10/838 729/12/839 747/11/839
f 747/11/839 746/9/838 728/10/838
f 729/12/839 730/14/840 748/13/840
f 748/13/840 747/11/839 729/12/839
f 730/14/840 731/16/841 749/15/841
f 749/15/841 748/13/840 730/14/840
f 731/16/841 732/18/842 750/17/842
f 750/17/842 749/15/841 731/16/841
f 732/18/842 733/20/843 751/19/843
f 751/19/843 750/17/842 732/18/842
f 733/20/843 734/22/844 752/21/844
f 752/21/844 751/19/843 733/20/843
f 734/22/844 735/24/845 753/23/845
f 753/23/845 752/21/844 734/22/844
f 735/24/845 736/26/846 754/25/846
f 754/25/846 753/23/845 735/24/845
f 736/26/846 737/28/847 755/27/847
f 755/27/847 754/25/846 736/26/846
f 737/28/847 738/30/848 756/29/848
f 756/29/848 755/27/847 737/28/847
f 738/30/848 739/32/849 757/31/849
f 757/31/849 756/29/848 738/30/848
f 739/32/849 740/34/850 758/33/850
f 758/33/850 757/31/849 739/32/849
f 740/34/850 741/36/851 759/35/851
f 759/35/851 758/33/850 740/34/850
f 741/36/851 724/1/834 742/2/834
f 742/2/834 759/35/851 741/36/851
f 742/37/852 743/40/853 761/39/854
f 761/39/854 760/38/855 742/37/852
f 743/40/853 744/42/856 762/41/857
f 762/41/857 761/39/854 743/40/853
f 744/42/856 745/44/858 763/43/859
f 763/43/859 762/41/857 744/42/856
f 745/44/858 746/46/860 764/45/861
f 764/45/861 763/43/859 745/44/858
f 746/46/860 747/48/862 765/47/863
f 765/47/863 764/45/861 746/46/860
f 747/48/862 748/50/864 766/49/865
f 766/49/865 765/47/863 747/48/862
f 748/50/864 749/52/866 767/51/867
f 767/51/867 766/49/865 748/50/864
f 749/52/866 750/54/868 768/53/869
f 768/53/869 767/51/867 749/52/866
f 750/54/868 751/56/870 769/55/871
f 769/55/871 768/53/869 750/54/868
f 751/56/870 752/58/872 770/57/873
f 770/57/873 769/55/871 751/56/870
f 752/58/872 753/60/874 771/59/875
f 771/59/875 770/57/873 752/58/872
f 753/60/874 754/62/876 772/61/877
f 772/61/877 771/59/875 753/60/874
f 754/62/876 755/64/878 773/63/879
f 773/63/879 772/61/877 754/62/876
f 755/65/878 756/68/880 774/67/881
f 774/67/881 773/66/879 755/65/878
f 756/68/880 757/70/882 775/69/883
f 775/69/883 774/67/881 756/68/880
f 757/70/882 758/72/884 776/71/885
f 776/71/885 775/69/883 757/70/882
f 758/72/884 759/74/886 777/73/887
f 777/73/887 776/71/885 758/72/884
f 759/74/886 742/37/852 760/38/855
f 760/38/855 777/73/887 759/74/886
f 760/38/855 761/39/854 779/76/888
f 779/76/888 778/75/889 760/38/855
f 761/39/854 762/41/857 780/77/890
f 780/77/890 779/76/888 761/39/854
f 762/41/857 763/43/859 781/78/891
f 781/78/891 780/77/890 762/41/857
f 763/43/859 764/45/861 782/79/892
f 782/79/892 781/78/891 763/43/859
f 764/45/861 765/47/863 783/80/893
f 783/80/893 782/79/892 764/45/861
f 765/47/863 766/49/865 784/81/894
f 784/81/894 783/80/893 765/47/863
f 766/49/865 767/51/867 785/82/895
f 785/82/895 784/81/894 766/49/865
f 767/51/867 768/53/869 786/83/896
f 786/83/896 785/82/895 767/51/867
f 768/53/869 769/55/871 787/84/897
f 787/84/897 786/83/896 768/53/869
f 769/55/871 770/57/873 788/85/898
f 788/85/898 787/84/897 769/55/871
f 770/57/873 771/59/875 789/86/899
f 789/86/899 788/85/898 770/57/873
f 771/59/875 772/61/877 790/87/900
f 790/87/900 789/86/899 771/59/875
f 772/61/877 773/63/879 791/88/901
f 791/88/901 790/87/900 772/61/877
f 773/66/879 774/67/881 792/90/902
f 792/90/902 791/89/901 773/66/879
f 774/67/881 775/69/883 793/91/903
f 793/91/903 792/90/902 774/67/881
f 775/69/883 776/71/885 794/92/904
f 794/92/904 793/91/903 775/69/883
f 776/71/885 777/73/887 795/93/905
f 795/93/905 794/92/904 776/71/885
f 777/73/887 760/38/855 778/75/889
f 778/75/889 795/93/905 777/73/887
f 778/75/889 779/76/888 797/95/83
f 797/95/83 796/94/82 778/75/889
f 779/76/888 780/77/890 798/96/84
f 798/96/84 797/95/83 779/76/888
f 780/77/890 781/78/891 799/97/85
f 799/97/85 798/96/84 780/77/890
f 781/78/891 782/79/892 800/98/473
f 800/98/473 799/97/85 781/78/891
f 782/79/892 783/80/893 801/99/906
f 801/99/906 800/98/473 782/79/892
f 783/80/893 784/81/894 802/100/88
f 802/100/88 801/99/906 783/80/893
f 784/81/894 785/82/895 803/101/236
f 803/101/236 802/100/88 784/81/894
f 785/82/895 786/83/896 804/102/90
f 804/102/90 803/101/236 785/82/895
f 786/83/896 787/84/897 805/103/73
f 805/103/73 804/102/90 786/83/896
f 787/84/897 788/85/898 806/104/74
f 806/104/74 805/103/73 787/84/897
f 788/85/898 789/86/899 807/105/75
f 807/105/75 806/104/74 788/85/898
f 789/86/899 790/87/900 808/106/76
f 808/106/76 807/105/75 789/86/899
f 790/87/900 791/88/901 809/107/77
f 809/107/77 808/106/76 790/87/900
f 791/89/901 792/90/902 810/109/238
f 810/109/238 809/108/77 791/89/901
f 792/90/902 793/91/903 811/110/79
f 811/110/79 810/109/238 792/90/902
f 793/91/903 794/92/904 812/111/907
f 812/111/907 811/110/79 793/91/903
f 794/92/904 795/93/905 813/112/81
f 813/112/81 812/111/907 794/92/904
f 795/93/905 778/75/889 796/94/82
f 796/94/82 813/112/81 795/93/905
f 814/1012/908 815/1013/909 833/1014/910
f 833/1014/910 832/1015/911 814/1012/908
f 815/1013/909 816/1016/912 834/1017/913
f 834/1017/913 833/1014/910 815/1013/909
f 816/1016/912 817/1018/914 835/1019/915
f 835/1019/915 834/1017/913 816/1016/912
f 817/1018/914 818/1020/916 836/1021/917
f 836/1021/917 835/1019/915 817/1018/914
f 818/1020/916 819/1022/918 837/1023/919
f 837/1023/919 836/1021/917 818/1020/916
f 819/1024/918 820/1025/920 838/1026/921
f 838/1026/921 837/1027/919 819/1024/918
f 820/1025/920 821/1028/922 839/1029/923
f 839/1029/923 838/1026/921 820/1025/920
f 821/1028/922 822/1030/924 840/1031/925
f 840/1031/925 839/1029/923 821/1028/922
f 822/1030/924 823/1032/926 841/1033/927
f 841/1033/927 840/1031/925 822/1030/924
f 823/1032/926 824/1034/928 842/1035/929
f 842/1035/929 841/1033/927 823/1032/926
f 824/1034/928 825/1036/930 843/1037/931
f 843/1037/931 842/1035/929 824/1034/928
f 825/1036/930 826/1038/932 844/1039/933
f 844/1039/933 843/1037/931 825/1036/930
f 826/1038/932 827/1040/934 845/1041/935
f 845/1041/935 844/1039/933 826/1038/932
f 827/1040/934 828/1042/936 846/1043/937
f 846/1043/937 845/1041/935 827/1040/934
f 828/1042/936 829/1044/938 847/1045/939
f 847/1045/939 846/1043/937 828/1042/936
f 829/1044/938 830/1046/940 848/1047/941
f 848/1047/941 847/1045/939 829/1044/938
f 830/1046/940 831/1048/942 849/1049/943
f 849/1049/943 848/1047/941 830/1046/940
f 831/1048/942 814/1012/908 832/1015/911
f 832/1015/911 849/1049/943 831/1048/942
f 816/1050/944 815/1051/944 814/1052/944
f 816/1050/944 814/1052/944 831/1053/944
f 816/1050/944 831/1053/944 830/1054/944
f 816/1050/944 830/1054/944 829/1055/944
f 816/1050/944 829/1055/944 828/1056/944
f 816/1050/944 828/1056/944 827/1057/944
f 816/1050/944 827/1057/944 826/1058/944
f 816/1050/944 826/1058/944 825/1059/944
f 816/1050/944 825/1059/944 824/1060/944
f 816/1050/944 824/1060/944 823/1061/944
f 816/1050/944 823/1061/944 822/1062/944
f 816/1050/944 822/1062/944 821/1063/944
f 816/1050/944 821/1063/944 820/1064/944
f 816/1050/944 820/1064/944 819/1065/944
f 816/1050/944 819/1065/944 818/1066/944
f 816/1050/944 818/1066/944 817/1067/944
f 847/1068/945 848/1069/945 849/1070/945
f 847/1068/945 849/1070/945 832/1071/945
f 847/1068/945 832/1071/945 833/1072/945
f 847/1068/945 833/1072/945 834/1073/945
f 847/1068/945 834/1073/945 835/1074/945
f 847/1068/945 835/1074/945 836/1075/945
f 847/1068/945 836/1075/945 837/1076/945
f 847/1068/945 837/1076/945 838/1077/945
f 847/1068/945 838/1077/945 839/1078/945
f 847/1068/945 839/1078/945 840/1079/945
f 847/1068/945 840/1079/945 841/1080/945
f 847/1068/945 841/1080/945 842/1081/945
f 847/1068/945 842/1081/945 843/1082/945
f 847/1068/945 843/1082/945 844/1083/945
f 847/1068/945 844/1083/945 845/1084/945
f 847/1068/945 845/1084/945 846/1085/945
f 522/459/397 348/718/576 854/716/574
f 865/1086/946 863/1087/947 862/1088/948
f 866/1089/949 868/1090/950 869/1091/950
f 864/1092/946 866/1089/949 869/1091/950
f 862/1088/948 864/1092/946 869/1091/950
f 862/1088/948 869/1091/950 867/1093/951
f 865/1086/946 862/1088/948 867/1093/951
f 871/1094/952 869/1091/950 868/1090/950
f 872/1095/953 874/1096/954 875/1097/954
f 870/1098/952 872/1095/953 875/1097/954
f 868/1090/950 870/1098/952 875/1097/954
f 868/1090/950 875/1097/954 873/1099/953
f 871/1094/952 868/1090/950 873/1099/953
f 877/1100/955 875/1101/954 874/1102/954
f 878/1103/956 880/1104/957 881/1105/957
f 876/1106/955 878/1103/956 881/1105/957
f 874/1102/954 876/1106/955 881/1105/957
f 874/1102/954 881/1105/957 879/1107/956
f 877/1100/955 874/1102/954 879/1107/956
f 883/1108/958 881/1105/957 880/1104/957
f 884/1109/959 886/1110/960 887/1111/960
f 882/1112/958 884/1109/959 887/1111/960
f 880/1104/957 882/1112/958 887/1111/960
f 880/1104/957 887/1111/960 885/1113/959
f 883/1108/958 880/1104/957 885/1113/959
f 889/1114/961 887/1111/960 886/1110/960
f 890/1115/962 892/1116/963 893/1117/963
f 888/1118/961 890/1115/962 893/1117/963
f 886/1110/960 888/1118/961 893/1117/963
f 886/1110/960 893/1117/963 891/1119/964
f 889/1114/961 886/1110/960 891/1119/964
f 895/1120/965 893/1117/963 892/1116/963
f 896/1121/966 898/1122/967 899/1123/968
f 894/1124/965 896/1121/966 899/1123/968
f 892/1116/963 894/1124/965 899/1123/968
f 892/1116/963 899/1123/968 897/1125/966
f 895/1120/965 892/1116/963 897/1125/966
f 901/1126/969 899/1123/968 898/1122/967
f 902/1127/970 904/1128/971 905/1129/971
f 900/1130/969 902/1127/970 905/1129/971
f 898/1122/967 900/1130/969 905/1129/971
f 898/1122/967 905/1129/971 903/1131/972
f 901/1126/969 898/1122/967 903/1131/972
f 907/1132/973 905/1129/971 904/1128/971
f 907/1132/973 904/1128/971 906/1133/973
f 907/1132/973 906/1133/973 860/1134/974
f 907/1132/973 860/1134/974 862/1088/948
f 907/1132/973 862/1088/948 863/1087/947
f 907/1132/973 863/1087/947 861/1135/975
f 908/1136/976 1028/1137/977 1042/1138/978
f 1042/1138/978 922/1139/979 908/1136/976
f 1043/1140/980 908/1136/976 922/1139/979
f 922/1139/979 1057/1141/981 1043/1140/980
f 908/1136/976 1043/1140/980 1044/1142/982
f 1044/1142/982 909/1143/983 908/1136/976
f 1028/1137/977 908/1136/976 909/1143/983
f 909/1143/983 1029/1144/984 1028/1137/977
f 909/1143/983 1044/1142/982 1045/1145/985
f 1045/1145/985 910/1146/986 909/1143/983
f 1029/1144/984 909/1143/983 910/1146/986
f 910/1146/986 1030/1147/987 1029/1144/984
f 910/1146/986 1045/1145/985 1046/1148/988
f 1046/1148/988 911/1149/989 910/1146/986
f 1030/1147/987 910/1146/986 911/1149/989
f 911/1149/989 1031/1150/990 1030/1147/987
f 911/1149/989 1046/1148/988 1047/1151/991
f 1047/1151/991 912/1152/992 911/1149/989
f 1031/1150/990 911/1149/989 912/1152/992
f 912/1152/992 1032/1153/993 1031/1150/990
f 912/1152/992 1047/1151/991 1048/1154/994
f 1048/1154/994 913/1155/995 912/1152/992
f 1032/1153/993 912/1152/992 913/1155/995
f 913/1155/995 1033/1156/996 1032/1153/993
f 913/1155/995 1048/1154/994 1049/1157/997
f 1049/1157/997 914/1158/998 913/1155/995
f 1033/1156/996 913/1155/995 914/1158/998
f 914/1158/998 1034/1159/999 1033/1156/996
f 914/1160/998 1049/1161/997 1050/1162/1000
f 1050/1162/1000 915/1163/1001 914/1160/998
f 1034/1164/999 914/1160/998 915/1163/1001
f 915/1163/1001 1035/1165/1002 1034/1164/999
f 915/1163/1001 1050/1162/1000 1051/1166/1003
f 1051/1166/1003 916/1167/1004 915/1163/1001
f 1035/1165/1002 915/1163/1001 916/1167/1004
f 916/1167/1004 1036/1168/1005 1035/1165/1002
f 916/1167/1004 1051/1166/1003 1052/1169/1006
f 1052/1169/1006 917/1170/1007 916/1167/1004
f 1036/1168/1005 916/1167/1004 917/1170/1007
f 917/1170/1007 1037/1171/1008 1036/1168/1005
f 917/1170/1007 1052/1169/1006 1053/1172/1009
f 1053/1172/1009 918/1173/1010 917/1170/1007
f 1037/1171/1008 917/1170/1007 918/1173/1010
f 918/1173/1010 1038/1174/1011 1037/1171/1008
f 918/1173/1010 1053/1172/1009 1054/1175/1012
f 1054/1175/1012 919/1176/1013 918/1173/1010
f 1038/1174/1011 918/1173/1010 919/1176/1013
f 919/1176/1013 1039/1177/1014 1038/1174/1011
f 919/1176/1013 1054/1175/1012 1055/1178/1015
f 1055/1178/1015 920/1179/1016 919/1176/1013
f 1039/1177/1014 919/1176/1013 920/1179/1016
f 920/1179/1016 1040/1180/1017 1039/1177/1014
f 920/1179/1016 1055/1178/1015 1056/1181/1018
f 1056/1181/1018 921/1182/1019 920/1179/1016
f 1040/1180/1017 920/1179/1016 921/1182/1019
f 921/1182/1019 1041/1183/1020 1040/1180/1017
f 921/1182/1019 1056/1181/1018 1057/1141/981
f 1057/1141/981 922/1139/979 921/1182/1019
f 1041/1183/1020 921/1182/1019 922/1139/979
f 922/1139/979 1042/1138/978 1041/1183/1020
f 923/1184/1021 1043/1140/980 1057/1141/981
f 1057/1141/981 937/1185/1022 923/1184/1021
f 1058/1186/1023 923/1184/1021 937/1185/1022
f 937/1185/1022 1072/1187/1024 1058/1186/1023
f 923/1184/1021 1058/1186/1023 1059/1188/1025
f 1059/1188/1025 924/1189/1026 923/1184/1021
f 1043/1140/980 923/1184/1021 924/1189/1026
f 924/1189/1026 1044/1142/982 1043/1140/980
f 924/1189/1026 1059/1188/1025 1060/1190/1027
f 1060/1190/1027 925/1191/1028 924/1189/1026
f 1044/1142/982 924/1189/1026 925/1191/1028
f 925/1191/1028 1045/1145/985 1044/1142/982
f 925/1191/1028 1060/1190/1027 1061/1192/1029
f 1061/1192/1029 926/1193/1030 925/1191/1028
f 1045/1145/985 925/1191/1028 926/1193/1030
f 926/1193/1030 1046/1148/988 1045/1145/985
f 926/1193/1030 1061/1192/1029 1062/1194/1031
f 1062/1194/1031 927/1195/1032 926/1193/1030
f 1046/1148/988 926/1193/1030 927/1195/1032
f 927/1195/1032 1047/1151/991 1046/1148/988
f 927/1195/1032 1062/1194/1031 1063/1196/1033
f 1063/1196/1033 928/1197/1034 927/1195/1032
f 1047/1151/991 927/1195/1032 928/1197/1034
f 928/1197/1034 1048/1154/994 1047/1151/991
f 928/1197/1034 1063/1196/1033 1064/1198/1035
f 1064/1198/1035 929/1199/1036 928/1197/1034
f 1048/1154/994 928/1197/1034 929/1199/1036
f 929/1199/1036 1049/1157/997 1048/1154/994
f 929/1200/1036 1064/1201/1035 1065/1202/1037
f 1065/1202/1037 930/1203/1038 929/1200/1036
f 1049/1161/997 929/1200/1036 930/1203/1038
f 930/1203/1038 1050/1162/1000 1049/1161/997
f 930/1203/1038 1065/1202/1037 1066/1204/1039
f 1066/1204/1039 931/1205/1040 930/1203/1038
f 1050/1162/1000 930/1203/1038 931/1205/1040
f 931/1205/1040 1051/1166/1003 1050/1162/1000
f 931/1205/1040 1066/1204/1039 1067/1206/1041
f 1067/1206/1041 932/1207/1042 931/1205/1040
f 1051/1166/1003 931/1205/1040 932/1207/1042
f 932/1207/1042 1052/1169/1006 1051/1166/1003
f 932/1207/1042 1067/1206/1041 1068/1208/1043
f 1068/1208/1043 933/1209/1044 932/1207/1042
f 1052/1169/1006 932/1207/1042 933/1209/1044
f 933/1209/1044 1053/1172/1009 1052/1169/1006
f 933/1209/1044 1068/1208/1043 1069/1210/1045
f 1069/1210/1045 934/1211/1046 933/1209/1044
f 1053/1172/1009 933/1209/1044 934/1211/1046
f 934/1211/1046 1054/1175/1012 1053/1172/1009
f 934/1211/1046 1069/1210/1045 1070/1212/1047
f 1070/1212/1047 935/1213/1048 934/1211/1046
f 1054/1175/1012 934/1211/1046 935/1213/1048
f 935/1213/1048 1055/1178/1015 1054/1175/1012
f 935/1213/1048 1070/1212/1047 1071/1214/1049
f 1071/1214/1049 936/1215/1050 935/1213/1048
f 1055/1178/1015 935/1213/1048 936/1215/1050
f 936/1215/1050 1056/1181/1018 1055/1178/1015
f 936/1215/1050 1071/1214/1049 1072/1187/1024
f 1072/1187/1024 937/1185/1022 936/1215/1050
f 1056/1181/1018 936/1215/1050 937/1185/1022
f 937/1185/1022 1057/1141/981 1056/1181/1018
f 938/1216/1051 1058/1186/1023 1072/1187/1024
f 1072/1187/1024 952/1217/1052 938/1216/1051
f 1073/1218/1053 938/1216/1051 952/1217/1052
f 952/1217/1052 1087/1219/1054 1073/1218/1053
f 938/1216/1051 1073/1218/1053 1074/1220/1055
f 1074/1220/1055 939/1221/1056 938/1216/1051
f 1058/1186/1023 938/1216/1051 939/1221/1056
f 939/1221/1056 1059/1188/1025 1058/1186/1023
f 939/1221/1056 1074/1220/1055 1075/1222/1057
f 1075/1222/1057 940/1223/1058 939/1221/1056
f 1059/1188/1025 939/1221/1056 940/1223/1058
f 940/1223/1058 1060/1190/1027 1059/1188/1025
f 940/1223/1058 1075/1222/1057 1076/1224/1059
f 1076/1224/1059 941/1225/1060 940/1223/1058
f 1060/1190/1027 940/1223/1058 941/1225/1060
f 941/1225/1060 1061/1192/1029 1060/1190/1027
f 941/1225/1060 1076/1224/1059 1077/1226/1061
f 1077/1226/1061 942/1227/1062 941/1225/1060
f 1061/1192/1029 941/1225/1060 942/1227/1062
f 942/1227/1062 1062/1194/1031 1061/1192/1029
f 942/1227/1062 1077/1226/1061 1078/1228/1063
f 1078/1228/1063 943/1229/1064 942/1227/1062
f 1062/1194/1031 942/1227/1062 943/1229/1064
f 943/1229/1064 1063/1196/1033 1062/1194/1031
f 943/1229/1064 1078/1228/1063 1079/1230/1065
f 1079/1230/1065 944/1231/1066 943/1229/1064
f 1063/1196/1033 943/1229/1064 944/1231/1066
f 944/1231/1066 1064/1198/1035 1063/1196/1033
f 944/1232/1066 1079/1233/1065 1080/1234/1067
f 1080/1234/1067 945/1235/1068 944/1232/1066
f 1064/1201/1035 944/1232/1066 945/1235/1068
f 945/1235/1068 1065/1202/1037 1064/1201/1035
f 945/1235/1068 1080/1234/1067 1081/1236/1069
f 1081/1236/1069 946/1237/1070 945/1235/1068
f 1065/1202/1037 945/1235/1068 946/1237/1070
f 946/1237/1070 1066/1204/1039 1065/1202/1037
f 946/1237/1070 1081/1236/1069 1082/1238/1071
f 1082/1238/1071 947/1239/1072 946/1237/1070
f 1066/1204/1039 946/1237/1070 947/1239/1072
f 947/1239/1072 1067/1206/1041 1066/1204/1039
f 947/1239/1072 1082/1238/1071 1083/1240/1073
f 1083/1240/1073 948/1241/1074 947/1239/1072
f 1067/1206/1041 947/1239/1072 948/1241/1074
f 948/1241/1074 1068/1208/1043 1067/1206/1041
f 948/1241/1074 1083/1240/1073 1084/1242/1075
f 1084/1242/1075 949/1243/1076 948/1241/1074
f 1068/1208/1043 948/1241/1074 949/1243/1076
f 949/1243/1076 1069/1210/1045 1068/1208/1043
f 949/1243/1076 1084/1242/1075 1085/1244/1077
f 1085/1244/1077 950/1245/1078 949/1243/1076
f 1069/1210/1045 949/1243/1076 950/1245/1078
f 950/1245/1078 1070/1212/1047 1069/1210/1045
f 950/1245/1078 1085/1244/1077 1086/1246/1079
f 1086/1246/1079 951/1247/1080 950/1245/1078
f 1070/1212/1047 950/1245/1078 951/1247/1080
f 951/1247/1080 1071/1214/1049 1070/1212/1047
f 951/1247/1080 1086/1246/1079 1087/1219/1054
f 1087/1219/1054 952/1217/1052 951/1247/1080
f 1071/1214/1049 951/1247/1080 952/1217/1052
f 952/1217/1052 1072/1187/1024 1071/1214/1049
f 953/1248/1081 1073/1218/1053 1087/1219/1054
f 1087/1219/1054 967/1249/1082 953/1248/1081
f 1088/1250/1083 953/1248/1081 967/1249/1082
f 967/1249/1082 1102/1251/1084 1088/1250/1083
f 953/1248/1081 1088/1250/1083 1089/1252/1085
f 1089/1252/1085 954/1253/1086 953/1248/1081
f 1073/1218/1053 953/1248/1081 954/1253/1086
f 954/1253/1086 1074/1220/1055 1073/1218/1053
f 954/1253/1086 1089/1252/1085 1090/1254/1087
f 1090/1254/1087 955/1255/1088 954/1253/1086
f 1074/1220/1055 954/1253/1086 955/1255/1088
f 955/1255/1088 1075/1222/1057 1074/1220/1055
f 955/1255/1088 1090/1254/1087 1091/1256/1089
f 1091/1256/1089 956/1257/1090 955/1255/1088
f 1075/1222/1057 955/1255/1088 956/1257/1090
f 956/1257/1090 1076/1224/1059 1075/1222/1057
f 956/1257/1090 1091/1256/1089 1092/1258/1091
f 1092/1258/1091 957/1259/1092 956/1257/1090
f 1076/1224/1059 956/1257/1090 957/1259/1092
f 957/1259/1092 1077/1226/1061 1076/1224/1059
f 957/1259/1092 1092/1258/1091 1093/1260/1093
f 1093/1260/1093 958/1261/1094 957/1259/1092
f 1077/1226/1061 957/1259/1092 958/1261/1094
f 958/1261/1094 1078/1228/1063 1077/1226/1061
f 958/1261/1094 1093/1260/1093 1094/1262/1095
f 1094/1262/1095 959/1263/1096 958/1261/1094
f 1078/1228/1063 958/1261/1094 959/1263/1096
f 959/1263/1096 1079/1230/1065 1078/1228/1063
f 959/1264/1096 1094/1265/1095 1095/1266/1097
f 1095/1266/1097 960/1267/1098 959/1264/1096
f 1079/1233/1065 959/1264/1096 960/1267/1098
f 960/1267/1098 1080/1234/1067 1079/1233/1065
f 960/1267/1098 1095/1266/1097 1096/1268/1099
f 1096/1268/1099 961/1269/1100 960/1267/1098
f 1080/1234/1067 960/1267/1098 961/1269/1100
f 961/1269/1100 1081/1236/1069 1080/1234/1067
f 961/1269/1100 1096/1268/1099 1097/1270/1101
f 1097/1270/1101 962/1271/1102 961/1269/1100
f 1081/1236/1069 961/1269/1100 962/1271/1102
f 962/1271/1102 1082/1238/1071 1081/1236/1069
f 962/1271/1102 1097/1270/1101 1098/1272/1103
f 1098/1272/1103 963/1273/1104 962/1271/1102
f 1082/1238/1071 962/1271/1102 963/1273/1104
f 963/1273/1104 1083/1240/1073 1082/1238/1071
f 963/1273/1104 1098/1272/1103 1099/1274/1105
f 1099/1274/1105 964/1275/1106 963/1273/1104
f 1083/1240/1073 963/1273/1104 964/1275/1106
f 964/1275/1106 1084/1242/1075 1083/1240/1073
f 964/1275/1106 1099/1274/1105 1100/1276/1107
f 1100/1276/1107 965/1277/1108 964/1275/1106
f 1084/1242/1075 964/1275/1106 965/1277/1108
f 965/1277/1108 1085/1244/1077 1084/1242/1075
f 965/1277/1108 1100/1276/1107 1101/1278/1109
f 1101/1278/1109 966/1279/1110 965/1277/1108
f 1085/1244/1077 965/1277/1108 966/1279/1110
f 966/1279/1110 1086/1246/1079 1085/1244/1077
f 966/1279/1110 1101/1278/1109 1102/1251/1084
f 1102/1251/1084 967/1249/1082 966/1279/1110
f 1086/1246/1079 966/1279/1110 967/1249/1082
f 967/1249/1082 1087/1219/1054 1086/1246/1079
f 968/1280/1111 1088/1250/1083 1102/1251/1084
f 1102/1251/1084 982/1281/1112 968/1280/1111
f 1133/1282/1113 968/1280/1111 982/1281/1112
f 982/1281/1112 1147/1283/1114 1133/1282/1113
f 968/1280/1111 1133/1282/1113 1134/1284/1115
f 1134/1284/1115 969/1285/1116 968/1280/1111
f 1088/1250/1083 968/1280/1111 969/1285/1116
f 969/1285/1116 1089/1252/1085 1088/1250/1083
f 969/1285/1116 1134/1284/1115 1135/1286/1117
f 1135/1286/1117 970/1287/1118 969/1285/1116
f 1089/1252/1085 969/1285/1116 970/1287/1118
f 970/1287/1118 1090/1254/1087 1089/1252/1085
f 970/1287/1118 1135/1286/1117 1136/1288/1119
f 1136/1288/1119 971/1289/1120 970/1287/1118
f 1090/1254/1087 970/1287/1118 971/1289/1120
f 971/1289/1120 1091/1256/1089 1090/1254/1087
f 971/1289/1120 1136/1288/1119 1137/1290/1121
f 1137/1290/1121 972/1291/1122 971/1289/1120
f 1091/1256/1089 971/1289/1120 972/1291/1122
f 972/1291/1122 1092/1258/1091 1091/1256/1089
f 972/1291/1122 1137/1290/1121 1138/1292/1123
f 1138/1292/1123 973/1293/1124 972/1291/1122
f 1092/1258/1091 972/1291/1122 973/1293/1124
f 973/1293/1124 1093/1260/1093 1092/1258/1091
f 973/1293/1124 1138/1292/1123 1139/1294/1125
f 1139/1294/1125 974/1295/1126 973/1293/1124
f 1093/1260/1093 973/1293/1124 974/1295/1126
f 974/1295/1126 1094/1262/1095 1093/1260/1093
f 974/1296/1126 1139/1297/1125 1140/1298/1127
f 1140/1298/1127 975/1299/1128 974/1296/1126
f 1094/1265/1095 974/1296/1126 975/1299/1128
f 975/1299/1128 1095/1266/1097 1094/1265/1095
f 975/1299/1128 1140/1298/1127 1141/1300/1129
f 1141/1300/1129 976/1301/1130 975/1299/1128
f 1095/1266/1097 975/1299/1128 976/1301/1130
f 976/1301/1130 1096/1268/1099 1095/1266/1097
f 976/1301/1130 1141/1300/1129 1142/1302/1131
f 1142/1302/1131 977/1303/1132 976/1301/1130
f 1096/1268/1099 976/1301/1130 977/1303/1132
f 977/1303/1132 1097/1270/1101 1096/1268/1099
f 977/1303/1132 1142/1302/1131 1143/1304/1133
f 1143/1304/1133 978/1305/1134 977/1303/1132
f 1097/1270/1101 977/1303/1132 978/1305/1134
f 978/1305/1134 1098/1272/1103 1097/1270/1101
f 978/1305/1134 1143/1304/1133 1144/1306/1135
f 1144/1306/1135 979/1307/1136 978/1305/1134
f 1098/1272/1103 978/1305/1134 979/1307/1136
f 979/1307/1136 1099/1274/1105 1098/1272/1103
f 979/1307/1136 1144/1306/1135 1145/1308/1137
f 1145/1308/1137 980/1309/1138 979/1307/1136
f 1099/1274/1105 979/1307/1136 980/1309/1138
f 980/1309/1138 1100/1276/1107 1099/1274/1105
f 980/1309/1138 1145/1308/1137 1146/1310/1139
f 1146/1310/1139 981/1311/1140 980/1309/1138
f 1100/1276/1107 980/1309/1138 981/1311/1140
f 981/1311/1140 1101/1278/1109 1100/1276/1107
f 981/1311/1140 1146/1310/1139 1147/1283/1114
f 1147/1283/1114 982/1281/1112 981/1311/1140
f 1101/1278/1109 981/1311/1140 982/1281/1112
f 982/1281/1112 1102/1251/1084 1101/1278/1109
f 983/1312/1141 984/1313/1142 986/1314/1143
f 986/1314/1143 985/1315/1144 983/1312/1141
f 984/1313/1142 983/1312/1141 1011/1316/1145
f 1011/1316/1145 1012/1317/1146 984/1313/1142
f 985/1315/1144 986/1314/1143 988/1318/1147
f 988/1318/1147 987/1319/1148 985/1315/1144
f 987/1319/1148 988/1318/1147 990/1320/1149
f 990/1320/1149 989/1321/1150 987/1319/1148
f 989/1321/1150 990/1320/1149 992/1322/1151
f 992/1322/1151 991/1323/1152 989/1321/1150
f 991/1323/1152 992/1322/1151 994/1324/1153
f 994/1324/1153 993/1325/1154 991/1323/1152
f 993/1325/1154 994/1324/1153 996/1326/1155
f 996/1326/1155 995/1327/1156 993/1325/1154
f 995/1328/1156 996/1329/1155 998/1330/1157
f 998/1330/1157 997/1331/1158 995/1328/1156
f 997/1331/1158 998/1330/1157 1000/1332/1159
f 1000/1332/1159 999/1333/1160 997/1331/1158
f 999/1333/1160 1000/1332/1159 1002/1334/1161
f 1002/1334/1161 1001/1335/1162 999/1333/1160
f 1001/1335/1162 1002/1334/1161 1004/1336/1163
f 1004/1336/1163 1003/1337/1164 1001/1335/1162
f 1003/1337/1164 1004/1336/1163 1006/1338/1165
f 1006/1338/1165 1005/1339/1166 1003/1337/1164
f 1005/1339/1166 1006/1338/1165 1008/1340/1167
f 1008/1340/1167 1007/1341/1168 1005/1339/1166
f 1007/1341/1168 1008/1340/1167 1010/1342/1169
f 1010/1342/1169 1009/1343/1170 1007/1341/1168
f 1009/1343/1170 1010/1342/1169 1012/1317/1146
f 1012/1317/1146 1011/1316/1145 1009/1343/1170
f 1103/1344/1171 983/1312/1141 985/1315/1144
f 985/1315/1144 1104/1345/1172 1103/1344/1171
f 983/1312/1141 1103/1344/1171 1117/1346/1173
f 1117/1346/1173 1011/1316/1145 983/1312/1141
f 1104/1345/1172 985/1315/1144 987/1319/1148
f 987/1319/1148 1105/1347/1174 1104/1345/1172
f 1105/1347/1174 987/1319/1148 989/1321/1150
f 989/1321/1150 1106/1348/1175 1105/1347/1174
f 1106/1348/1175 989/1321/1150 991/1323/1152
f 991/1323/1152 1107/1349/1176 1106/1348/1175
f 1107/1349/1176 991/1323/1152 993/1325/1154
f 993/1325/1154 1108/1350/1177 1107/1349/1176
f 1108/1350/1177 993/1325/1154 995/1327/1156
f 995/1327/1156 1109/1351/1178 1108/1350/1177
f 1109/1352/1178 995/1328/1156 997/1331/1158
f 997/1331/1158 1110/1353/1179 1109/1352/1178
f 1110/1353/1179 997/1331/1158 999/1333/1160
f 999/1333/1160 1111/1354/1180 1110/1353/1179
f 1111/1354/1180 999/1333/1160 1001/1335/1162
f 1001/1335/1162 1112/1355/1181 1111/1354/1180
f 1112/1355/1181 1001/1335/1162 1003/1337/1164
f 1003/1337/1164 1113/1356/1182 1112/1355/1181
f 1113/1356/1182 1003/1337/1164 1005/1339/1166
f 1005/1339/1166 1114/1357/1183 1113/1356/1182
f 1114/1357/1183 1005/1339/1166 1007/1341/1168
f 1007/1341/1168 1115/1358/1184 1114/1357/1183
f 1115/1358/1184 1007/1341/1168 1009/1343/1170
f 1009/1343/1170 1116/1359/1185 1115/1358/1184
f 1116/1359/1185 1009/1343/1170 1011/1316/1145
f 1011/1316/1145 1117/1346/1173 1116/1359/1185
f 1028/1137/977 1118/1360/1186 1132/1361/1187
f 1132/1361/1187 1042/1138/978 1028/1137/977
f 1028/1137/977 1029/1144/984 1119/1362/1188
f 1119/1362/1188 1118/1360/1186 1028/1137/977
f 1029/1144/984 1030/1147/987 1120/1363/1189
f 1120/1363/1189 1119/1362/1188 1029/1144/984
f 1030/1147/987 1031/1150/990 1121/1364/1190
f 1121/1364/1190 1120/1363/1189 1030/1147/987
f 1031/1150/990 1032/1153/993 1122/1365/1191
f 1122/1365/1191 1121/1364/1190 1031/1150/990
f 1032/1153/993 1033/1156/996 1123/1366/1192
f 1123/1366/1192 1122/1365/1191 1032/1153/993
f 1033/1156/996 1034/1159/999 1124/1367/1193
f 1124/1367/1193 1123/1366/1192 1033/1156/996
f 1034/1164/999 1035/1165/1002 1125/1368/1194
f 1125/1368/1194 1124/1369/1193 1034/1164/999
f 1035/1165/1002 1036/1168/1005 1126/1370/1195
f 1126/1370/1195 1125/1368/1194 1035/1165/1002
f 1036/1168/1005 1037/1171/1008 1127/1371/1196
f 1127/1371/1196 1126/1370/1195 1036/1168/1005
f 1037/1171/1008 1038/1174/1011 1128/1372/1197
f 1128/1372/1197 1127/1371/1196 1037/1171/1008
f 1038/1174/1011 1039/1177/1014 1129/1373/1198
f 1129/1373/1198 1128/1372/1197 1038/1174/1011
f 1039/1177/1014 1040/1180/1017 1130/1374/1199
f 1130/1374/1199 1129/1373/1198 1039/1177/1014
f 1040/1180/1017 1041/1183/1020 1131/1375/1200
f 1131/1375/1200 1130/1374/1199 1040/1180/1017
f 1041/1183/1020 1042/1138/978 1132/1361/1187
f 1132/1361/1187 1131/1375/1200 1041/1183/1020
f 1013/1376/1201 1133/1282/1113 1147/1283/1114
f 1147/1283/1114 1027/1377/1202 1013/1376/1201
f 1103/1344/1171 1013/1376/1201 1027/1377/1202
f 1027/1377/1202 1117/1346/1173 1103/1344/1171
f 1013/1376/1201 1103/1344/1171 1104/1345/1172
f 1104/1345/1172 1014/1378/1203 1013/1376/1201
f 1133/1282/1113 1013/1376/1201 1014/1378/1203
f 1014/1378/1203 1134/1284/1115 1133/1282/1113
f 1014/1378/1203 1104/1345/1172 1105/1347/1174
f 1105/1347/1174 1015/1379/1204 1014/1378/1203
f 1134/1284/1115 1014/1378/1203 1015/1379/1204
f 1015/1379/1204 1135/1286/1117 1134/1284/1115
f 1015/1379/1204 1105/1347/1174 1106/1348/1175
f 1106/1348/1175 1016/1380/1205 1015/1379/1204
f 1135/1286/1117 1015/1379/1204 1016/1380/1205
f 1016/1380/1205 1136/1288/1119 1135/1286/1117
f 1016/1380/1205 1106/1348/1175 1107/1349/1176
f 1107/1349/1176 1017/1381/1206 1016/1380/1205
f 1136/1288/1119 1016/1380/1205 1017/1381/1206
f 1017/1381/1206 1137/1290/1121 1136/1288/1119
f 1017/1381/1206 1107/1349/1176 1108/1350/1177
f 1108/1350/1177 1018/1382/1207 1017/1381/1206
f 1137/1290/1121 1017/1381/1206 1018/1382/1207
f 1018/1382/1207 1138/1292/1123 1137/1290/1121
f 1018/1382/1207 1108/1350/1177 1109/1351/1178
f 1109/1351/1178 1019/1383/1208 1018/1382/1207
f 1138/1292/1123 1018/1382/1207 1019/1383/1208
f 1019/1383/1208 1139/1294/1125 1138/1292/1123
f 1019/1384/1208 1109/1352/1178 1110/1353/1179
f 1110/1353/1179 1020/1385/1209 1019/1384/1208
f 1139/1297/1125 1019/1384/1208 1020/1385/1209
f 1020/1385/1209 1140/1298/1127 1139/1297/1125
f 1020/1385/1209 1110/1353/1179 1111/1354/1180
f 1111/1354/1180 1021/1386/1210 1020/1385/1209
f 1140/1298/1127 1020/1385/1209 1021/1386/1210
f 1021/1386/1210 1141/1300/1129 1140/1298/1127
f 1021/1386/1210 1111/1354/1180 1112/1355/1181
f 1112/1355/1181 1022/1387/1211 1021/1386/1210
f 1141/1300/1129 1021/1386/1210 1022/1387/1211
f 1022/1387/1211 1142/1302/1131 1141/1300/1129
f 1022/1387/1211 1112/1355/1181 1113/1356/1182
f 1113/1356/1182 1023/1388/1212 1022/1387/1211
f 1142/1302/1131 1022/1387/1211 1023/1388/1212
f 1023/1388/1212 1143/1304/1133 1142/1302/1131
f 1023/1388/1212 1113/1356/1182 1114/1357/1183
f 1114/1357/1183 1024/1389/1213 1023/1388/1212
f 1143/1304/1133 1023/1388/1212 1024/1389/1213
f 1024/1389/1213 1144/1306/1135 1143/1304/1133
f 1024/1389/1213 1114/1357/1183 1115/1358/1184
f 1115/1358/1184 1025/1390/1214 1024/1389/1213
f 1144/1306/1135 1024/1389/1213 1025/1390/1214
f 1025/1390/1214 1145/1308/1137 1144/1306/1135
f 1025/1390/1214 1115/1358/1184 1116/1359/1185
f 1116/1359/1185 1026/1391/1215 1025/1390/1214
f 1145/1308/1137 1025/1390/1214 1026/1391/1215
f 1026/1391/1215 1146/1310/1139 1145/1308/1137
f 1026/1391/1215 1116/1359/1185 1117/1346/1173
f 1117/1346/1173 1027/1377/1202 1026/1391/1215
f 1146/1310/1139 1026/1391/1215 1027/1377/1202
f 1027/1377/1202 1147/1283/1114 1146/1310/1139
f 1268/1392/1216 1148/1393/1217 1162/1394/1218
f 1162/1394/1218 1282/1395/1219 1268/1392/1216
f 1148/1393/1217 1283/1396/1220 1297/1397/1221
f 1297/1397/1221 1162/1394/1218 1148/1393/1217
f 1283/1396/1220 1148/1393/1217 1149/1398/1222
f 1149/1398/1222 1284/1399/1223 1283/1396/1220
f 1148/1393/1217 1268/1392/1216 1269/1400/1224
f 1269/1400/1224 1149/1398/1222 1148/1393/1217
f 1284/1399/1223 1149/1398/1222 1150/1401/1225
f 1150/1401/1225 1285/1402/1226 1284/1399/1223
f 1149/1398/1222 1269/1400/1224 1270/1403/1227
f 1270/1403/1227 1150/1401/1225 1149/1398/1222
f 1285/1402/1226 1150/1401/1225 1151/1404/1228
f 1151/1404/1228 1286/1405/1229 1285/1402/1226
f 1150/1401/1225 1270/1403/1227 1271/1406/1230
f 1271/1406/1230 1151/1404/1228 1150/1401/1225
f 1286/1405/1229 1151/1404/1228 1152/1407/1231
f 1152/1407/1231 1287/1408/1232 1286/1405/1229
f 1151/1404/1228 1271/1406/1230 1272/1409/1233
f 1272/1409/1233 1152/1407/1231 1151/1404/1228
f 1287/1408/1232 1152/1407/1231 1153/1410/1234
f 1153/1410/1234 1288/1411/1235 1287/1408/1232
f 1152/1407/1231 1272/1409/1233 1273/1412/1236
f 1273/1412/1236 1153/1410/1234 1152/1407/1231
f 1288/1411/1235 1153/1410/1234 1154/1413/1237
f 1154/1413/1237 1289/1414/1238 1288/1411/1235
f 1153/1410/1234 1273/1412/1236 1274/1415/1239
f 1274/1415/1239 1154/1413/1237 1153/1410/1234
f 1289/1416/1238 1154/1417/1237 1155/1418/1240
f 1155/1418/1240 1290/1419/1241 1289/1416/1238
f 1154/1417/1237 1274/1420/1239 1275/1421/1242
f 1275/1421/1242 1155/1418/1240 1154/1417/1237
f 1290/1419/1241 1155/1418/1240 1156/1422/1243
f 1156/1422/1243 1291/1423/1244 1290/1419/1241
f 1155/1418/1240 1275/1421/1242 1276/1424/1245
f 1276/1424/1245 1156/1422/1243 1155/1418/1240
f 1291/1423/1244 1156/1422/1243 1157/1425/1246
f 1157/1425/1246 1292/1426/1247 1291/1423/1244
f 1156/1422/1243 1276/1424/1245 1277/1427/1248
f 1277/1427/1248 1157/1425/1246 1156/1422/1243
f 1292/1426/1247 1157/1425/1246 1158/1428/1249
f 1158/1428/1249 1293/1429/1250 1292/1426/1247
f 1157/1425/1246 1277/1427/1248 1278/1430/1251
f 1278/1430/1251 1158/1428/1249 1157/1425/1246
f 1293/1429/1250 1158/1428/1249 1159/1431/1252
f 1159/1431/1252 1294/1432/1253 1293/1429/1250
f 1158/1428/1249 1278/1430/1251 1279/1433/1254
f 1279/1433/1254 1159/1431/1252 1158/1428/1249
f 1294/1432/1253 1159/1431/1252 1160/1434/1255
f 1160/1434/1255 1295/1435/1256 1294/1432/1253
f 1159/1431/1252 1279/1433/1254 1280/1436/1257
f 1280/1436/1257 1160/1434/1255 1159/1431/1252
f 1295/1435/1256 1160/1434/1255 1161/1437/1258
f 1161/1437/1258 1296/1438/1259 1295/1435/1256
f 1160/1434/1255 1280/1436/1257 1281/1439/1260
f 1281/1439/1260 1161/1437/1258 1160/1434/1255
f 1296/1438/1259 1161/1437/1258 1162/1394/1218
f 1162/1394/1218 1297/1397/1221 1296/1438/1259
f 1161/1437/1258 1281/1439/1260 1282/1395/1219
f 1282/1395/1219 1162/1394/1218 1161/1437/1258
f 1283/1396/1220 1163/1440/1261 1177/1441/1262
f 1177/1441/1262 1297/1397/1221 1283/1396/1220
f 1163/1440/1261 1298/1442/1263 1312/1443/1264
f 1312/1443/1264 1177/1441/1262 1163/1440/1261
f 1298/1442/1263 1163/1440/1261 1164/1444/1265
f 1164/1444/1265 1299/1445/1266 1298/1442/1263
f 1163/1440/1261 1283/1396/1220 1284/1399/1223
f 1284/1399/1223 1164/1444/1265 1163/1440/1261
f 1299/1445/1266 1164/1444/1265 1165/1446/1267
f 1165/1446/1267 1300/1447/1268 1299/1445/1266
f 1164/1444/1265 1284/1399/1223 1285/1402/1226
f 1285/1402/1226 1165/1446/1267 1164/1444/1265
f 1300/1447/1268 1165/1446/1267 1166/1448/1269
f 1166/1448/1269 1301/1449/1270 1300/1447/1268
f 1165/1446/1267 1285/1402/1226 1286/1405/1229
f 1286/1405/1229 1166/1448/1269 1165/1446/1267
f 1301/1449/1270 1166/1448/1269 1167/1450/1271
f 1167/1450/1271 1302/1451/1272 1301/1449/1270
f 1166/1448/1269 1286/1405/1229 1287/1408/1232
f 1287/1408/1232 1167/1450/1271 1166/1448/1269
f 1302/1451/1272 1167/1450/1271 1168/1452/1273
f 1168/1452/1273 1303/1453/1274 1302/1451/1272
f 1167/1450/1271 1287/1408/1232 1288/1411/1235
f 1288/1411/1235 1168/1452/1273 1167/1450/1271
f 1303/1453/1274 1168/1452/1273 1169/1454/1275
f 1169/1454/1275 1304/1455/1276 1303/1453/1274
f 1168/1452/1273 1288/1411/1235 1289/1414/1238
f 1289/1414/1238 1169/1454/1275 1168/1452/1273
f 1304/1456/1276 1169/1457/1275 1170/1458/1277
f 1170/1458/1277 1305/1459/1278 1304/1456/1276
f 1169/1457/1275 1289/1416/1238 1290/1419/1241
f 1290/1419/1241 1170/1458/1277 1169/1457/1275
f 1305/1459/1278 1170/1458/1277 1171/1460/1279
f 1171/1460/1279 1306/1461/1280 1305/1459/1278
f 1170/1458/1277 1290/1419/1241 1291/1423/1244
f 1291/1423/1244 1171/1460/1279 1170/1458/1277
f 1306/1461/1280 1171/1460/1279 1172/1462/1281
f 1172/1462/1281 1307/1463/1282 1306/1461/1280
f 1171/1460/1279 1291/1423/1244 1292/1426/1247
f 1292/1426/1247 1172/1462/1281 1171/1460/1279
f 1307/1463/1282 1172/1462/1281 1173/1464/1283
f 1173/1464/1283 1308/1465/1284 1307/1463/1282
f 1172/1462/1281 1292/1426/1247 1293/1429/1250
f 1293/1429/1250 1173/1464/1283 1172/1462/1281
f 1308/1465/1284 1173/1464/1283 1174/1466/1285
f 1174/1466/1285 1309/1467/1286 1308/1465/1284
f 1173/1464/1283 1293/1429/1250 1294/1432/1253
f 1294/1432/1253 1174/1466/1285 1173/1464/1283
f 1309/1467/1286 1174/1466/1285 1175/1468/1287
f 1175/1468/1287 1310/1469/1288 1309/1467/1286
f 1174/1466/1285 1294/1432/1253 1295/1435/1256
f 1295/1435/1256 1175/1468/1287 1174/1466/1285
f 1310/1469/1288 1175/1468/1287 1176/1470/1289
f 1176/1470/1289 1311/1471/1290 1310/1469/1288
f 1175/1468/1287 1295/1435/1256 1296/1438/1259
f 1296/1438/1259 1176/1470/1289 1175/1468/1287
f 1311/1471/1290 1176/1470/1289 1177/1441/1262
f 1177/1441/1262 1312/1443/1264 1311/1471/1290
f 1176/1470/1289 1296/1438/1259 1297/1397/1221
f 1297/1397/1221 1177/1441/1262 1176/1470/1289
f 1298/1442/1263 1178/1472/1291 1192/1473/1292
f 1192/1473/1292 1312/1443/1264 1298/1442/1263
f 1178/1472/1291 1313/1474/1293 1327/1475/1294
f 1327/1475/1294 1192/1473/1292 1178/1472/1291
f 1313/1474/1293 1178/1472/1291 1179/1476/1295
f 1179/1476/1295 1314/1477/1296 1313/1474/1293
f 1178/1472/1291 1298/1442/1263 1299/1445/1266
f 1299/1445/1266 1179/1476/1295 1178/1472/1291
f 1314/1477/1296 1179/1476/1295 1180/1478/1297
f 1180/1478/1297 1315/1479/1298 1314/1477/1296
f 1179/1476/1295 1299/1445/1266 1300/1447/1268
f 1300/1447/1268 1180/1478/1297 1179/1476/1295
f 1315/1479/1298 1180/1478/1297 1181/1480/1299
f 1181/1480/1299 1316/1481/1300 1315/1479/1298
f 1180/1478/1297 1300/1447/1268 1301/1449/1270
f 1301/1449/1270 1181/1480/1299 1180/1478/1297
f 1316/1481/1300 1181/1480/1299 1182/1482/1301
f 1182/1482/1301 1317/1483/1302 1316/1481/1300
f 1181/1480/1299 1301/1449/1270 1302/1451/1272
f 1302/1451/1272 1182/1482/1301 1181/1480/1299
f 1317/1483/1302 1182/1482/1301 1183/1484/1303
f 1183/1484/1303 1318/1485/1304 1317/1483/1302
f 1182/1482/1301 1302/1451/1272 1303/1453/1274
f 1303/1453/1274 1183/1484/1303 1182/1482/1301
f 1318/1485/1304 1183/1484/1303 1184/1486/1305
f 1184/1486/1305 1319/1487/1306 1318/1485/1304
f 1183/1484/1303 1303/1453/1274 1304/1455/1276
f 1304/1455/1276 1184/1486/1305 1183/1484/1303
f 1319/1488/1306 1184/1489/1305 1185/1490/1307
f 1185/1490/1307 1320/1491/1308 1319/1488/1306
f 1184/1489/1305 1304/1456/1276 1305/1459/1278
f 1305/1459/1278 1185/1490/1307 1184/1489/1305
f 1320/1491/1308 1185/1490/1307 1186/1492/1309
f 1186/1492/1309 1321/1493/1310 1320/1491/1308
f 1185/1490/1307 1305/1459/1278 1306/1461/1280
f 1306/1461/1280 1186/1492/1309 1185/1490/1307
f 1321/1493/1310 1186/1492/1309 1187/1494/1311
f 1187/1494/1311 1322/1495/1312 1321/1493/1310
f 1186/1492/1309 1306/1461/1280 1307/1463/1282
f 1307/1463/1282 1187/1494/1311 1186/1492/1309
f 1322/1495/1312 1187/1494/1311 1188/1496/1313
f 1188/1496/1313 1323/1497/1314 1322/1495/1312
f 1187/1494/1311 1307/1463/1282 1308/1465/1284
f 1308/1465/1284 1188/1496/1313 1187/1494/1311
f 1323/1497/1314 1188/1496/1313 1189/1498/1315
f 1189/1498/1315 1324/1499/1316 1323/1497/1314
f 1188/1496/1313 1308/1465/1284 1309/1467/1286
f 1309/1467/1286 1189/1498/1315 1188/1496/1313
f 1324/1499/1316 1189/1498/1315 1190/1500/1317
f 1190/1500/1317 1325/1501/1318 1324/1499/1316
f 1189/1498/1315 1309/1467/1286 1310/1469/1288
f 1310/1469/1288 1190/1500/1317 1189/1498/1315
f 1325/1501/1318 1190/1500/1317 1191/1502/1319
f 1191/1502/1319 1326/1503/1320 1325/1501/1318
f 1190/1500/1317 1310/1469/1288 1311/1471/1290
f 1311/1471/1290 1191/1502/1319 1190/1500/1317
f 1326/1503/1320 1191/1502/1319 1192/1473/1292
f 1192/1473/1292 1327/1475/1294 1326/1503/1320
f 1191/1502/1319 1311/1471/1290 1312/1443/1264
f 1312/1443/1264 1192/1473/1292 1191/1502/1319
f 1313/1474/1293 1193/1504/1321 1207/1505/1322
f 1207/1505/1322 1327/1475/1294 1313/1474/1293
f 1193/1504/1321 1208/1506/1323 1222/1507/1324
f 1222/1507/1324 1207/1505/1322 1193/1504/1321
f 1208/1506/1323 1193/1504/1321 1194/1508/1325
f 1194/1508/1325 1209/1509/1326 1208/1506/1323
f 1193/1504/1321 1313/1474/1293 1314/1477/1296
f 1314/1477/1296 1194/1508/1325 1193/1504/1321
f 1209/1509/1326 1194/1508/1325 1195/1510/1327
f 1195/1510/1327 1210/1511/1328 1209/1509/1326
f 1194/1508/1325 1314/1477/1296 1315/1479/1298
f 1315/1479/1298 1195/1510/1327 1194/1508/1325
f 1210/1511/1328 1195/1510/1327 1196/1512/1329
f 1196/1512/1329 1211/1513/1330 1210/1511/1328
f 1195/1510/1327 1315/1479/1298 1316/1481/1300
f 1316/1481/1300 1196/1512/1329 1195/1510/1327
f 1211/1513/1330 1196/1512/1329 1197/1514/1331
f 1197/1514/1331 1212/1515/1332 1211/1513/1330
f 1196/1512/1329 1316/1481/1300 1317/1483/1302
f 1317/1483/1302 1197/1514/1331 1196/1512/1329
f 1212/1515/1332 1197/1514/1331 1198/1516/1333
f 1198/1516/1333 1213/1517/1334 1212/1515/1332
f 1197/1514/1331 1317/1483/1302 1318/1485/1304
f 1318/1485/1304 1198/1516/1333 1197/1514/1331
f 1213/1517/1334 1198/1516/1333 1199/1518/1335
f 1199/1518/1335 1214/1519/1336 1213/1517/1334
f 1198/1516/1333 1318/1485/1304 1319/1487/1306
f 1319/1487/1306 1199/1518/1335 1198/1516/1333
f 1214/1520/1336 1199/1521/1335 1200/1522/1337
f 1200/1522/1337 1215/1523/1338 1214/1520/1336
f 1199/1521/1335 1319/1488/1306 1320/1491/1308
f 1320/1491/1308 1200/1522/1337 1199/1521/1335
f 1215/1523/1338 1200/1522/1337 1201/1524/1339
f 1201/1524/1339 1216/1525/1340 1215/1523/1338
f 1200/1522/1337 1320/1491/1308 1321/1493/1310
f 1321/1493/1310 1201/1524/1339 1200/1522/1337
f 1216/1525/1340 1201/1524/1339 1202/1526/1341
f 1202/1526/1341 1217/1527/1342 1216/1525/1340
f 1201/1524/1339 1321/1493/1310 1322/1495/1312
f 1322/1495/1312 1202/1526/1341 1201/1524/1339
f 1217/1527/1342 1202/1526/1341 1203/1528/1343
f 1203/1528/1343 1218/1529/1344 1217/1527/1342
f 1202/1526/1341 1322/1495/1312 1323/1497/1314
f 1323/1497/1314 1203/1528/1343 1202/1526/1341
f 1218/1529/1344 1203/1528/1343 1204/1530/1345
f 1204/1530/1345 1219/1531/1346 1218/1529/1344
f 1203/1528/1343 1323/1497/1314 1324/1499/1316
f 1324/1499/1316 1204/1530/1345 1203/1528/1343
f 1219/1531/1346 1204/1530/1345 1205/1532/1347
f 1205/1532/1347 1220/1533/1348 1219/1531/1346
f 1204/1530/1345 1324/1499/1316 1325/1501/1318
f 1325/1501/1318 1205/1532/1347 1204/1530/1345
f 1220/1533/1348 1205/1532/1347 1206/1534/1349
f 1206/1534/1349 1221/1535/1350 1220/1533/1348
f 1205/1532/1347 1325/1501/1318 1326/1503/1320
f 1326/1503/1320 1206/1534/1349 1205/1532/1347
f 1221/1535/1350 1206/1534/1349 1207/1505/1322
f 1207/1505/1322 1222/1507/1324 1221/1535/1350
f 1206/1534/1349 1326/1503/1320 1327/1475/1294
f 1327/1475/1294 1207/1505/1322 1206/1534/1349
f 1208/1506/1323 1358/1536/1351 1372/1537/1352
f 1372/1537/1352 1222/1507/1324 1208/1506/1323
f 1358/1536/1351 1208/1506/1323 1209/1509/1326
f 1209/1509/1326 1359/1538/1353 1358/1536/1351
f 1359/1538/1353 1209/1509/1326 1210/1511/1328
f 1210/1511/1328 1360/1539/1354 1359/1538/1353
f 1360/1539/1354 1210/1511/1328 1211/1513/1330
f 1211/1513/1330 1361/1540/1355 1360/1539/1354
f 1361/1540/1355 1211/1513/1330 1212/1515/1332
f 1212/1515/1332 1362/1541/1356 1361/1540/1355
f 1362/1541/1356 1212/1515/1332 1213/1517/1334
f 1213/1517/1334 1363/1542/1357 1362/1541/1356
f 1363/1542/1357 1213/1517/1334 1214/1519/1336
f 1214/1519/1336 1364/1543/1358 1363/1542/1357
f 1364/1544/1358 1214/1520/1336 1215/1523/1338
f 1215/1523/1338 1365/1545/1359 1364/1544/1358
f 1365/1545/1359 1215/1523/1338 1216/1525/1340
f 1216/1525/1340 1366/1546/1360 1365/1545/1359
f 1366/1546/1360 1216/1525/1340 1217/1527/1342
f 1217/1527/1342 1367/1547/1361 1366/1546/1360
f 1367/1547/1361 1217/1527/1342 1218/1529/1344
f 1218/1529/1344 1368/1548/1362 1367/1547/1361
f 1368/1548/1362 1218/1529/1344 1219/1531/1346
f 1219/1531/1346 1369/1549/1363 1368/1548/1362
f 1369/1549/1363 1219/1531/1346 1220/1533/1348
f 1220/1533/1348 1370/1550/1364 1369/1549/1363
f 1370/1550/1364 1220/1533/1348 1221/1535/1350
f 1221/1535/1350 1371/1551/1365 1370/1550/1364
f 1371/1551/1365 1221/1535/1350 1222/1507/1324
f 1222/1507/1324 1372/1537/1352 1371/1551/1365
f 1224/1552/1366 1223/1553/1367 1225/1554/1368
f 1225/1554/1368 1226/1555/1369 1224/1552/1366
f 1223/1553/1367 1224/1552/1366 1252/1556/1370
f 1252/1556/1370 1251/1557/1371 1223/1553/1367
f 1226/1555/1369 1225/1554/1368 1227/1558/1372
f 1227/1558/1372 1228/1559/1373 1226/1555/1369
f 1228/1559/1373 1227/1558/1372 1229/1560/1374
f 1229/1560/1374 1230/1561/1375 1228/1559/1373
f 1230/1561/1375 1229/1560/1374 1231/1562/1376
f 1231/1562/1376 1232/1563/1377 1230/1561/1375
f 1232/1563/1377 1231/1562/1376 1233/1564/1378
f 1233/1564/1378 1234/1565/1379 1232/1563/1377
f 1234/1565/1379 1233/1564/1378 1235/1566/1380
f 1235/1566/1380 1236/1567/1381 1234/1565/1379
f 1236/1568/1381 1235/1569/1380 1237/1570/1382
f 1237/1570/1382 1238/1571/1383 1236/1568/1381
f 1238/1571/1383 1237/1570/1382 1239/1572/1384
f 1239/1572/1384 1240/1573/1385 1238/1571/1383
f 1240/1573/1385 1239/1572/1384 1241/1574/1386
f 1241/1574/1386 1242/1575/1387 1240/1573/1385
f 1242/1575/1387 1241/1574/1386 1243/116/1388
f 1243/116/1388 1244/113/1389 1242/1575/1387
f 1244/113/1389 1243/116/1388 1245/115/1390
f 1245/115/1390 1246/114/1391 1244/113/1389
f 1246/114/1391 1245/115/1390 1247/1576/1392
f 1247/1576/1392 1248/1577/1393 1246/114/1391
f 1248/1577/1393 1247/1576/1392 1249/1578/1394
f 1249/1578/1394 1250/1579/1395 1248/1577/1393
f 1250/1579/1395 1249/1578/1394 1251/1557/1371
f 1251/1557/1371 1252/1556/1370 1250/1579/1395
f 1223/1553/1367 1328/1580/1396 1329/1581/1397
f 1329/1581/1397 1225/1554/1368 1223/1553/1367
f 1328/1580/1396 1223/1553/1367 1251/1557/1371
f 1251/1557/1371 1342/1582/1398 1328/1580/1396
f 1225/1554/1368 1329/1581/1397 1330/1583/1399
f 1330/1583/1399 1227/1558/1372 1225/1554/1368
f 1227/1558/1372 1330/1583/1399 1331/1584/1400
f 1331/1584/1400 1229/1560/1374 1227/1558/1372
f 1229/1560/1374 1331/1584/1400 1332/1585/1401
f 1332/1585/1401 1231/1562/1376 1229/1560/1374
f 1231/1562/1376 1332/1585/1401 1333/1586/1402
f 1333/1586/1402 1233/1564/1378 1231/1562/1376
f 1233/1564/1378 1333/1586/1402 1334/1587/1403
f 1334/1587/1403 1235/1566/1380 1233/1564/1378
f 1235/1569/1380 1334/1588/1403 1335/1589/1404
f 1335/1589/1404 1237/1570/1382 1235/1569/1380
f 1237/1570/1382 1335/1589/1404 1336/1590/1405
f 1336/1590/1405 1239/1572/1384 1237/1570/1382
f 1239/1572/1384 1336/1590/1405 1337/1591/1406
f 1337/1591/1406 1241/1574/1386 1239/1572/1384
f 1241/1574/1386 1337/1591/1406 1338/1592/1407
f 1338/1592/1407 1243/116/1388 1241/1574/1386
f 1243/116/1388 1338/1592/1407 1339/1593/1408
f 1339/1593/1408 1245/115/1390 1243/116/1388
f 1245/115/1390 1339/1593/1408 1340/1594/1409
f 1340/1594/1409 1247/1576/1392 1245/115/1390
f 1247/1576/1392 1340/1594/1409 1341/1595/1410
f 1341/1595/1410 1249/1578/1394 1247/1576/1392
f 1249/1578/1394 1341/1595/1410 1342/1582/1398
f 1342/1582/1398 1251/1557/1371 1249/1578/1394
f 1343/1596/1411 1268/1392/1216 1282/1395/1219
f 1282/1395/1219 1357/1597/1412 1343/1596/1411
f 1344/1598/1413 1269/1400/1224 1268/1392/1216
f 1268/1392/1216 1343/1596/1411 1344/1598/1413
f 1345/1599/1414 1270/1403/1227 1269/1400/1224
f 1269/1400/1224 1344/1598/1413 1345/1599/1414
f 1346/1600/1415 1271/1406/1230 1270/1403/1227
f 1270/1403/1227 1345/1599/1414 1346/1600/1415
f 1347/1601/1416 1272/1409/1233 1271/1406/1230
f 1271/1406/1230 1346/1600/1415 1347/1601/1416
f 1348/1602/1417 1273/1412/1236 1272/1409/1233
f 1272/1409/1233 1347/1601/1416 1348/1602/1417
f 1349/1603/1418 1274/1415/1239 1273/1412/1236
f 1273/1412/1236 1348/1602/1417 1349/1603/1418
f 1350/1604/1419 1275/1421/1242 1274/1420/1239
f 1274/1420/1239 1349/1605/1418 1350/1604/1419
f 1351/1606/1420 1276/1424/1245 1275/1421/1242
f 1275/1421/1242 1350/1604/1419 1351/1606/1420
f 1352/1607/1421 1277/1427/1248 1276/1424/1245
f 1276/1424/1245 1351/1606/1420 1352/1607/1421
f 1353/1608/1422 1278/1430/1251 1277/1427/1248
f 1277/1427/1248 1352/1607/1421 1353/1608/1422
f 1354/1609/1423 1279/1433/1254 1278/1430/1251
f 1278/1430/1251 1353/1608/1422 1354/1609/1423
f 1355/1610/1424 1280/1436/1257 1279/1433/1254
f 1279/1433/1254 1354/1609/1423 1355/1610/1424
f 1356/1611/1425 1281/1439/1260 1280/1436/1257
f 1280/1436/1257 1355/1610/1424 1356/1611/1425
f 1357/1597/1412 1282/1395/1219 1281/1439/1260
f 1281/1439/1260 1356/1611/1425 1357/1597/1412
f 1358/1536/1351 1253/1612/1426 1267/1613/1427
f 1267/1613/1427 1372/1537/1352 1358/1536/1351
f 1253/1612/1426 1328/1580/1396 1342/1582/1398
f 1342/1582/1398 1267/1613/1427 1253/1612/1426
f 1328/1580/1396 1253/1612/1426 1254/1614/1428
f 1254/1614/1428 1329/1581/1397 1328/1580/1396
f 1253/1612/1426 1358/1536/1351 1359/1538/1353
f 1359/1538/1353 1254/1614/1428 1253/1612/1426
f 1329/1581/1397 1254/1614/1428 1255/1615/1429
f 1255/1615/1429 1330/1583/1399 1329/1581/1397
f 1254/1614/1428 1359/1538/1353 1360/1539/1354
f 1360/1539/1354 1255/1615/1429 1254/1614/1428
f 1330/1583/1399 1255/1615/1429 1256/1616/1430
f 1256/1616/1430 1331/1584/1400 1330/1583/1399
f 1255/1615/1429 1360/1539/1354 1361/1540/1355
f 1361/1540/1355 1256/1616/1430 1255/1615/1429
f 1331/1584/1400 1256/1616/1430 1257/1617/1431
f 1257/1617/1431 1332/1585/1401 1331/1584/1400
f 1256/1616/1430 1361/1540/1355 1362/1541/1356
f 1362/1541/1356 1257/1617/1431 1256/1616/1430
f 1332/1585/1401 1257/1617/1431 1258/1618/1432
f 1258/1618/1432 1333/1586/1402 1332/1585/1401
f 1257/1617/1431 1362/1541/1356 1363/1542/1357
f 1363/1542/1357 1258/1618/1432 1257/1617/1431
f 1333/1586/1402 1258/1618/1432 1259/1619/1433
f 1259/1619/1433 1334/1587/1403 1333/1586/1402
f 1258/1618/1432 1363/1542/1357 1364/1543/1358
f 1364/1543/1358 1259/1619/1433 1258/1618/1432
f 1334/1588/1403 1259/1620/1433 1260/1621/1434
f 1260/1621/1434 1335/1589/1404 1334/1588/1403
f 1259/1620/1433 1364/1544/1358 1365/1545/1359
f 1365/1545/1359 1260/1621/1434 1259/1620/1433
f 1335/1589/1404 1260/1621/1434 1261/1622/1435
f 1261/1622/1435 1336/1590/1405 1335/1589/1404
f 1260/1621/1434 1365/1545/1359 1366/1546/1360
f 1366/1546/1360 1261/1622/1435 1260/1621/1434
f 1336/1590/1405 1261/1622/1435 1262/1623/1436
f 1262/1623/1436 1337/1591/1406 1336/1590/1405
f 1261/1622/1435 1366/1546/1360 1367/1547/1361
f 1367/1547/1361 1262/1623/1436 1261/1622/1435
f 1337/1591/1406 1262/1623/1436 1263/1624/1437
f 1263/1624/1437 1338/1592/1407 1337/1591/1406
f 1262/1623/1436 1367/1547/1361 1368/1548/1362
f 1368/1548/1362 1263/1624/1437 1262/1623/1436
f 1338/1592/1407 1263/1624/1437 1264/1625/1438
f 1264/1625/1438 1339/1593/1408 1338/1592/1407
f 1263/1624/1437 1368/1548/1362 1369/1549/1363
f 1369/1549/1363 1264/1625/1438 1263/1624/1437
f 1339/1593/1408 1264/1625/1438 1265/1626/1439
f 1265/1626/1439 1340/1594/1409 1339/1593/1408
f 1264/1625/1438 1369/1549/1363 1370/1550/1364
f 1370/1550/1364 1265/1626/1439 1264/1625/1438
f 1340/1594/1409 1265/1626/1439 1266/1627/1440
f 1266/1627/1440 1341/1595/1410 1340/1594/1409
f 1265/1626/1439 1370/1550/1364 1371/1551/1365
f 1371/1551/1365 1266/1627/1440 1265/1626/1439
f 1341/1595/1410 1266/1627/1440 1267/1613/1427
f 1267/1613/1427 1342/1582/1398 1341/1595/1410
f 1266/1627/1440 1371/1551/1365 1372/1537/1352
f 1372/1537/1352 1267/1613/1427 1266/1627/1440
f 984/1313/1441 1224/1628/1441 1226/1629/1441
f 1226/1629/1441 986/1314/1441 984/1313/1441
f 984/1313/1441 1012/1317/1441 1252/1630/1441
f 1252/1630/1441 1224/1628/1441 984/1313/1441
f 986/1314/1441 1226/1629/1441 1228/1631/1441
f 1228/1631/1441 988/1318/1441 986/1314/1441
f 988/1318/1441 1228/1631/1441 1230/1632/1441
f 1230/1632/1441 990/1320/1441 988/1318/1441
f 990/1320/1441 1230/1632/1441 1232/1633/1441
f 1232/1633/1441 992/1322/1441 990/1320/1441
f 992/1322/1441 1232/1633/1441 1234/1634/1441
f 1234/1634/1441 994/1324/1441 992/1322/1441
f 994/1324/1441 1234/1634/1441 1236/1635/1441
f 1236/1635/1441 996/1326/1441 994/1324/1441
f 996/1329/1441 1236/1636/1441 1238/1637/1441
f 1238/1637/1441 998/1330/1441 996/1329/1441
f 998/1330/1441 1238/1637/1441 1240/1638/1441
f 1240/1638/1441 1000/1332/1441 998/1330/1441
f 1000/1332/1441 1240/1638/1441 1242/1639/1442
f 1242/1639/1442 1002/1334/1441 1000/1332/1441
f 1002/1334/1441 1242/1639/1442 1244/1640/1441
f 1244/1640/1441 1004/1336/1441 1002/1334/1441
f 1004/1336/1441 1244/1640/1441 1246/1641/1441
f 1246/1641/1441 1006/1338/1441 1004/1336/1441
f 1006/1338/1441 1246/1641/1441 1248/1642/1441
f 1248/1642/1441 1008/1340/1441 1006/1338/1441
f 1008/1340/1441 1248/1642/1441 1250/1643/1441
f 1250/1643/1441 1010/1342/1441 1008/1340/1441
f 1010/1342/1441 1250/1643/1441 1252/1630/1441
f 1252/1630/1441 1012/1317/1441 1010/1342/1441
f 1118/1360/1443 1343/1644/1443 1357/1645/1444
f 1357/1645/1444 1132/1361/1444 1118/1360/1443
f 1118/1360/1443 1119/1362/1445 1344/1646/1445
f 1344/1646/1445 1343/1644/1443 1118/1360/1443
f 1119/1362/1445 1120/1363/1446 1345/1647/1446
f 1345/1647/1446 1344/1646/1445 1119/1362/1445
f 1120/1363/1446 1121/1364/1447 1346/1648/1447
f 1346/1648/1447 1345/1647/1446 1120/1363/1446
f 1121/1364/1447 1122/1365/1448 1347/1649/1448
f 1347/1649/1448 1346/1648/1447 1121/1364/1447
f 1122/1365/1448 1123/1366/1449 1348/1650/1449
f 1348/1650/1449 1347/1649/1448 1122/1365/1448
f 1123/1366/1449 1124/1367/1450 1349/1651/1450
f 1349/1651/1450 1348/1650/1449 1123/1366/1449
f 1124/1369/1450 1125/1368/1451 1350/1652/1451
f 1350/1652/1451 1349/1653/1450 1124/1369/1450
f 1125/1368/1451 1126/1370/1452 1351/1654/1452
f 1351/1654/1452 1350/1652/1451 1125/1368/1451
f 1126/1370/1452 1127/1371/1453 1352/1655/1453
f 1352/1655/1453 1351/1654/1452 1126/1370/1452
f 1127/1371/1453 1128/1372/1454 1353/1656/1454
f 1353/1656/1454 1352/1655/1453 1127/1371/1453
f 1128/1372/1454 1129/1373/1455 1354/1657/1455
f 1354/1657/1455 1353/1656/1454 1128/1372/1454
f 1129/1373/1455 1130/1374/1456 1355/1658/1456
f 1355/1658/1456 1354/1657/1455 1129/1373/1455
f 1130/1374/1456 1131/1375/1457 1356/1659/1457
f 1356/1659/1457 1355/1658/1456 1130/1374/1456
f 1131/1375/1457 1132/1361/1444 1357/1645/1444
f 1357/1645/1444 1356/1659/1457 1131/1375/1457
f 1373/1660/82 1374/1661/84 1383/1662/84
f 1383/1662/84 1382/1663/82 1373/1660/82
f 1374/1661/84 1375/1664/473 1384/1665/86
f 1384/1665/86 1383/1662/84 1374/1661/84
f 1375/1664/473 1376/1666/88 1385/1667/88
f 1385/1667/88 1384/1665/86 1375/1664/473
f 1376/1666/88 1377/1668/90 1386/1669/90
f 1386/1669/90 1385/1667/88 1376/1666/88
f 1377/1668/90 1378/1670/74 1387/1671/74
f 1387/1671/74 1386/1669/90 1377/1668/90
f 1378/1670/74 1379/1672/76 1388/1673/76
f 1388/1673/76 1387/1671/74 1378/1670/74
f 1379/1672/76 1380/1674/78 1389/1675/238
f 1389/1675/238 1388/1673/76 1379/1672/76
f 1380/1676/78 1381/1677/80 1390/1678/80
f 1390/1678/80 1389/1679/238 1380/1676/78
f 1381/1677/80 1373/1660/82 1382/1663/82
f 1382/1663/82 1390/1678/80 1381/1677/80
f 1391/1680/73 1400/1681/73 1401/1682/75
f 1401/1682/75 1392/1683/75 1391/1680/73
f 1392/1683/75 1401/1682/75 1402/1684/237
f 1402/1684/237 1393/1685/77 1392/1683/75
f 1393/1685/77 1402/1684/237 1403/1686/79
f 1403/1686/79 1394/1687/79 1393/1685/77
f 1394/1687/79 1403/1686/79 1404/1688/81
f 1404/1688/81 1395/1689/81 1394/1687/79
f 1395/1689/81 1404/1688/81 1405/1690/83
f 1405/1690/83 1396/1691/83 1395/1689/81
f 1396/1691/83 1405/1690/83 1406/1692/85
f 1406/1692/85 1397/1693/85 1396/1691/83
f 1397/1693/85 1406/1692/85 1407/1694/87
f 1407/1694/87 1398/1695/906 1397/1693/85
f 1398/1696/906 1407/1697/87 1408/1698/236
f 1408/1698/236 1399/1699/236 1398/1696/906
f 1399/1699/236 1408/1698/236 1400/1681/73
f 1400/1681/73 1391/1680/73 1399/1699/236
f 1382/1700/1458 1383/1701/1458 1401/1702/1458
f 1401/1702/1458 1400/1703/1458 1382/1700/1458
f 1373/1704/1441 1391/1705/1441 1392/1706/1441
f 1392/1706/1441 1374/1707/1441 1373/1704/1441
f 1383/1701/1458 1384/1708/1458 1402/1709/1458
f 1402/1709/1458 1401/1702/1458 1383/1701/1458
f 1374/1707/1441 1392/1706/1441 1393/1710/1441
f 1393/1710/1441 1375/1711/1441 1374/1707/1441
f 1384/1708/1458 1385/1712/1458 1403/1713/1458
f 1403/1713/1458 1402/1709/1458 1384/1708/1458
f 1375/1711/1441 1393/1710/1441 1394/1714/1441
f 1394/1714/1441 1376/1715/1441 1375/1711/1441
f 1385/1712/1458 1386/1716/1459 1404/1717/1459
f 1404/1717/1459 1403/1713/1458 1385/1712/1458
f 1376/1715/1441 1394/1714/1441 1395/1718/1441
f 1395/1718/1441 1377/1719/1441 1376/1715/1441
f 1386/1716/1459 1387/1720/1458 1405/1721/1459
f 1405/1721/1459 1404/1717/1459 1386/1716/1459
f 1377/1719/1441 1395/1718/1441 1396/1722/1442
f 1396/1722/1442 1378/1723/1442 1377/1719/1441
f 1387/1720/1458 1388/1724/1458 1406/1725/1458
f 1406/1725/1458 1405/1721/1459 1387/1720/1458
f 1378/1723/1442 1396/1722/1442 1397/1726/1441
f 1397/1726/1441 1379/1727/1460 1378/1723/1442
f 1388/1724/1458 1389/1728/1458 1407/1729/1458
f 1407/1729/1458 1406/1725/1458 1388/1724/1458
f 1379/1727/1460 1397/1726/1441 1398/1730/1441
f 1398/1730/1441 1380/1731/1441 1379/1727/1460
f 1389/1732/1458 1390/1733/1458 1408/1734/1458
f 1408/1734/1458 1407/1735/1458 1389/1732/1458
f 1380/1736/1441 1398/1737/1441 1399/1738/1441
f 1399/1738/1441 1381/1739/1441 1380/1736/1441
f 1390/1733/1458 1382/1700/1458 1400/1703/1458
f 1400/1703/1458 1408/1734/1458 1390/1733/1458
f 1381/1739/1441 1399/1738/1441 1391/1705/1441
f 1391/1705/1441 1373/1704/1441 1381/1739/1441
f 222/1740/1441 221/1741/1441 1409/1742/1441
f 1409/1742/1441 1410/1743/1441 222/1740/1441
f 223/1744/1441 222/1740/1441 1410/1743/1441
f 1410/1743/1441 1411/1745/1441 223/1744/1441
f 224/1746/1441 223/1744/1441 1411/1745/1441
f 1411/1745/1441 1412/1747/1441 224/1746/1441
f 225/1748/1441 224/1746/1441 1412/1747/1441
f 1412/1747/1441 1413/1749/1441 225/1748/1441
f 226/1750/1441 225/1748/1441 1413/1749/1441
f 1413/1749/1441 1414/1751/1441 226/1750/1441
f 227/1752/1441 226/1750/1441 1414/1751/1441
f 1414/1751/1441 1415/1753/1441 227/1752/1441
f 228/1754/1441 227/1752/1441 1415/1753/1441
f 1415/1753/1441 1416/1755/1441 228/1754/1441
f 229/1756/1441 228/1754/1441 1416/1755/1441
f 1416/1755/1441 1417/1757/1441 229/1756/1441
f 230/1758/1441 229/1756/1441 1417/1757/1441
f 1417/1757/1441 1418/1759/1441 230/1758/1441
f 231/1760/1441 230/1758/1441 1418/1759/1441
f 1418/1759/1441 1419/1761/1441 231/1760/1441
f 232/1762/1441 231/1760/1441 1419/1761/1441
f 1419/1761/1441 1420/1763/1441 232/1762/1441
f 233/1764/1441 232/1762/1441 1420/1763/1441
f 1420/1763/1441 1421/1765/1441 233/1764/1441
f 234/1766/1441 233/1764/1441 1421/1765/1441
f 1421/1765/1441 1422/1767/1441 234/1766/1441
f 235/1768/1441 234/1766/1441 1422/1767/1441
f 1422/1767/1441 1423/1769/1441 235/1768/1441
f 236/1770/1441 235/1768/1441 1423/1769/1441
f 1423/1769/1441 1424/1771/1441 236/1770/1441
f 237/1772/1441 236/1770/1441 1424/1771/1441
f 1424/1771/1441 1425/1773/1441 237/1772/1441
f 238/1774/1441 237/1772/1441 1425/1773/1441
f 1425/1773/1441 1426/1775/1441 238/1774/1441
f 221/1741/1441 238/1774/1441 1426/1775/1441
f 1426/1775/1441 1409/1742/1441 221/1741/1441
