# Blender 5.1.0
# www.blender.org
o table
v 0.988643 1.019642 0.265022
v 0.985595 1.019642 0.297502
v 0.980680 1.019642 0.333706
v 0.971086 1.019642 0.378772
v 0.947830 1.019642 0.426320
v 0.936570 1.019642 0.435272
v 0.923990 1.019642 0.440483
v 0.912511 1.019642 0.440483
v 0.912511 1.019642 -0.442229
v 0.923990 1.019642 -0.442229
v 0.936570 1.019642 -0.437018
v 0.947830 1.019642 -0.428066
v 0.971086 1.019642 -0.378772
v 0.980680 1.019642 -0.333706
v 0.985595 1.019642 -0.297502
v 0.988643 1.019642 -0.265022
v 0.923990 0.981577 0.440483
v 0.912511 0.981577 0.440483
v 0.988643 0.981577 -0.265022
v 0.988643 0.981577 0.265022
v 0.971086 0.981577 0.378772
v 0.953998 0.981577 0.417681
v 0.947830 0.981577 0.426320
v 0.947830 0.981577 -0.428066
v 0.953998 0.981577 -0.418141
v 0.971086 0.981577 -0.378772
v 0.980680 0.981577 0.333706
v 0.980680 0.981577 -0.333706
v 0.985596 0.981577 0.297502
v 0.985596 0.981577 -0.297502
v 0.936570 0.981577 0.435272
v 0.923990 0.981577 -0.442229
v 0.936570 0.981577 -0.437018
v 0.920727 0.981577 0.372207
v 0.920727 0.981577 -0.376991
v 0.912511 0.981577 -0.442229
v 0.920727 0.833163 -0.376991
v 0.920727 0.833163 0.372207
v -0.988771 1.019642 0.265022
v -0.912639 1.019642 0.440483
v -0.985724 1.019642 0.297502
v -0.924118 0.981577 0.440483
v -0.924118 1.019642 0.440483
v -0.912639 0.981577 0.440483
v -0.988771 0.981577 -0.265022
v -0.988771 1.019642 -0.265022
v -0.988771 0.981577 0.265022
v -0.947958 1.019642 0.426320
v -0.947958 0.981577 0.426320
v -0.954126 0.981577 0.417681
v -0.971214 0.981577 0.378772
v -0.971214 1.019642 0.378772
v -0.947958 0.981577 -0.428066
v -0.947958 1.019642 -0.428066
v -0.971214 1.019642 -0.378772
v -0.971214 0.981577 -0.378772
v -0.954126 0.981577 -0.418140
v -0.980808 0.981577 0.333706
v -0.980808 1.019642 0.333706
v -0.980808 1.019642 -0.333706
v -0.980808 0.981577 -0.333706
v -0.985723 0.981577 0.297502
v -0.985724 1.019642 -0.297501
v -0.985723 0.981577 -0.297501
v -0.936698 0.981577 0.435272
v -0.936698 1.019642 0.435272
v -0.924118 0.981577 -0.442229
v -0.924118 1.019642 -0.442229
v -0.936698 1.019642 -0.437018
v -0.936698 0.981577 -0.437018
v -0.920855 0.981577 0.372207
v -0.920855 0.981577 -0.376991
v -0.912639 0.981577 -0.442229
v -0.920855 0.833163 0.372207
v -0.920855 0.833163 -0.376991
v -0.912639 1.019642 -0.442229
v -0.926193 0.142030 0.321361
v -0.854757 0.142030 0.321361
v -0.926193 0.142030 -0.321418
v -0.854757 0.142030 -0.321418
v -0.926193 0.218269 0.321361
v -0.854757 0.218269 0.321361
v -0.926193 0.218269 -0.321418
v -0.854757 0.218269 -0.321418
v 0.853853 0.142030 0.321361
v 0.853853 0.142030 -0.321418
v 0.926021 0.142030 -0.321418
v 0.926021 0.142030 0.321361
v 0.853853 0.218269 0.321361
v 0.926021 0.218269 0.321361
v 0.926021 0.218269 -0.321418
v 0.853853 0.218269 -0.321418
v 0.853729 0.142030 0.036056
v -0.854392 0.142030 0.036056
v -0.854392 0.142030 -0.036112
v 0.853729 0.142030 -0.036112
v 0.853729 0.218269 0.036056
v 0.853729 0.218269 -0.036112
v -0.854392 0.218269 -0.036112
v -0.854392 0.218269 0.036056
v 0.870843 -0.000000 -0.329536
v 0.908482 -0.000000 -0.329536
v 0.855420 -0.000000 -0.382177
v 0.923904 -0.000000 -0.382177
v 0.848754 0.981800 -0.322174
v 0.930570 0.981800 -0.322174
v 0.848754 0.981800 -0.404961
v 0.930570 0.981800 -0.404961
v 0.930750 0.137876 -0.322732
v 0.848409 0.245944 -0.341148
v 0.848575 0.137876 -0.322732
v 0.930750 0.137876 -0.404403
v 0.848575 0.137876 -0.404403
v 0.848409 0.245944 -0.385987
v 0.931405 0.118504 -0.340882
v 0.912604 0.119001 -0.405055
v 0.847919 0.118504 -0.386254
v 0.866720 0.118504 -0.322081
v 0.930750 0.224121 -0.322732
v 0.848575 0.224121 -0.322732
v 0.930750 0.224121 -0.404403
v 0.848575 0.224121 -0.404403
v 0.930085 0.759277 -0.322665
v 0.849239 0.759277 -0.322665
v 0.930085 0.759277 -0.404471
v 0.848037 0.735113 -0.386190
v 0.855420 -0.000000 -0.344958
v 0.923904 -0.000000 -0.344958
v 0.870843 -0.000000 -0.397600
v 0.908482 -0.000000 -0.397600
v 0.866990 0.245944 -0.322568
v 0.866990 0.245944 -0.404568
v 0.930750 0.137576 -0.322732
v 0.912604 0.118504 -0.322081
v 0.930750 0.137576 -0.404403
v 0.931405 0.118504 -0.386254
v 0.848575 0.137576 -0.404403
v 0.866720 0.119001 -0.405055
v 0.848575 0.137576 -0.322732
v 0.847919 0.118504 -0.340882
v 0.930915 0.245944 -0.341148
v 0.912335 0.245944 -0.322568
v 0.912335 0.245944 -0.404568
v 0.930915 0.245944 -0.385987
v 0.912539 0.735113 -0.322198
v 0.931287 0.735113 -0.340946
v 0.848037 0.735113 -0.340946
v 0.866785 0.735113 -0.322198
v 0.931287 0.735113 -0.386190
v 0.912539 0.735113 -0.404938
v 0.849239 0.759277 -0.404471
v 0.866785 0.735113 -0.404938
v 0.871457 -0.000000 0.396547
v 0.909096 -0.000000 0.396547
v 0.856034 -0.000000 0.343906
v 0.924519 -0.000000 0.343906
v 0.849368 0.981800 0.403909
v 0.931185 0.981800 0.403909
v 0.849368 0.981800 0.321122
v 0.931185 0.981800 0.321122
v 0.931364 0.137876 0.403351
v 0.849023 0.245944 0.384935
v 0.849189 0.137876 0.403351
v 0.931364 0.137876 0.321680
v 0.849189 0.137876 0.321680
v 0.849023 0.245944 0.340096
v 0.932020 0.118504 0.385201
v 0.913218 0.119001 0.321028
v 0.848533 0.118504 0.339830
v 0.867335 0.118504 0.404002
v 0.931364 0.224121 0.403351
v 0.849189 0.224121 0.403351
v 0.931364 0.224121 0.321680
v 0.849189 0.224121 0.321680
v 0.930700 0.759277 0.403418
v 0.849853 0.759277 0.403418
v 0.930700 0.759277 0.321613
v 0.848651 0.735113 0.339894
v 0.856034 -0.000000 0.381125
v 0.924519 -0.000000 0.381125
v 0.871457 -0.000000 0.328483
v 0.909096 -0.000000 0.328483
v 0.867604 0.245944 0.403515
v 0.867604 0.245944 0.321515
v 0.931364 0.137576 0.403351
v 0.913218 0.118504 0.404002
v 0.931364 0.137576 0.321680
v 0.932020 0.118504 0.339830
v 0.849189 0.137576 0.321680
v 0.867335 0.119001 0.321028
v 0.849189 0.137576 0.403351
v 0.848533 0.118504 0.385201
v 0.931529 0.245944 0.384935
v 0.912949 0.245944 0.403515
v 0.912949 0.245944 0.321515
v 0.931529 0.245944 0.340096
v 0.913153 0.735113 0.403885
v 0.931902 0.735113 0.385137
v 0.848651 0.735113 0.385137
v 0.867399 0.735113 0.403885
v 0.931902 0.735113 0.339894
v 0.913153 0.735113 0.321146
v 0.849853 0.759277 0.321613
v 0.867399 0.735113 0.321146
v -0.908750 -0.000000 0.396547
v -0.871111 -0.000000 0.396547
v -0.924173 -0.000000 0.343906
v -0.855689 -0.000000 0.343906
v -0.930839 0.981800 0.403909
v -0.849022 0.981800 0.403909
v -0.930839 0.981800 0.321121
v -0.849022 0.981800 0.321121
v -0.848843 0.137876 0.403351
v -0.931184 0.245944 0.384935
v -0.931018 0.137876 0.403351
v -0.848843 0.137876 0.321680
v -0.931018 0.137876 0.321680
v -0.931184 0.245944 0.340096
v -0.848188 0.118504 0.385201
v -0.866989 0.119001 0.321028
v -0.931674 0.118504 0.339830
v -0.912873 0.118504 0.404002
v -0.848843 0.224121 0.403351
v -0.931018 0.224121 0.403351
v -0.848843 0.224121 0.321680
v -0.931018 0.224121 0.321680
v -0.849508 0.759277 0.403418
v -0.930354 0.759277 0.403418
v -0.849508 0.759277 0.321613
v -0.931556 0.735113 0.339894
v -0.924173 -0.000000 0.381125
v -0.855689 -0.000000 0.381125
v -0.908750 -0.000000 0.328483
v -0.871111 -0.000000 0.328483
v -0.912603 0.245944 0.403515
v -0.912603 0.245944 0.321515
v -0.848843 0.137576 0.403351
v -0.866989 0.118504 0.404002
v -0.848843 0.137576 0.321680
v -0.848188 0.118504 0.339830
v -0.931018 0.137576 0.321680
v -0.912873 0.119001 0.321028
v -0.931018 0.137576 0.403351
v -0.931674 0.118504 0.385201
v -0.848678 0.245944 0.384935
v -0.867258 0.245944 0.403515
v -0.867258 0.245944 0.321515
v -0.848678 0.245944 0.340096
v -0.867054 0.735113 0.403885
v -0.848306 0.735113 0.385137
v -0.931556 0.735113 0.385137
v -0.912808 0.735113 0.403885
v -0.848306 0.735113 0.339894
v -0.867054 0.735113 0.321145
v -0.930354 0.759277 0.321613
v -0.912808 0.735113 0.321145
v -0.908995 -0.000000 -0.329536
v -0.871356 -0.000000 -0.329536
v -0.924418 -0.000000 -0.382177
v -0.855934 -0.000000 -0.382177
v -0.931084 0.981800 -0.322174
v -0.849268 0.981800 -0.322174
v -0.931084 0.981800 -0.404961
v -0.849268 0.981800 -0.404961
v -0.849088 0.137876 -0.322732
v -0.931429 0.245944 -0.341148
v -0.931263 0.137876 -0.322732
v -0.849088 0.137876 -0.404403
v -0.931263 0.137876 -0.404403
v -0.931429 0.245944 -0.385987
v -0.848433 0.118504 -0.340882
v -0.867234 0.119001 -0.405055
v -0.931919 0.118504 -0.386254
v -0.913118 0.118504 -0.322081
v -0.849088 0.224121 -0.322732
v -0.931263 0.224121 -0.322732
v -0.849088 0.224121 -0.404403
v -0.931263 0.224121 -0.404403
v -0.849753 0.759277 -0.322665
v -0.930599 0.759277 -0.322665
v -0.849753 0.759277 -0.404470
v -0.931801 0.735113 -0.386189
v -0.924418 -0.000000 -0.344958
v -0.855934 -0.000000 -0.344958
v -0.908995 -0.000000 -0.397600
v -0.871356 -0.000000 -0.397600
v -0.912848 0.245944 -0.322568
v -0.912848 0.245944 -0.404567
v -0.849088 0.137576 -0.322732
v -0.867234 0.118504 -0.322081
v -0.849088 0.137576 -0.404403
v -0.848433 0.118504 -0.386254
v -0.931263 0.137576 -0.404403
v -0.913118 0.119001 -0.405055
v -0.931263 0.137576 -0.322732
v -0.931919 0.118504 -0.340882
v -0.848923 0.245944 -0.341148
v -0.867503 0.245944 -0.322568
v -0.867503 0.245944 -0.404567
v -0.848923 0.245944 -0.385987
v -0.867299 0.735113 -0.322198
v -0.848551 0.735113 -0.340946
v -0.931801 0.735113 -0.340946
v -0.913053 0.735113 -0.322198
v -0.848551 0.735113 -0.386189
v -0.867299 0.735113 -0.404938
v -0.930599 0.759277 -0.404470
v -0.913053 0.735113 -0.404938
v 0.752854 0.811588 -0.341236
v 0.736273 0.814244 -0.341236
v 0.752858 0.811636 -0.371915
v 0.736269 0.814223 -0.371915
v 0.715901 0.819637 -0.341236
v 0.716041 0.819820 -0.371915
v 0.772626 0.808361 -0.341236
v 0.772626 0.808340 -0.371915
v 0.795297 0.800308 -0.341236
v 0.795267 0.800264 -0.371915
v 0.802984 0.798845 -0.341236
v 0.803099 0.798980 -0.371915
v 0.819238 0.800602 -0.341236
v 0.819747 0.800379 -0.371915
v 0.829939 0.798271 -0.341236
v 0.830482 0.797972 -0.371915
v 0.836221 0.792982 -0.341236
v 0.836679 0.792582 -0.371915
v 0.843215 0.785380 -0.341236
v 0.843624 0.784891 -0.371915
v 0.848834 0.779093 -0.341236
v 0.848834 0.778660 -0.371915
v 0.825014 0.800116 -0.341236
v 0.825588 0.799840 -0.371915
v 0.813612 0.799856 -0.341236
v 0.813919 0.799663 -0.371915
v 0.707503 0.827230 -0.341236
v 0.707538 0.827271 -0.371915
v 0.702188 0.834893 -0.341236
v 0.702370 0.834238 -0.371915
v 0.848834 0.839112 -0.341236
v 0.848834 0.839112 -0.371915
v 0.700189 0.839115 -0.341236
v 0.700180 0.839114 -0.371915
v 0.762797 0.810308 -0.341236
v 0.762814 0.810369 -0.371915
v 0.888701 0.805327 0.235270
v 0.918871 0.805163 0.235268
v 0.918871 0.798183 0.250144
v 0.888701 0.798154 0.250227
v 0.918871 0.794067 0.256149
v 0.888701 0.793960 0.256341
v 0.918871 0.791087 0.266562
v 0.888701 0.790724 0.266918
v 0.918871 0.790989 0.281002
v 0.888701 0.790377 0.281295
v 0.918871 0.788442 0.286103
v 0.888701 0.788087 0.286404
v 0.888701 0.780387 0.295451
v 0.918871 0.781167 0.294895
v 0.918871 0.780836 0.298419
v 0.888701 0.780082 0.298852
v 0.918871 0.781944 0.301781
v 0.888701 0.781293 0.302274
v 0.888701 0.782674 0.305649
v 0.918871 0.783939 0.305003
v 0.918871 0.782701 0.310105
v 0.888701 0.782612 0.310307
v 0.918871 0.776112 0.314853
v 0.888701 0.775909 0.314931
v 0.888701 0.768557 0.318345
v 0.918871 0.768754 0.318112
v 0.918871 0.754818 0.323594
v 0.888701 0.754689 0.323594
v 0.888701 0.832990 0.323594
v 0.918871 0.833163 0.323594
v 0.888701 0.805214 -0.236766
v 0.918871 0.805152 -0.236769
v 0.888701 0.798183 -0.249007
v 0.918871 0.798154 -0.249089
v 0.888701 0.794067 -0.255011
v 0.918871 0.793960 -0.255204
v 0.888701 0.791087 -0.265425
v 0.918871 0.790724 -0.265781
v 0.888701 0.790989 -0.279865
v 0.918871 0.790377 -0.280158
v 0.888701 0.781381 -0.293758
v 0.918871 0.781431 -0.294314
v 0.888701 0.780164 -0.297282
v 0.918871 0.780082 -0.297715
v 0.888701 0.782738 -0.303866
v 0.918871 0.782674 -0.304512
v 0.888701 0.782701 -0.308967
v 0.918871 0.782612 -0.309170
v 0.888701 0.768754 -0.316975
v 0.918871 0.768557 -0.317208
v 0.888701 0.754818 -0.322457
v 0.918871 0.754689 -0.322457
v 0.888701 0.776112 -0.313715
v 0.918871 0.775909 -0.313794
v 0.888701 0.781273 -0.300643
v 0.918871 0.781293 -0.301137
v 0.888701 0.788442 -0.284966
v 0.918871 0.788087 -0.285267
v 0.918871 0.832990 -0.322457
v 0.888701 0.833163 -0.322457
v 0.918871 0.804126 0.239360
v 0.888701 0.804221 0.239402
v 0.752854 0.811588 0.371456
v 0.736274 0.814244 0.371456
v 0.736269 0.814223 0.340777
v 0.752858 0.811636 0.340777
v 0.715901 0.819637 0.371456
v 0.716041 0.819820 0.340777
v 0.762814 0.810369 0.340777
v 0.762797 0.810308 0.371456
v 0.772626 0.808361 0.371456
v 0.772626 0.808340 0.340777
v 0.795267 0.800264 0.340777
v 0.795297 0.800308 0.371456
v 0.803099 0.798980 0.340777
v 0.802984 0.798845 0.371456
v 0.813919 0.799663 0.340777
v 0.813612 0.799856 0.371456
v 0.819238 0.800602 0.371456
v 0.819747 0.800380 0.340777
v 0.825588 0.799840 0.340777
v 0.825014 0.800116 0.371456
v 0.829939 0.798272 0.371456
v 0.830482 0.797972 0.340777
v 0.836679 0.792582 0.340777
v 0.836221 0.792982 0.371456
v 0.843624 0.784891 0.340777
v 0.843215 0.785380 0.371456
v 0.848834 0.778660 0.340777
v 0.848834 0.779093 0.371456
v 0.707503 0.827230 0.371456
v 0.707538 0.827271 0.340777
v 0.702188 0.834893 0.371456
v 0.702370 0.834238 0.340777
v 0.700189 0.839115 0.371456
v 0.700180 0.839114 0.340777
v 0.848834 0.839112 0.371456
v 0.848834 0.839112 0.340777
v -0.753133 0.811588 0.340777
v -0.736553 0.814244 0.340777
v -0.736548 0.814223 0.371456
v -0.753137 0.811636 0.371456
v -0.716180 0.819637 0.340777
v -0.716321 0.819820 0.371456
v -0.763093 0.810369 0.371456
v -0.763076 0.810308 0.340777
v -0.772905 0.808361 0.340777
v -0.772905 0.808340 0.371456
v -0.795546 0.800264 0.371456
v -0.795576 0.800308 0.340777
v -0.803378 0.798980 0.371456
v -0.803263 0.798845 0.340777
v -0.814198 0.799663 0.371456
v -0.813891 0.799856 0.340777
v -0.819517 0.800602 0.340777
v -0.820026 0.800380 0.371456
v -0.825867 0.799840 0.371456
v -0.825293 0.800116 0.340777
v -0.830218 0.798271 0.340777
v -0.830761 0.797972 0.371456
v -0.836958 0.792582 0.371456
v -0.836500 0.792982 0.340777
v -0.843903 0.784891 0.371456
v -0.843494 0.785380 0.340777
v -0.849113 0.778660 0.371456
v -0.849113 0.779093 0.340777
v -0.707782 0.827230 0.340777
v -0.707817 0.827271 0.371456
v -0.702467 0.834893 0.340777
v -0.702649 0.834238 0.371456
v -0.700468 0.839115 0.340777
v -0.700459 0.839114 0.371456
v -0.849113 0.839112 0.340777
v -0.849113 0.839112 0.371456
v -0.753133 0.811588 -0.371729
v -0.736553 0.814244 -0.371729
v -0.736548 0.814224 -0.341050
v -0.753137 0.811636 -0.341050
v -0.716180 0.819637 -0.371729
v -0.716321 0.819820 -0.341050
v -0.763093 0.810369 -0.341050
v -0.763076 0.810308 -0.371729
v -0.772905 0.808361 -0.371729
v -0.772905 0.808340 -0.341050
v -0.795546 0.800264 -0.341050
v -0.795576 0.800308 -0.371729
v -0.803378 0.798980 -0.341050
v -0.803263 0.798845 -0.371729
v -0.814198 0.799663 -0.341050
v -0.813891 0.799856 -0.371729
v -0.819517 0.800602 -0.371729
v -0.820026 0.800380 -0.341050
v -0.825867 0.799840 -0.341050
v -0.825293 0.800116 -0.371729
v -0.830218 0.798272 -0.371729
v -0.830762 0.797972 -0.341050
v -0.836958 0.792582 -0.341050
v -0.836500 0.792982 -0.371729
v -0.843903 0.784891 -0.341050
v -0.843494 0.785380 -0.371729
v -0.849113 0.778660 -0.341050
v -0.849113 0.779093 -0.371729
v -0.707782 0.827230 -0.371729
v -0.707817 0.827271 -0.341050
v -0.702467 0.834893 -0.371729
v -0.702649 0.834238 -0.341050
v -0.700469 0.839115 -0.371729
v -0.700459 0.839114 -0.341050
v -0.849113 0.839112 -0.371729
v -0.849113 0.839112 -0.341050
v 0.948148 0.902934 0.024283
v 0.948148 0.911251 0.022817
v 0.948148 0.918564 0.018595
v 0.948148 0.923992 0.012126
v 0.948148 0.926880 0.004190
v 0.948148 0.926880 -0.004254
v 0.948148 0.923992 -0.012190
v 0.948148 0.918564 -0.018659
v 0.948148 0.911251 -0.022881
v 0.948148 0.902934 -0.024347
v 0.948148 0.894618 -0.022881
v 0.948148 0.887305 -0.018659
v 0.948148 0.881877 -0.012190
v 0.948148 0.878988 -0.004254
v 0.948148 0.878988 0.004190
v 0.948148 0.881877 0.012126
v 0.948148 0.887305 0.018594
v 0.948148 0.894618 0.022817
v 0.943995 0.902934 0.031101
v 0.943995 0.913582 0.029223
v 0.943995 0.922946 0.023817
v 0.943995 0.929896 0.015534
v 0.943995 0.933594 0.005374
v 0.943995 0.933594 -0.005438
v 0.943995 0.929896 -0.015598
v 0.943995 0.922946 -0.023881
v 0.943995 0.913582 -0.029287
v 0.943995 0.902934 -0.031165
v 0.943995 0.892286 -0.029287
v 0.943995 0.882922 -0.023881
v 0.943995 0.875972 -0.015598
v 0.943995 0.872274 -0.005438
v 0.943995 0.872274 0.005374
v 0.943995 0.875972 0.015534
v 0.943995 0.882922 0.023817
v 0.943995 0.892286 0.029223
v 0.940215 0.902934 0.031101
v 0.940215 0.913582 0.029223
v 0.940215 0.922946 0.023817
v 0.940215 0.929896 0.015534
v 0.940215 0.933594 0.005374
v 0.940215 0.933594 -0.005438
v 0.940215 0.929896 -0.015598
v 0.940215 0.922946 -0.023881
v 0.940215 0.913582 -0.029287
v 0.940215 0.902934 -0.031165
v 0.940215 0.892286 -0.029287
v 0.940215 0.882922 -0.023881
v 0.940215 0.875972 -0.015598
v 0.940215 0.872274 -0.005438
v 0.940215 0.872274 0.005374
v 0.940215 0.875972 0.015534
v 0.940215 0.882922 0.023817
v 0.940215 0.892286 0.029223
v 0.940215 0.902934 0.024887
v 0.940215 0.911457 0.023384
v 0.940215 0.918952 0.019057
v 0.940215 0.924514 0.012427
v 0.940215 0.927474 0.004295
v 0.940215 0.927474 -0.004359
v 0.940215 0.924514 -0.012491
v 0.940215 0.918952 -0.019121
v 0.940215 0.911457 -0.023448
v 0.940215 0.902934 -0.024951
v 0.940215 0.894412 -0.023448
v 0.940215 0.886917 -0.019121
v 0.940215 0.881354 -0.012491
v 0.940215 0.878394 -0.004359
v 0.940215 0.878394 0.004295
v 0.940215 0.881354 0.012427
v 0.940215 0.886917 0.019057
v 0.940215 0.894412 0.023384
v 0.937219 0.902934 0.018672
v 0.937219 0.909332 0.017544
v 0.937219 0.914957 0.014296
v 0.937219 0.919133 0.009320
v 0.937219 0.921354 0.003216
v 0.937219 0.921354 -0.003280
v 0.937219 0.919133 -0.009384
v 0.937219 0.914957 -0.014360
v 0.937219 0.909332 -0.017608
v 0.937219 0.902934 -0.018736
v 0.937219 0.896537 -0.017608
v 0.937219 0.890911 -0.014360
v 0.937219 0.886736 -0.009384
v 0.937219 0.884514 -0.003280
v 0.937219 0.884514 0.003216
v 0.937219 0.886736 0.009320
v 0.937219 0.890911 0.014296
v 0.937219 0.896537 0.017544
v 0.935493 0.902934 0.013378
v 0.935493 0.907521 0.012569
v 0.935493 0.911554 0.010241
v 0.935493 0.914548 0.006673
v 0.935493 0.916141 0.002297
v 0.935493 0.916141 -0.002361
v 0.935493 0.914548 -0.006737
v 0.935493 0.911554 -0.010305
v 0.935493 0.907521 -0.012634
v 0.935493 0.902934 -0.013442
v 0.935493 0.898348 -0.012634
v 0.935493 0.894314 -0.010305
v 0.935493 0.891321 -0.006737
v 0.935493 0.889728 -0.002361
v 0.935493 0.889728 0.002297
v 0.935493 0.891321 0.006673
v 0.935493 0.894314 0.010241
v 0.935493 0.898348 0.012569
v 0.926916 0.902934 0.013378
v 0.926916 0.907521 0.012569
v 0.926916 0.911554 0.010241
v 0.926916 0.914548 0.006673
v 0.926916 0.916141 0.002297
v 0.926916 0.916141 -0.002361
v 0.926916 0.914548 -0.006737
v 0.926916 0.911554 -0.010305
v 0.926916 0.907521 -0.012634
v 0.926916 0.902934 -0.013442
v 0.926916 0.898348 -0.012634
v 0.926916 0.894314 -0.010305
v 0.926916 0.891321 -0.006737
v 0.926916 0.889728 -0.002361
v 0.926916 0.889728 0.002297
v 0.926916 0.891321 0.006673
v 0.926916 0.894314 0.010241
v 0.926916 0.898348 0.012569
v 0.924548 0.902934 0.021331
v 0.924548 0.910241 0.020043
v 0.924548 0.916666 0.016333
v 0.924548 0.921435 0.010649
v 0.924548 0.923973 0.003678
v 0.924548 0.923973 -0.003742
v 0.924548 0.921435 -0.010714
v 0.924548 0.916666 -0.016397
v 0.924548 0.910241 -0.020107
v 0.924548 0.902934 -0.021395
v 0.924548 0.895628 -0.020107
v 0.924548 0.889202 -0.016397
v 0.924548 0.884433 -0.010714
v 0.924548 0.881896 -0.003742
v 0.924548 0.881896 0.003678
v 0.924548 0.884433 0.010649
v 0.924548 0.889202 0.016333
v 0.924548 0.895628 0.020043
v 0.920329 0.902934 0.022103
v 0.920329 0.910505 0.020768
v 0.920329 0.917162 0.016924
v 0.920329 0.922104 0.011036
v 0.920329 0.924733 0.003812
v 0.920329 0.924733 -0.003876
v 0.920329 0.922104 -0.011100
v 0.920329 0.917162 -0.016989
v 0.920329 0.910505 -0.020832
v 0.920329 0.902934 -0.022167
v 0.920329 0.895364 -0.020832
v 0.920329 0.888706 -0.016989
v 0.920329 0.883765 -0.011100
v 0.920329 0.881135 -0.003876
v 0.920329 0.881135 0.003812
v 0.920329 0.883765 0.011036
v 0.920329 0.888706 0.016924
v 0.920329 0.895364 0.020768
v -0.948286 0.902934 -0.024347
v -0.948286 0.911250 -0.022881
v -0.944133 0.913582 -0.029287
v -0.944133 0.902934 -0.031165
v -0.948286 0.918564 -0.018659
v -0.944133 0.922946 -0.023881
v -0.948286 0.923992 -0.012190
v -0.944133 0.929896 -0.015598
v -0.948286 0.926880 -0.004254
v -0.944133 0.933594 -0.005438
v -0.948286 0.926880 0.004190
v -0.944133 0.933594 0.005374
v -0.948286 0.923992 0.012126
v -0.944133 0.929896 0.015534
v -0.948286 0.918564 0.018595
v -0.944133 0.922946 0.023817
v -0.948286 0.911251 0.022817
v -0.944133 0.913582 0.029223
v -0.948286 0.902934 0.024283
v -0.944133 0.902934 0.031101
v -0.948286 0.894618 0.022817
v -0.944133 0.892286 0.029223
v -0.948286 0.887305 0.018595
v -0.944133 0.882922 0.023817
v -0.948286 0.881877 0.012126
v -0.944133 0.875972 0.015534
v -0.948286 0.878988 0.004190
v -0.944133 0.872274 0.005374
v -0.948286 0.878988 -0.004254
v -0.944133 0.872274 -0.005438
v -0.948286 0.881877 -0.012190
v -0.944133 0.875972 -0.015598
v -0.948286 0.887305 -0.018659
v -0.944133 0.882922 -0.023881
v -0.948286 0.894618 -0.022881
v -0.944133 0.892286 -0.029287
v -0.940354 0.913582 -0.029287
v -0.940354 0.902934 -0.031165
v -0.940354 0.922946 -0.023881
v -0.940354 0.929896 -0.015598
v -0.940354 0.933594 -0.005438
v -0.940354 0.933594 0.005374
v -0.940354 0.929896 0.015534
v -0.940354 0.922946 0.023817
v -0.940354 0.913582 0.029223
v -0.940354 0.902934 0.031101
v -0.940354 0.892286 0.029223
v -0.940354 0.882922 0.023817
v -0.940354 0.875972 0.015534
v -0.940354 0.872274 0.005374
v -0.940354 0.872274 -0.005438
v -0.940354 0.875972 -0.015598
v -0.940354 0.882922 -0.023881
v -0.940354 0.892286 -0.029287
v -0.940354 0.911457 -0.023448
v -0.940354 0.902934 -0.024951
v -0.940354 0.918952 -0.019121
v -0.940354 0.924514 -0.012491
v -0.940354 0.927474 -0.004359
v -0.940354 0.927474 0.004295
v -0.940354 0.924514 0.012427
v -0.940354 0.918952 0.019057
v -0.940354 0.911457 0.023384
v -0.940354 0.902934 0.024887
v -0.940354 0.894412 0.023384
v -0.940354 0.886917 0.019057
v -0.940354 0.881354 0.012427
v -0.940354 0.878394 0.004295
v -0.940354 0.878394 -0.004359
v -0.940354 0.881354 -0.012491
v -0.940354 0.886917 -0.019121
v -0.940354 0.894412 -0.023448
v -0.937358 0.909332 -0.017608
v -0.937358 0.902934 -0.018736
v -0.937358 0.914957 -0.014360
v -0.937358 0.919133 -0.009384
v -0.937358 0.921354 -0.003280
v -0.937358 0.921354 0.003216
v -0.937358 0.919133 0.009320
v -0.937358 0.914957 0.014296
v -0.937358 0.909332 0.017544
v -0.937358 0.902934 0.018672
v -0.937358 0.896537 0.017544
v -0.937358 0.890911 0.014296
v -0.937358 0.886736 0.009320
v -0.937358 0.884514 0.003216
v -0.937358 0.884514 -0.003280
v -0.937358 0.886736 -0.009384
v -0.937358 0.890911 -0.014360
v -0.937358 0.896537 -0.017608
v -0.935631 0.907521 -0.012634
v -0.935631 0.902934 -0.013442
v -0.935631 0.911554 -0.010305
v -0.935631 0.914548 -0.006737
v -0.935631 0.916141 -0.002361
v -0.935631 0.916141 0.002297
v -0.935631 0.914548 0.006673
v -0.935631 0.911554 0.010241
v -0.935631 0.907521 0.012569
v -0.935631 0.902934 0.013378
v -0.935631 0.898348 0.012569
v -0.935631 0.894314 0.010241
v -0.935631 0.891321 0.006673
v -0.935631 0.889728 0.002297
v -0.935631 0.889728 -0.002361
v -0.935631 0.891321 -0.006737
v -0.935631 0.894314 -0.010305
v -0.935631 0.898348 -0.012634
v -0.927054 0.907521 -0.012634
v -0.927054 0.902934 -0.013442
v -0.927054 0.911554 -0.010305
v -0.927054 0.914548 -0.006737
v -0.927054 0.916141 -0.002361
v -0.927054 0.916141 0.002297
v -0.927054 0.914548 0.006673
v -0.927054 0.911554 0.010241
v -0.927054 0.907521 0.012569
v -0.927054 0.902934 0.013378
v -0.927054 0.898348 0.012569
v -0.927054 0.894314 0.010241
v -0.927054 0.891321 0.006673
v -0.927054 0.889728 0.002297
v -0.927054 0.889728 -0.002361
v -0.927054 0.891321 -0.006737
v -0.927054 0.894314 -0.010305
v -0.927054 0.898348 -0.012634
v -0.924686 0.910241 -0.020107
v -0.924686 0.902934 -0.021395
v -0.924686 0.916666 -0.016397
v -0.924686 0.921435 -0.010714
v -0.924686 0.923973 -0.003742
v -0.924686 0.923973 0.003678
v -0.924686 0.921435 0.010649
v -0.924686 0.916666 0.016333
v -0.924686 0.910241 0.020043
v -0.924686 0.902934 0.021331
v -0.924686 0.895628 0.020043
v -0.924686 0.889202 0.016333
v -0.924686 0.884433 0.010649
v -0.924686 0.881896 0.003678
v -0.924686 0.881896 -0.003742
v -0.924686 0.884433 -0.010713
v -0.924686 0.889202 -0.016397
v -0.924686 0.895628 -0.020107
v -0.920467 0.910505 -0.020832
v -0.920467 0.902934 -0.022167
v -0.920467 0.917162 -0.016989
v -0.920467 0.922104 -0.011100
v -0.920467 0.924733 -0.003876
v -0.920467 0.924733 0.003812
v -0.920467 0.922104 0.011036
v -0.920467 0.917162 0.016925
v -0.920467 0.910505 0.020768
v -0.920467 0.902934 0.022103
v -0.920467 0.895364 0.020768
v -0.920467 0.888706 0.016925
v -0.920467 0.883765 0.011036
v -0.920467 0.881135 0.003812
v -0.920467 0.881135 -0.003876
v -0.920467 0.883765 -0.011100
v -0.920467 0.888706 -0.016989
v -0.920467 0.895364 -0.020832
vn -0.0000 1.0000 -0.0000
vn -0.0000 -0.0000 1.0000
vn 1.0000 -0.0000 -0.0000
vn 0.8981 0.0229 0.4393
vn 0.8981 0.0229 0.4392
vn 0.9043 0.0176 -0.4266
vn 0.9781 -0.0000 0.2082
vn 0.9781 -0.0000 -0.2082
vn 0.9909 -0.0000 0.1345
vn 0.9909 -0.0000 -0.1345
vn 0.3827 -0.0000 0.9239
vn 0.3827 -0.0000 -0.9239
vn 0.9956 -0.0000 0.0934
vn 0.9956 -0.0000 -0.0934
vn 0.6223 -0.0000 0.7828
vn 0.6223 -0.0000 -0.7828
vn -0.0000 -1.0000 -0.0000
vn -0.0000 -0.0000 -1.0000
vn -1.0000 -0.0000 -0.0000
vn -0.8980 0.0229 0.4393
vn -0.9043 0.0177 -0.4266
vn -0.9781 -0.0000 0.2082
vn -0.9781 -0.0000 -0.2082
vn -0.9909 -0.0000 0.1345
vn -0.9909 -0.0000 -0.1345
vn -0.3827 -0.0000 0.9239
vn -0.3827 -0.0000 -0.9239
vn -0.9956 -0.0000 0.0934
vn -0.9956 -0.0000 -0.0934
vn -0.6223 -0.0000 0.7828
vn -0.6223 -0.0000 -0.7828
vn -0.0000 -0.0022 1.0000
vn -0.0000 -0.0008 1.0000
vn -0.0000 0.0335 0.9994
vn 1.0000 -0.0022 -0.0000
vn 1.0000 -0.0008 -0.0000
vn 0.9994 0.0338 -0.0000
vn -0.0000 -0.0022 -1.0000
vn -0.0000 -0.0008 -1.0000
vn -0.0000 0.0344 -0.9994
vn -1.0000 -0.0022 -0.0000
vn -1.0000 -0.0008 -0.0000
vn -0.9994 0.0338 -0.0000
vn -0.0000 -0.0628 0.9980
vn 0.9980 -0.0632 -0.0000
vn -0.0000 -0.0625 -0.9980
vn -0.9980 -0.0632 -0.0000
vn -0.0000 -0.0075 1.0000
vn 1.0000 -0.0076 -0.0000
vn -0.0000 -0.0075 -1.0000
vn -1.0000 -0.0076 -0.0000
vn -0.0000 0.0193 0.9998
vn 0.9988 0.0497 -0.0000
vn -0.0000 0.0193 -0.9998
vn -0.9988 0.0497 -0.0000
vn -0.6086 0.5090 0.6087
vn -0.6086 0.5090 -0.6087
vn 0.5932 -0.5442 0.5932
vn 0.5836 -0.5492 -0.5982
vn -0.5836 -0.5492 -0.5982
vn -0.5932 -0.5442 0.5932
vn 0.6087 0.5090 0.6086
vn 0.6087 0.5090 -0.6086
vn 0.6325 -0.4471 0.6325
vn -0.6325 -0.4471 0.6325
vn 0.6325 -0.4471 -0.6325
vn -0.6325 -0.4471 -0.6325
vn 0.7054 -0.0689 0.7054
vn 0.7050 -0.0688 -0.7058
vn -0.7045 -0.0687 -0.7063
vn 0.7071 -0.0008 0.7071
vn -0.7071 -0.0008 0.7071
vn 0.7071 -0.0008 -0.7071
vn -0.7071 -0.0008 -0.7071
vn -0.7054 -0.0689 0.7054
vn -0.0000 0.0343 -0.9994
vn -0.5932 -0.5442 0.5933
vn 0.6086 0.5090 0.6087
vn 0.6086 0.5090 -0.6086
vn 0.7048 -0.0687 -0.7060
vn -0.7045 -0.0687 -0.7064
vn -0.6087 0.5090 0.6087
vn -0.6087 0.5090 -0.6087
vn 0.6087 0.5090 0.6087
vn 0.6087 0.5090 -0.6087
vn 0.7054 -0.0689 -0.7054
vn -0.7049 -0.0688 -0.7059
vn 0.7050 -0.0688 -0.7059
vn -0.2052 -0.9787 -0.0017
vn -0.1413 -0.9900 -0.0011
vn -0.2051 -0.9787 -0.0017
vn -0.4160 -0.9094 -0.0037
vn -0.4171 -0.9089 -0.0038
vn -0.1612 -0.9869 -0.0013
vn -0.2605 -0.9655 0.0001
vn -0.2461 -0.9692 -0.0004
vn -0.0418 -0.9991 -0.0000
vn -0.0419 -0.9991 -0.0000
vn 0.1022 -0.9948 0.0049
vn 0.0172 -0.9998 0.0075
vn -0.1982 -0.9802 0.0049
vn 0.0178 -0.9998 0.0075
vn -0.4793 -0.8776 0.0006
vn -0.6932 -0.7207 -0.0014
vn -0.4772 -0.8788 0.0006
vn -0.6940 -0.7199 -0.0013
vn -0.7475 -0.6642 0.0020
vn -0.7478 -0.6639 0.0021
vn -0.7563 -0.6542 0.0048
vn -0.1997 -0.9798 0.0048
vn 0.1022 -0.9947 0.0049
vn -0.7371 -0.6758 -0.0012
vn -0.7372 -0.6756 -0.0011
vn -0.8614 -0.5079 0.0024
vn -0.8628 -0.5055 0.0025
vn -0.9084 -0.4181 0.0019
vn -0.0041 -0.9919 -0.1272
vn -0.0032 -0.9283 -0.3719
vn -0.0041 -0.9919 -0.1269
vn -0.0013 -0.8502 -0.5265
vn 0.0021 -0.9018 -0.4321
vn 0.0021 -0.9039 -0.4278
vn 0.0104 -0.9879 -0.1549
vn 0.0107 -0.9890 -0.1474
vn 0.0135 -0.9752 -0.2209
vn 0.0134 -0.9724 -0.2329
vn 0.0079 -0.8438 -0.5366
vn 0.0078 -0.8396 -0.5432
vn 0.0238 -0.9955 -0.0915
vn 0.0259 -0.9932 0.1136
vn 0.0260 -0.9920 0.1233
vn 0.0319 -0.9205 0.3894
vn 0.0321 -0.9197 0.3912
vn 0.0204 -0.9910 -0.1320
vn -0.0010 -0.5762 -0.8173
vn -0.0015 -0.4981 -0.8671
vn -0.0015 -0.4957 -0.8685
vn -0.0018 -0.3863 -0.9224
vn -0.0017 -0.3601 -0.9329
vn -0.0016 -0.3601 -0.9329
vn -0.0018 -0.3873 -0.9220
vn 0.0368 -0.8896 0.4552
vn 0.0053 -0.7659 -0.6429
vn -0.0023 -0.9666 0.2563
vn -0.0022 -0.9664 0.2570
vn 0.0001 -0.8474 0.5309
vn 0.0001 -0.8471 0.5314
vn -0.0021 -0.9018 0.4321
vn -0.0021 -0.9039 0.4278
vn -0.0104 -0.9879 0.1549
vn -0.0107 -0.9890 0.1474
vn -0.0135 -0.9752 0.2209
vn -0.0133 -0.9724 0.2329
vn -0.0030 -0.8548 0.5190
vn -0.0026 -0.8514 0.5245
vn 0.0050 -0.8774 0.4798
vn 0.0052 -0.9377 0.3474
vn 0.0052 -0.9377 0.3475
vn -0.0059 -0.9461 -0.3238
vn -0.0070 -0.9333 -0.3590
vn -0.0071 -0.9324 -0.3612
vn -0.0053 -0.9821 -0.1885
vn -0.0024 -0.9999 0.0102
vn 0.0010 -0.5762 0.8173
vn 0.0015 -0.4981 0.8671
vn 0.0015 -0.4957 0.8685
vn 0.0018 -0.3863 0.9224
vn 0.0016 -0.3601 0.9329
vn 0.0018 -0.3873 0.9220
vn -0.0055 -0.9786 -0.2058
vn 0.0050 -0.8728 0.4881
vn -0.0013 -0.8505 -0.5260
vn -0.2052 -0.9787 -0.0018
vn -0.4160 -0.9093 -0.0037
vn -0.2604 -0.9655 0.0001
vn -0.6932 -0.7208 -0.0014
vn -0.4772 -0.8788 0.0007
vn -0.7476 -0.6642 0.0020
vn -0.7478 -0.6640 0.0021
vn -0.7372 -0.6756 -0.0012
vn -0.8629 -0.5054 0.0025
vn 0.2051 -0.9787 0.0017
vn 0.1413 -0.9900 0.0011
vn 0.2052 -0.9787 0.0017
vn 0.4160 -0.9094 0.0037
vn 0.4171 -0.9089 0.0038
vn 0.1612 -0.9869 0.0013
vn 0.2605 -0.9655 -0.0001
vn 0.2461 -0.9692 0.0004
vn 0.2604 -0.9655 -0.0001
vn 0.0418 -0.9991 -0.0000
vn 0.0419 -0.9991 -0.0000
vn -0.1022 -0.9948 -0.0049
vn -0.0172 -0.9998 -0.0075
vn 0.1982 -0.9801 -0.0049
vn -0.0178 -0.9998 -0.0075
vn 0.4793 -0.8776 -0.0006
vn 0.6932 -0.7208 0.0014
vn 0.4773 -0.8788 -0.0007
vn 0.6941 -0.7199 0.0013
vn 0.7475 -0.6642 -0.0020
vn 0.7478 -0.6639 -0.0021
vn 0.7563 -0.6542 -0.0048
vn 0.1997 -0.9798 -0.0048
vn -0.1022 -0.9947 -0.0049
vn 0.7372 -0.6757 0.0012
vn 0.8614 -0.5079 -0.0024
vn 0.8628 -0.5056 -0.0024
vn 0.9083 -0.4182 -0.0019
vn 0.4160 -0.9093 0.0037
vn 0.1982 -0.9802 -0.0049
vn 0.4794 -0.8776 -0.0006
vn 0.4772 -0.8788 -0.0007
vn 0.6940 -0.7199 0.0013
vn 0.7476 -0.6642 -0.0020
vn 0.1997 -0.9798 -0.0049
vn 0.7371 -0.6758 0.0012
vn 0.7372 -0.6756 0.0012
vn 0.8613 -0.5082 -0.0022
vn 0.8628 -0.5055 -0.0025
vn 0.9084 -0.4181 -0.0019
vn 0.9481 0.1088 0.2989
vn 0.2274 -0.0000 0.9738
vn 0.9481 -0.0000 0.3181
vn 0.9481 0.2045 0.2437
vn 0.2274 0.3331 0.9151
vn 0.9481 0.2755 0.1591
vn 0.2274 0.6259 0.7460
vn 0.9481 0.3133 0.0552
vn 0.2274 0.8433 0.4869
vn 0.9481 0.3133 -0.0552
vn 0.2274 0.9590 0.1691
vn 0.9481 0.2755 -0.1590
vn 0.2274 0.9590 -0.1691
vn 0.2274 0.6260 -0.7460
vn 0.2274 0.8433 -0.4869
vn 0.9481 0.2045 -0.2437
vn 0.2274 0.3331 -0.9151
vn 0.9481 0.1088 -0.2989
vn 0.2274 -0.0000 -0.9738
vn 0.9481 -0.0000 -0.3181
vn 0.2274 -0.3331 -0.9151
vn 0.9481 -0.1088 -0.2989
vn 0.2274 -0.6260 -0.7460
vn 0.9481 -0.2755 -0.1590
vn 0.9481 -0.2045 -0.2437
vn 0.2274 -0.9590 -0.1691
vn 0.2274 -0.8433 -0.4869
vn 0.9481 -0.3133 -0.0552
vn 0.2274 -0.9590 0.1691
vn 0.9481 -0.3133 0.0552
vn 0.2274 -0.8433 0.4869
vn 0.9481 -0.2755 0.1590
vn 0.2274 -0.6260 0.7460
vn 0.9481 -0.1088 0.2989
vn 0.9481 -0.2045 0.2437
vn 0.2274 -0.3331 0.9151
vn -0.2665 0.3296 0.9057
vn -0.2665 -0.0000 0.9638
vn -0.2665 0.6195 0.7383
vn -0.2665 0.8347 0.4819
vn -0.2665 0.9492 0.1674
vn -0.2665 0.9492 -0.1674
vn -0.2665 0.6195 -0.7383
vn -0.2665 0.8347 -0.4819
vn -0.2665 0.3297 -0.9057
vn -0.2665 -0.0000 -0.9638
vn -0.2665 -0.3297 -0.9057
vn -0.2665 -0.8347 -0.4819
vn -0.2665 -0.6195 -0.7383
vn -0.2665 -0.9492 -0.1674
vn -0.2665 -0.9492 0.1674
vn -0.2665 -0.8347 0.4819
vn -0.2665 -0.3296 0.9057
vn -0.2665 -0.6195 0.7383
vn -0.9780 -0.0000 0.2084
vn -0.9780 0.1340 0.1597
vn -0.9780 0.0713 0.1959
vn -0.9780 0.1805 0.1042
vn -0.9780 0.2053 0.0362
vn -0.9780 0.1805 -0.1042
vn -0.9780 0.2053 -0.0362
vn -0.9780 0.1340 -0.1597
vn -0.9780 0.0713 -0.1959
vn -0.9780 -0.0000 -0.2084
vn -0.9780 -0.1340 -0.1597
vn -0.9780 -0.0713 -0.1959
vn -0.9780 -0.1805 -0.1042
vn -0.9780 -0.2053 -0.0362
vn -0.9780 -0.2053 0.0362
vn -0.9780 -0.1340 0.1597
vn -0.9780 -0.1805 0.1042
vn -0.9780 -0.0713 0.1959
vn -0.9244 -0.0000 0.3813
vn -0.9244 0.1304 0.3583
vn -0.9244 0.2451 0.2921
vn -0.9244 0.3302 0.1907
vn -0.9244 0.3755 0.0662
vn -0.9244 0.3755 -0.0662
vn -0.9244 0.2451 -0.2921
vn -0.9244 0.3302 -0.1907
vn -0.9244 0.1304 -0.3583
vn -0.9244 -0.0000 -0.3813
vn -0.9244 -0.1304 -0.3583
vn -0.9244 -0.3302 -0.1907
vn -0.9244 -0.2451 -0.2921
vn -0.9244 -0.3755 -0.0662
vn -0.9244 -0.3302 0.1907
vn -0.9244 -0.3755 0.0662
vn -0.9244 -0.1304 0.3583
vn -0.9244 -0.2451 0.2921
vn -0.2952 0.3268 0.8978
vn -0.2952 -0.0000 0.9554
vn -0.2953 0.6141 0.7319
vn -0.2952 0.8274 0.4777
vn -0.2952 0.9409 0.1659
vn -0.2952 0.8274 -0.4777
vn -0.2952 0.9409 -0.1659
vn -0.2952 0.6141 -0.7319
vn -0.2952 0.3268 -0.8978
vn -0.2952 -0.3268 -0.8978
vn -0.2952 -0.0000 -0.9554
vn -0.2952 -0.6141 -0.7319
vn -0.2952 -0.8274 -0.4777
vn -0.2953 -0.9409 -0.1659
vn -0.2952 -0.8274 0.4777
vn -0.2952 -0.9409 0.1659
vn -0.2952 -0.6141 0.7319
vn -0.2952 -0.3268 0.8978
vn 0.2979 -0.0000 0.9546
vn 0.2979 0.3265 0.8970
vn 0.2978 0.6136 0.7313
vn 0.2979 0.8267 0.4773
vn 0.2979 0.9401 0.1658
vn 0.2979 0.9401 -0.1658
vn 0.2979 0.8267 -0.4773
vn 0.2979 0.6136 -0.7313
vn 0.2979 0.3265 -0.8970
vn 0.2979 -0.0000 -0.9546
vn 0.2979 -0.3265 -0.8970
vn 0.2979 -0.6136 -0.7313
vn 0.2979 -0.9401 -0.1658
vn 0.2978 -0.8267 -0.4773
vn 0.2978 -0.9401 0.1658
vn 0.2978 -0.8267 0.4773
vn 0.2979 -0.6136 0.7313
vn 0.2979 -0.3265 0.8970
vn 0.4068 0.3124 0.8584
vn 0.4068 -0.0000 0.9135
vn 0.4068 0.5872 0.6998
vn 0.4068 0.8996 0.1586
vn 0.4068 0.7911 0.4568
vn 0.4068 0.8996 -0.1586
vn 0.4068 0.5872 -0.6998
vn 0.4068 0.7911 -0.4568
vn 0.4068 0.3124 -0.8584
vn 0.4068 -0.3124 -0.8584
vn 0.4068 -0.0000 -0.9135
vn 0.4068 -0.5872 -0.6998
vn 0.4068 -0.7911 -0.4568
vn 0.4068 -0.8996 0.1586
vn 0.4068 -0.8996 -0.1586
vn 0.4068 -0.7911 0.4568
vn 0.4068 -0.5872 0.6998
vn 0.4068 -0.3124 0.8584
vn 0.1800 0.3364 0.9243
vn 0.1800 -0.0000 0.9837
vn 0.1800 0.6323 0.7535
vn 0.1800 0.8519 0.4918
vn 0.1800 0.9687 0.1708
vn 0.1800 0.8519 -0.4918
vn 0.1800 0.9687 -0.1708
vn 0.1800 0.6323 -0.7535
vn 0.1800 0.3364 -0.9243
vn 0.1800 -0.0000 -0.9837
vn 0.1800 -0.3364 -0.9243
vn 0.1800 -0.6323 -0.7535
vn 0.1800 -0.8519 -0.4918
vn 0.1800 -0.9687 -0.1708
vn 0.1800 -0.8519 0.4918
vn 0.1800 -0.9687 0.1708
vn 0.1800 -0.6323 0.7535
vn 0.1800 -0.3364 0.9243
vn -0.9481 0.1088 -0.2989
vn -0.2274 -0.0000 -0.9738
vn -0.9481 -0.0000 -0.3181
vn -0.9481 0.2045 -0.2437
vn -0.2274 0.3331 -0.9151
vn -0.2274 0.8433 -0.4869
vn -0.2274 0.6259 -0.7460
vn -0.9481 0.3133 -0.0552
vn -0.9481 0.2755 -0.1591
vn -0.9481 0.3133 0.0552
vn -0.2274 0.9590 -0.1691
vn -0.2274 0.8433 0.4869
vn -0.2274 0.9590 0.1691
vn -0.9481 0.2755 0.1591
vn -0.2274 0.6259 0.7460
vn -0.9481 0.2045 0.2437
vn -0.2274 0.3331 0.9151
vn -0.9481 0.1088 0.2989
vn -0.2274 -0.0000 0.9738
vn -0.9481 -0.0000 0.3181
vn -0.2274 -0.3331 0.9151
vn -0.9481 -0.1088 0.2989
vn -0.2274 -0.6259 0.7460
vn -0.9481 -0.2755 0.1591
vn -0.9481 -0.2045 0.2437
vn -0.2274 -0.9590 0.1691
vn -0.2274 -0.8433 0.4869
vn -0.9481 -0.3133 0.0552
vn -0.2274 -0.9590 -0.1691
vn -0.9481 -0.2755 -0.1590
vn -0.9481 -0.3133 -0.0552
vn -0.2274 -0.6260 -0.7460
vn -0.2274 -0.8433 -0.4869
vn -0.9481 -0.1088 -0.2989
vn -0.9481 -0.2045 -0.2437
vn -0.2274 -0.3331 -0.9151
vn 0.2665 0.3296 -0.9057
vn 0.2665 -0.0000 -0.9638
vn 0.2665 0.6195 -0.7383
vn 0.2665 0.9492 -0.1674
vn 0.2665 0.8347 -0.4819
vn 0.2665 0.9492 0.1674
vn 0.2665 0.8347 0.4819
vn 0.2665 0.6195 0.7383
vn 0.2665 0.3297 0.9057
vn 0.2665 -0.3297 0.9057
vn 0.2665 -0.0000 0.9638
vn 0.2665 -0.6195 0.7383
vn 0.2665 -0.8347 0.4819
vn 0.2665 -0.9492 0.1674
vn 0.2664 -0.9492 -0.1674
vn 0.2665 -0.8347 -0.4819
vn 0.2665 -0.3297 -0.9057
vn 0.2665 -0.6195 -0.7383
vn 0.9780 -0.0000 -0.2084
vn 0.9780 0.1340 -0.1597
vn 0.9780 0.0713 -0.1959
vn 0.9780 0.1805 -0.1042
vn 0.9780 0.2053 0.0362
vn 0.9780 0.2053 -0.0362
vn 0.9780 0.1805 0.1042
vn 0.9780 0.1340 0.1597
vn 0.9780 0.0713 0.1959
vn 0.9780 -0.0000 0.2084
vn 0.9780 -0.0713 0.1959
vn 0.9780 -0.1340 0.1597
vn 0.9780 -0.1805 0.1042
vn 0.9780 -0.2053 0.0362
vn 0.9780 -0.2053 -0.0362
vn 0.9780 -0.1340 -0.1597
vn 0.9780 -0.1805 -0.1042
vn 0.9780 -0.0713 -0.1959
vn 0.9244 -0.0000 -0.3813
vn 0.9244 0.1304 -0.3583
vn 0.9244 0.3302 -0.1907
vn 0.9244 0.2451 -0.2921
vn 0.9244 0.3755 -0.0662
vn 0.9244 0.3755 0.0662
vn 0.9244 0.3302 0.1907
vn 0.9244 0.1304 0.3583
vn 0.9244 0.2451 0.2921
vn 0.9244 -0.0000 0.3813
vn 0.9244 -0.1304 0.3583
vn 0.9244 -0.3302 0.1907
vn 0.9244 -0.2451 0.2921
vn 0.9244 -0.3755 0.0662
vn 0.9244 -0.3302 -0.1907
vn 0.9244 -0.3755 -0.0662
vn 0.9244 -0.1304 -0.3583
vn 0.9244 -0.2451 -0.2921
vn 0.2952 -0.0000 -0.9554
vn 0.2952 0.6141 -0.7319
vn 0.2952 0.3268 -0.8978
vn 0.2953 0.8274 -0.4777
vn 0.2952 0.9409 -0.1659
vn 0.2952 0.8274 0.4777
vn 0.2952 0.9409 0.1659
vn 0.2952 0.6141 0.7319
vn 0.2952 0.3268 0.8978
vn 0.2952 -0.3268 0.8978
vn 0.2952 -0.0000 0.9554
vn 0.2953 -0.6141 0.7319
vn 0.2952 -0.9409 0.1659
vn 0.2952 -0.8274 0.4777
vn 0.2952 -0.8274 -0.4777
vn 0.2952 -0.9409 -0.1659
vn 0.2952 -0.6141 -0.7319
vn 0.2952 -0.3268 -0.8978
vn -0.2979 -0.0000 -0.9546
vn -0.2979 0.3265 -0.8970
vn -0.2978 0.6136 -0.7313
vn -0.2979 0.8267 -0.4773
vn -0.2979 0.9401 -0.1658
vn -0.2978 0.9401 0.1658
vn -0.2979 0.8267 0.4773
vn -0.2978 0.6136 0.7313
vn -0.2979 0.3265 0.8970
vn -0.2979 -0.0000 0.9546
vn -0.2979 -0.3265 0.8970
vn -0.2979 -0.8267 0.4773
vn -0.2979 -0.6136 0.7313
vn -0.2979 -0.9401 -0.1658
vn -0.2979 -0.9401 0.1658
vn -0.2978 -0.8267 -0.4773
vn -0.2979 -0.6136 -0.7313
vn -0.2979 -0.3265 -0.8970
vn -0.4068 0.3124 -0.8584
vn -0.4068 -0.0000 -0.9135
vn -0.4068 0.5872 -0.6998
vn -0.4068 0.7911 -0.4568
vn -0.4068 0.8996 -0.1586
vn -0.4068 0.8996 0.1586
vn -0.4068 0.5872 0.6998
vn -0.4068 0.7911 0.4568
vn -0.4068 0.3124 0.8584
vn -0.4068 -0.0000 0.9135
vn -0.4068 -0.3124 0.8584
vn -0.4068 -0.5872 0.6998
vn -0.4068 -0.7911 0.4567
vn -0.4068 -0.8996 -0.1586
vn -0.4068 -0.8996 0.1586
vn -0.4068 -0.7911 -0.4568
vn -0.4068 -0.5872 -0.6998
vn -0.4068 -0.3124 -0.8584
vn -0.1800 -0.0000 -0.9837
vn -0.1800 0.3364 -0.9243
vn -0.1800 0.6323 -0.7535
vn -0.1800 0.8519 -0.4918
vn -0.1800 0.9687 0.1708
vn -0.1800 0.9687 -0.1708
vn -0.1800 0.8519 0.4918
vn -0.1800 0.3364 0.9243
vn -0.1800 0.6323 0.7535
vn -0.1800 -0.0000 0.9837
vn -0.1800 -0.3364 0.9243
vn -0.1800 -0.6323 0.7535
vn -0.1800 -0.8519 0.4918
vn -0.1800 -0.9687 0.1708
vn -0.1800 -0.8519 -0.4918
vn -0.1800 -0.9687 -0.1708
vn -0.1800 -0.6323 -0.7535
vn -0.1800 -0.3364 -0.9243
vn 0.8980 0.0229 0.4393
vn 0.9043 0.0177 -0.4266
vn -0.8981 0.0229 0.4392
vn -0.8981 0.0229 0.4393
vn -0.9043 0.0176 -0.4266
vn -0.0000 0.0336 0.9994
vn 0.9994 0.0336 0.0002
vn 0.9994 0.0336 0.0001
vn -0.0000 0.0346 -0.9994
vn -0.9994 0.0337 -0.0000
vn -0.9994 0.0337 0.0003
vn -0.9994 0.0337 0.0002
vn 0.7049 -0.0688 -0.7059
vn -0.7050 -0.0688 -0.7059
vn 0.9994 0.0336 -0.0004
vn -0.0000 0.0345 -0.9994
vn -0.9994 0.0336 -0.0002
vn -0.9994 0.0336 -0.0001
vn -0.9994 0.0337 0.0001
vn -0.7054 -0.0689 -0.7054
vn -0.0000 0.0334 0.9994
vn 0.9994 0.0337 0.0001
vn 0.9994 0.0337 -0.0000
vn -0.9994 0.0337 -0.0001
vn -0.9994 0.0336 0.0002
vn 0.9994 0.0337 -0.0001
vn 0.7045 -0.0687 -0.7063
vn -0.7050 -0.0688 -0.7058
vn -0.2460 -0.9693 -0.0004
vn -0.9083 -0.4183 0.0019
vn 0.0368 -0.8897 0.4551
vn 0.0053 -0.7659 -0.6430
vn -0.0059 -0.9461 -0.3237
vn 0.0010 -0.5763 0.8173
vn 0.2460 -0.9693 0.0004
vn 0.9083 -0.4183 -0.0019
vt 0.199002 0.569393
vt 0.248349 0.547449
vt 0.208113 0.568515
vt 0.746148 0.501322
vt 0.734822 0.498206
vt 0.746148 0.498206
vt 0.799229 0.362021
vt 0.818945 0.090946
vt 0.818945 0.362021
vt 0.799229 0.008220
vt 0.818945 0.012639
vt 0.799229 0.032772
vt 0.818945 0.440329
vt 0.818945 0.444748
vt 0.799229 0.444748
vt 0.818945 0.032772
vt 0.799229 0.055819
vt 0.799229 0.420195
vt 0.818945 0.397148
vt 0.818945 0.420195
vt 0.818945 0.055819
vt 0.799229 0.074335
vt 0.799229 0.397148
vt 0.818945 0.378632
vt 0.799229 0.000977
vt 0.818945 0.003642
vt 0.799229 0.003642
vt 0.818945 0.451991
vt 0.799229 0.449325
vt 0.818945 0.449325
vt 0.818945 0.074335
vt 0.799229 0.090946
vt 0.799229 0.378632
vt 0.818945 0.008220
vt 0.167489 0.979528
vt 0.185906 0.978598
vt 0.168892 0.983313
vt 0.171298 0.986704
vt 0.173616 0.988564
vt 0.184176 0.993726
vt 0.196259 0.996625
vt 0.205964 0.998111
vt 0.214671 0.999023
vt 0.356710 0.999023
vt 0.386672 0.978598
vt 0.365413 0.998111
vt 0.375111 0.996626
vt 0.387182 0.993730
vt 0.397721 0.988577
vt 0.400032 0.986718
vt 0.402423 0.983330
vt 0.403811 0.979546
vt 0.251729 0.001070
vt 0.269976 0.002049
vt 0.251729 0.004386
vt 0.825449 0.491235
vt 0.749529 0.876420
vt 0.749529 0.491235
vt 0.000977 0.783682
vt 0.004094 0.795008
vt 0.000977 0.795008
vt 0.293199 0.004242
vt 0.273356 0.001904
vt 0.293199 0.001051
vt 0.050323 0.569393
vt 0.041212 0.568514
vt 0.000977 0.547449
vt 0.246887 0.554384
vt 0.244376 0.557629
vt 0.218269 0.567098
vt 0.230910 0.564332
vt 0.248349 0.550758
vt 0.031057 0.567098
vt 0.018416 0.564333
vt 0.002438 0.554384
vt 0.000977 0.550758
vt 0.004949 0.557629
vt 0.746148 0.004093
vt 0.269976 0.532443
vt 0.004094 0.783682
vt 0.498213 0.795008
vt 0.000977 0.022920
vt 0.248349 0.022920
vt 0.199002 0.000977
vt 0.208113 0.001855
vt 0.734822 0.004093
vt 0.746148 0.000977
vt 0.090941 0.866807
vt 0.362003 0.847091
vt 0.362003 0.866807
vt 0.012637 0.866807
vt 0.008219 0.866807
vt 0.008219 0.847091
vt 0.444725 0.847091
vt 0.440307 0.866807
vt 0.420174 0.847091
vt 0.055816 0.847091
vt 0.032770 0.866807
vt 0.032770 0.847091
vt 0.397128 0.866807
vt 0.420174 0.866807
vt 0.074331 0.866807
vt 0.055816 0.866807
vt 0.378613 0.866807
vt 0.397128 0.847091
vt 0.000977 0.847091
vt 0.003641 0.866807
vt 0.000977 0.866807
vt 0.449302 0.866807
vt 0.451968 0.847091
vt 0.451968 0.866807
vt 0.090941 0.847091
vt 0.074331 0.847091
vt 0.378613 0.847091
vt 0.003641 0.847091
vt 0.449302 0.847091
vt 0.989037 0.903956
vt 0.985513 0.902380
vt 0.989891 0.884169
vt 0.982354 0.899733
vt 0.980620 0.897207
vt 0.975809 0.885761
vt 0.973108 0.872718
vt 0.971725 0.862256
vt 0.970876 0.852878
vt 0.970918 0.700156
vt 0.971777 0.690817
vt 0.989891 0.668299
vt 0.973140 0.680415
vt 0.975800 0.667488
vt 0.980538 0.656245
vt 0.982252 0.653793
vt 0.985390 0.651280
vt 0.988903 0.649852
vt 0.251729 0.533351
vt 0.251729 0.530035
vt 0.822325 0.386160
vt 0.898246 0.000977
vt 0.898246 0.386160
vt 0.501329 0.783682
vt 0.498213 0.783682
vt 0.293199 0.510121
vt 0.293199 0.513313
vt 0.273356 0.512350
vt 0.050323 0.000977
vt 0.041212 0.001855
vt 0.246887 0.015985
vt 0.244376 0.012740
vt 0.218268 0.003272
vt 0.230910 0.006037
vt 0.248349 0.019612
vt 0.031057 0.003272
vt 0.018416 0.006037
vt 0.002438 0.015985
vt 0.000977 0.019612
vt 0.004949 0.012740
vt 0.518414 0.000977
vt 0.562114 0.504810
vt 0.518414 0.504810
vt 0.515034 0.509756
vt 0.296580 0.000977
vt 0.515034 0.000977
vt 0.223971 0.780301
vt 0.726998 0.736531
vt 0.726998 0.780301
vt 0.718883 0.732849
vt 0.698723 0.549374
vt 0.718883 0.549374
vt 0.000977 0.700526
vt 0.182005 0.720959
vt 0.000977 0.720959
vt 0.000977 0.909286
vt 0.330617 0.870188
vt 0.330617 0.909286
vt 0.872619 0.389541
vt 0.911717 0.719179
vt 0.872619 0.719179
vt 0.000977 0.756905
vt 0.185289 0.736630
vt 0.185289 0.756905
vt 0.418388 0.977128
vt 0.599414 0.997771
vt 0.418388 0.997771
vt 0.333998 0.909286
vt 0.663637 0.870188
vt 0.663637 0.909286
vt 0.273356 0.555875
vt 0.602998 0.516777
vt 0.602998 0.555875
vt 0.769925 0.487855
vt 0.749529 0.000977
vt 0.769925 0.000977
vt 0.000977 0.818784
vt 0.487852 0.798388
vt 0.487852 0.818784
vt 0.795848 0.466323
vt 0.773305 0.000977
vt 0.795848 0.000977
vt 0.000977 0.822165
vt 0.487851 0.843711
vt 0.000977 0.843711
vt 0.201099 0.741033
vt 0.205404 0.736582
vt 0.215912 0.736582
vt 0.967313 0.435810
vt 0.991218 0.411864
vt 0.991218 0.435810
vt 0.611425 0.116082
vt 0.653333 0.071768
vt 0.653362 0.116054
vt 0.745767 0.967086
vt 0.721003 0.943969
vt 0.745767 0.943969
vt 0.218972 0.660478
vt 0.174714 0.618511
vt 0.219000 0.618541
vt 0.967365 0.645703
vt 0.991025 0.584399
vt 0.991166 0.645703
vt 0.972610 0.577691
vt 0.985861 0.441870
vt 0.985920 0.577691
vt 0.967313 0.411864
vt 0.967313 0.411781
vt 0.611395 0.504254
vt 0.653579 0.390852
vt 0.653906 0.504226
vt 0.620951 0.378466
vt 0.643913 0.127267
vt 0.644183 0.378451
vt 0.611395 0.071796
vt 0.644007 0.061827
vt 0.962823 0.967035
vt 0.899427 0.944156
vt 0.962823 0.944019
vt 0.892489 0.961963
vt 0.752033 0.949150
vt 0.892489 0.949092
vt 0.721003 0.967086
vt 0.720917 0.967086
vt 0.607144 0.661022
vt 0.493798 0.618689
vt 0.607172 0.618511
vt 0.481384 0.628068
vt 0.230184 0.651029
vt 0.230200 0.628005
vt 0.174686 0.660449
vt 0.164760 0.627824
vt 0.984740 0.373582
vt 0.972592 0.406485
vt 0.973791 0.373582
vt 0.641873 0.000978
vt 0.620709 0.061843
vt 0.622761 0.000990
vt 0.681414 0.950233
vt 0.715584 0.961981
vt 0.681414 0.960822
vt 0.103908 0.629877
vt 0.164745 0.651122
vt 0.103896 0.648989
vt 0.972670 0.441870
vt 0.620889 0.127282
vt 0.752033 0.961905
vt 0.967506 0.584399
vt 0.611572 0.390880
vt 0.493771 0.660695
vt 0.439237 0.935586
vt 0.427793 0.925914
vt 0.439244 0.925836
vt 0.938820 0.578268
vt 0.929070 0.578276
vt 0.929148 0.566823
vt 0.616938 0.340282
vt 0.608051 0.350880
vt 0.607081 0.340902
vt 0.010952 0.640128
vt 0.001233 0.639177
vt 0.011830 0.630286
vt 0.063359 0.617046
vt 0.073956 0.625936
vt 0.064238 0.626888
vt 0.645520 0.570608
vt 0.644549 0.580586
vt 0.635662 0.569988
vt 0.858749 0.405753
vt 0.868422 0.417198
vt 0.858671 0.417205
vt 0.928200 0.282093
vt 0.928123 0.270641
vt 0.937873 0.270649
vt 0.858926 0.686585
vt 0.858671 0.673905
vt 0.868510 0.673897
vt 0.708622 0.926091
vt 0.695934 0.935675
vt 0.695942 0.925836
vt 0.928377 0.001265
vt 0.937961 0.013952
vt 0.928123 0.013945
vt 0.938908 0.834964
vt 0.929325 0.847651
vt 0.929070 0.834972
vt 0.607081 0.278526
vt 0.073600 0.640128
vt 0.074106 0.632041
vt 0.001589 0.626888
vt 0.645520 0.508234
vt 0.479751 0.956658
vt 0.484055 0.952207
vt 0.494563 0.952207
vt 0.389521 0.952180
vt 0.414284 0.975297
vt 0.389521 0.975297
vt 0.565526 0.116082
vt 0.607434 0.071768
vt 0.607464 0.116055
vt 0.941332 0.065329
vt 0.964449 0.040566
vt 0.964449 0.065329
vt 0.116054 0.614740
vt 0.071796 0.572774
vt 0.116082 0.572803
vt 0.172465 0.952231
vt 0.235860 0.975110
vt 0.172465 0.975247
vt 0.242798 0.957303
vt 0.383255 0.970117
vt 0.242798 0.970174
vt 0.414284 0.952180
vt 0.414370 0.952180
vt 0.565497 0.504255
vt 0.607680 0.390853
vt 0.608008 0.504227
vt 0.575053 0.378467
vt 0.598014 0.127267
vt 0.598285 0.378452
vt 0.565497 0.071796
vt 0.598108 0.061827
vt 0.941383 0.282386
vt 0.964262 0.218990
vt 0.964399 0.282386
vt 0.946455 0.212052
vt 0.959268 0.071595
vt 0.959326 0.212052
vt 0.941332 0.040566
vt 0.941332 0.040479
vt 0.504255 0.572774
vt 0.390853 0.614957
vt 0.390881 0.572951
vt 0.378452 0.605562
vt 0.127282 0.582267
vt 0.378467 0.582330
vt 0.071768 0.614711
vt 0.061843 0.582087
vt 0.453873 0.969033
vt 0.419847 0.957285
vt 0.453873 0.958444
vt 0.595974 0.000978
vt 0.574810 0.061843
vt 0.576863 0.000990
vt 0.958185 0.000977
vt 0.946437 0.035146
vt 0.947596 0.000977
vt 0.000990 0.584139
vt 0.061827 0.605384
vt 0.000978 0.603251
vt 0.383255 0.957361
vt 0.946513 0.071595
vt 0.127267 0.605291
vt 0.235860 0.952367
vt 0.565674 0.390881
vt 0.419842 0.948801
vt 0.408398 0.939128
vt 0.419850 0.939050
vt 0.161338 0.925932
vt 0.161345 0.935682
vt 0.149893 0.935604
vt 0.616938 0.264191
vt 0.608052 0.274789
vt 0.607081 0.264811
vt 0.016669 0.988400
vt 0.006950 0.987448
vt 0.017547 0.978557
vt 0.011831 0.935660
vt 0.001233 0.926770
vt 0.010952 0.925818
vt 0.660720 0.063967
vt 0.659750 0.073944
vt 0.650863 0.063347
vt 0.933082 0.282114
vt 0.942755 0.293558
vt 0.933005 0.293566
vt 0.001276 0.912743
vt 0.012729 0.912666
vt 0.012721 0.922416
vt 0.933260 0.562942
vt 0.933005 0.550263
vt 0.942843 0.550255
vt 0.689225 0.939305
vt 0.676538 0.948888
vt 0.676545 0.939050
vt 0.282107 0.912920
vt 0.269419 0.922504
vt 0.269427 0.912666
vt 0.418035 0.925844
vt 0.430722 0.935427
vt 0.418042 0.935682
vt 0.607081 0.202434
vt 0.079316 0.988400
vt 0.079822 0.980312
vt 0.073600 0.925818
vt 0.660720 0.001592
vt 0.457253 0.956650
vt 0.461559 0.952199
vt 0.472065 0.952199
vt 0.990430 0.131354
vt 0.967313 0.106591
vt 0.990430 0.106591
vt 0.730893 0.389176
vt 0.688926 0.433434
vt 0.688955 0.389149
vt 0.901627 0.065394
vt 0.924741 0.040631
vt 0.924741 0.065392
vt 0.652857 0.237358
vt 0.694764 0.193044
vt 0.694794 0.237330
vt 0.967363 0.348409
vt 0.990243 0.285014
vt 0.990379 0.348409
vt 0.972436 0.278076
vt 0.985249 0.137620
vt 0.985307 0.278076
vt 0.967313 0.106505
vt 0.731437 0.001006
vt 0.689103 0.114351
vt 0.688926 0.000978
vt 0.698482 0.126765
vt 0.721444 0.377964
vt 0.698419 0.377949
vt 0.730863 0.433462
vt 0.698239 0.443388
vt 0.901698 0.282429
vt 0.924572 0.219038
vt 0.924712 0.282427
vt 0.906765 0.212101
vt 0.919563 0.071658
vt 0.919635 0.212100
vt 0.901626 0.040633
vt 0.901627 0.040546
vt 0.652827 0.625530
vt 0.695011 0.512128
vt 0.695338 0.625502
vt 0.662383 0.499742
vt 0.685345 0.248543
vt 0.685615 0.499727
vt 0.652827 0.193072
vt 0.685438 0.183103
vt 0.984165 0.067002
vt 0.972417 0.101028
vt 0.973577 0.067002
vt 0.719403 0.504253
vt 0.721537 0.443403
vt 0.918472 0.000977
vt 0.906729 0.035210
vt 0.907884 0.000978
vt 0.683305 0.122253
vt 0.662141 0.183118
vt 0.664193 0.122266
vt 0.972493 0.137620
vt 0.906807 0.071659
vt 0.662321 0.248558
vt 0.967500 0.285014
vt 0.731109 0.114379
vt 0.901831 0.219040
vt 0.925601 0.840207
vt 0.915928 0.851652
vt 0.915851 0.840199
vt 0.516970 0.569005
vt 0.516962 0.559255
vt 0.528415 0.559333
vt 0.616911 0.570001
vt 0.608025 0.580599
vt 0.607055 0.570622
vt 0.010952 0.962080
vt 0.001233 0.961129
vt 0.011830 0.952238
vt 0.011830 0.975303
vt 0.001233 0.966412
vt 0.010952 0.965460
vt 0.622674 0.642039
vt 0.621703 0.652017
vt 0.612817 0.641419
vt 0.915703 0.286108
vt 0.925375 0.297553
vt 0.915625 0.297560
vt 0.570874 0.912744
vt 0.582326 0.912666
vt 0.582319 0.922416
vt 0.915880 0.566938
vt 0.915625 0.554258
vt 0.925463 0.554251
vt 0.916106 0.570822
vt 0.925689 0.583509
vt 0.915851 0.583502
vt 0.851704 0.912921
vt 0.839016 0.922504
vt 0.839024 0.912666
vt 0.260271 0.569093
vt 0.247584 0.559509
vt 0.260264 0.559255
vt 0.607055 0.508245
vt 0.073599 0.962080
vt 0.074106 0.953992
vt 0.073599 0.965460
vt 0.622674 0.579664
vt 0.154198 0.764902
vt 0.158503 0.760405
vt 0.169010 0.760293
vt 0.671391 0.965314
vt 0.646627 0.988431
vt 0.646627 0.965314
vt 0.577835 0.690764
vt 0.622148 0.732672
vt 0.577862 0.732701
vt 0.944441 0.578710
vt 0.967558 0.553946
vt 0.967558 0.578710
vt 0.389150 0.654659
vt 0.433463 0.696567
vt 0.389178 0.696597
vt 0.888446 0.988380
vt 0.825051 0.965501
vt 0.888446 0.965364
vt 0.818113 0.983308
vt 0.677657 0.970494
vt 0.818113 0.970437
vt 0.646541 0.988431
vt 0.189691 0.733245
vt 0.303036 0.690911
vt 0.303064 0.732918
vt 0.315450 0.700291
vt 0.566650 0.723253
vt 0.315465 0.723523
vt 0.622120 0.690735
vt 0.632089 0.723346
vt 0.944491 0.795766
vt 0.967371 0.732371
vt 0.967507 0.795766
vt 0.949564 0.725432
vt 0.962377 0.584976
vt 0.962435 0.725432
vt 0.944441 0.553946
vt 0.944441 0.553860
vt 0.000978 0.654630
vt 0.114379 0.696813
vt 0.001006 0.697140
vt 0.126765 0.664186
vt 0.377965 0.687147
vt 0.126780 0.687418
vt 0.433436 0.654630
vt 0.443405 0.687241
vt 0.607039 0.971578
vt 0.641065 0.983326
vt 0.607039 0.982166
vt 0.692938 0.721213
vt 0.632074 0.700048
vt 0.692926 0.702101
vt 0.961293 0.514358
vt 0.949545 0.548527
vt 0.950705 0.514358
vt 0.504254 0.685107
vt 0.443389 0.663943
vt 0.504241 0.665995
vt 0.677657 0.983250
vt 0.949621 0.584976
vt 0.377950 0.664123
vt 0.825051 0.988244
vt 0.944628 0.732371
vt 0.114351 0.654807
vt 0.936685 0.879865
vt 0.948129 0.889538
vt 0.936678 0.889616
vt 0.270646 0.948813
vt 0.270638 0.939062
vt 0.282090 0.939140
vt 0.139963 0.760303
vt 0.150561 0.769189
vt 0.140583 0.770160
vt 0.010952 0.770145
vt 0.001233 0.769194
vt 0.011830 0.760303
vt 0.613005 0.189142
vt 0.604114 0.199739
vt 0.603162 0.190021
vt 0.233763 0.618686
vt 0.223786 0.617715
vt 0.234383 0.608829
vt 0.566894 0.912744
vt 0.555449 0.922416
vt 0.555442 0.912666
vt 0.455648 0.847169
vt 0.467100 0.847091
vt 0.467093 0.856842
vt 0.286064 0.912921
vt 0.298744 0.912666
vt 0.298751 0.922504
vt 0.667306 0.889361
vt 0.679992 0.879778
vt 0.679985 0.889616
vt 0.736478 0.847346
vt 0.723791 0.856930
vt 0.723799 0.847091
vt 0.013952 0.948900
vt 0.001265 0.939316
vt 0.013945 0.939062
vt 0.078207 0.770160
vt 0.073600 0.770145
vt 0.074106 0.762058
vt 0.603162 0.127375
vt 0.296138 0.618686
vt 0.548972 0.800708
vt 0.560346 0.806933
vt 0.548972 0.806933
vt 0.560346 0.800708
vt 0.548972 0.793729
vt 0.560346 0.793729
vt 0.560346 0.810648
vt 0.548972 0.810648
vt 0.560346 0.816888
vt 0.548972 0.822717
vt 0.548972 0.816888
vt 0.560346 0.826104
vt 0.548972 0.826104
vt 0.548972 0.829074
vt 0.560346 0.831192
vt 0.548972 0.833232
vt 0.548972 0.831192
vt 0.560346 0.835486
vt 0.548972 0.838277
vt 0.548972 0.835486
vt 0.560346 0.838277
vt 0.548972 0.840982
vt 0.560346 0.840982
vt 0.548972 0.843251
vt 0.560346 0.833232
vt 0.560346 0.829074
vt 0.548972 0.788070
vt 0.560346 0.788070
vt 0.560346 0.785165
vt 0.548972 0.785165
vt 0.560346 0.783682
vt 0.627140 0.817416
vt 0.626489 0.812695
vt 0.611069 0.788917
vt 0.555621 0.577150
vt 0.554929 0.572436
vt 0.571135 0.600861
vt 0.627363 0.823393
vt 0.554746 0.566482
vt 0.626013 0.809889
vt 0.556389 0.582787
vt 0.556114 0.579956
vt 0.625728 0.807060
vt 0.626037 0.800238
vt 0.556102 0.589603
vt 0.625797 0.798030
vt 0.556412 0.591834
vt 0.624643 0.795229
vt 0.623974 0.793763
vt 0.557506 0.594710
vt 0.623628 0.792155
vt 0.623721 0.790665
vt 0.558535 0.597859
vt 0.558190 0.596230
vt 0.624637 0.788522
vt 0.557499 0.601475
vt 0.558440 0.599343
vt 0.626122 0.785994
vt 0.555998 0.604005
vt 0.627363 0.783948
vt 0.554746 0.605941
vt 0.625997 0.826302
vt 0.556052 0.563550
vt 0.624357 0.828379
vt 0.623376 0.829271
vt 0.557506 0.561564
vt 0.098131 0.988628
vt 0.105719 0.987203
vt 0.105719 0.988628
vt 0.105719 0.985106
vt 0.098131 0.982079
vt 0.105719 0.982079
vt 0.098131 0.978910
vt 0.105719 0.978910
vt 0.098131 0.975284
vt 0.105719 0.975284
vt 0.098131 0.971517
vt 0.105719 0.971517
vt 0.105719 0.968385
vt 0.098131 0.965526
vt 0.105719 0.965526
vt 0.098131 0.963444
vt 0.105719 0.963444
vt 0.105719 0.962159
vt 0.098131 0.960667
vt 0.105719 0.960667
vt 0.098131 0.958539
vt 0.105719 0.958539
vt 0.105719 0.955954
vt 0.098131 0.952253
vt 0.105719 0.952253
vt 0.098131 0.955954
vt 0.098131 0.962159
vt 0.098131 0.968385
vt 0.724641 0.542222
vt 0.726753 0.545301
vt 0.744682 0.507628
vt 0.846705 0.683239
vt 0.848855 0.686375
vt 0.828830 0.720859
vt 0.723111 0.536882
vt 0.850513 0.691800
vt 0.723059 0.529476
vt 0.850689 0.699173
vt 0.721752 0.526861
vt 0.851863 0.701793
vt 0.855810 0.706434
vt 0.717850 0.520545
vt 0.718020 0.522353
vt 0.855966 0.708178
vt 0.718418 0.518822
vt 0.855344 0.709933
vt 0.854636 0.711663
vt 0.718804 0.514553
vt 0.719440 0.517169
vt 0.854667 0.714052
vt 0.715425 0.512119
vt 0.858104 0.716425
vt 0.861874 0.718176
vt 0.704503 0.507638
vt 0.711651 0.510448
vt 0.868985 0.720870
vt 0.729802 0.550830
vt 0.843028 0.675567
vt 0.843595 0.677687
vt 0.134958 0.724339
vt 0.000977 0.732902
vt 0.000977 0.724339
vt 0.086696 0.952256
vt 0.093876 0.955741
vt 0.086695 0.955741
vt 0.093876 0.959193
vt 0.086695 0.959193
vt 0.093876 0.962779
vt 0.086695 0.962779
vt 0.093876 0.965710
vt 0.086695 0.965710
vt 0.093876 0.968235
vt 0.086695 0.968235
vt 0.086695 0.970211
vt 0.093876 0.971714
vt 0.086695 0.971714
vt 0.093876 0.973074
vt 0.086695 0.973074
vt 0.086695 0.975124
vt 0.093876 0.978096
vt 0.086695 0.978096
vt 0.093876 0.981126
vt 0.086695 0.981126
vt 0.086695 0.984959
vt 0.093876 0.989706
vt 0.086695 0.989706
vt 0.093876 0.984959
vt 0.093876 0.975124
vt 0.093876 0.970211
vt 0.848870 0.424135
vt 0.846758 0.427214
vt 0.828830 0.389541
vt 0.726806 0.801326
vt 0.724656 0.804463
vt 0.744682 0.838947
vt 0.850400 0.418795
vt 0.722998 0.809888
vt 0.850452 0.411390
vt 0.722822 0.817261
vt 0.851759 0.408774
vt 0.721649 0.819881
vt 0.718237 0.824522
vt 0.856006 0.402459
vt 0.855381 0.404266
vt 0.717545 0.826266
vt 0.855437 0.400735
vt 0.718167 0.828021
vt 0.718875 0.829751
vt 0.854707 0.396466
vt 0.854687 0.399082
vt 0.718844 0.832140
vt 0.858086 0.394032
vt 0.715407 0.834513
vt 0.711637 0.836264
vt 0.869008 0.389552
vt 0.861860 0.392361
vt 0.704526 0.838958
vt 0.843151 0.433490
vt 0.730393 0.795007
vt 0.098131 0.985106
vt 0.098131 0.987203
vt 0.730334 0.552929
vt 0.504709 0.800708
vt 0.516083 0.806933
vt 0.504709 0.806933
vt 0.516083 0.800708
vt 0.504709 0.793729
vt 0.516083 0.793729
vt 0.516083 0.810648
vt 0.504709 0.810648
vt 0.516083 0.816888
vt 0.504709 0.822717
vt 0.504709 0.816888
vt 0.516083 0.826104
vt 0.504709 0.826104
vt 0.504709 0.829074
vt 0.516083 0.831192
vt 0.504709 0.833232
vt 0.504709 0.831192
vt 0.516083 0.835486
vt 0.504709 0.838277
vt 0.504709 0.835486
vt 0.516083 0.838277
vt 0.504709 0.840982
vt 0.516083 0.840982
vt 0.504709 0.843251
vt 0.516083 0.833233
vt 0.516083 0.829074
vt 0.504709 0.788070
vt 0.516083 0.788070
vt 0.516083 0.785165
vt 0.504709 0.785165
vt 0.516083 0.783682
vt 0.590779 0.817416
vt 0.591430 0.812695
vt 0.606850 0.788917
vt 0.552478 0.588320
vt 0.553170 0.593035
vt 0.536964 0.564610
vt 0.590556 0.823393
vt 0.553353 0.598989
vt 0.591906 0.809890
vt 0.551710 0.582684
vt 0.551985 0.585515
vt 0.592192 0.807060
vt 0.591883 0.800238
vt 0.551997 0.575868
vt 0.592122 0.798030
vt 0.551687 0.573636
vt 0.593276 0.795229
vt 0.593945 0.793763
vt 0.550593 0.570761
vt 0.594291 0.792155
vt 0.594198 0.790665
vt 0.549564 0.567612
vt 0.549909 0.569241
vt 0.593282 0.788522
vt 0.550600 0.563995
vt 0.549659 0.566128
vt 0.591797 0.785994
vt 0.552101 0.561466
vt 0.590556 0.783948
vt 0.553353 0.559530
vt 0.591922 0.826302
vt 0.552048 0.601920
vt 0.593562 0.828379
vt 0.594543 0.829271
vt 0.550593 0.603907
vt 0.534218 0.800708
vt 0.545592 0.806933
vt 0.534218 0.806933
vt 0.545592 0.800708
vt 0.534218 0.793729
vt 0.545592 0.793729
vt 0.545592 0.810648
vt 0.534218 0.810648
vt 0.545592 0.816887
vt 0.534218 0.822717
vt 0.534218 0.816887
vt 0.545592 0.826105
vt 0.534218 0.826105
vt 0.534218 0.829074
vt 0.545592 0.831192
vt 0.534218 0.833233
vt 0.534218 0.831192
vt 0.545592 0.835486
vt 0.534218 0.838277
vt 0.534218 0.835486
vt 0.545592 0.838277
vt 0.534218 0.840982
vt 0.545592 0.840982
vt 0.534218 0.843251
vt 0.545592 0.833233
vt 0.545592 0.829074
vt 0.534218 0.788070
vt 0.545592 0.788070
vt 0.545592 0.785165
vt 0.534218 0.785165
vt 0.545592 0.783682
vt 0.588860 0.796894
vt 0.588208 0.801615
vt 0.572789 0.825393
vt 0.590878 0.577150
vt 0.591570 0.572436
vt 0.575364 0.600861
vt 0.589083 0.790917
vt 0.591753 0.566482
vt 0.587732 0.804420
vt 0.590110 0.582786
vt 0.590385 0.579956
vt 0.587447 0.807250
vt 0.587756 0.814071
vt 0.590397 0.589603
vt 0.587517 0.816279
vt 0.590087 0.591834
vt 0.586363 0.819081
vt 0.585694 0.820547
vt 0.588993 0.594710
vt 0.585348 0.822155
vt 0.585441 0.823645
vt 0.587964 0.597859
vt 0.588309 0.596230
vt 0.586357 0.825788
vt 0.589000 0.601475
vt 0.588059 0.599342
vt 0.587841 0.828316
vt 0.590501 0.604004
vt 0.589083 0.830362
vt 0.591753 0.605940
vt 0.587717 0.788008
vt 0.590447 0.563550
vt 0.586077 0.785930
vt 0.585096 0.785038
vt 0.588993 0.561564
vt 0.519464 0.800708
vt 0.530837 0.806933
vt 0.519464 0.806933
vt 0.530837 0.800708
vt 0.519464 0.793729
vt 0.530837 0.793729
vt 0.530837 0.810648
vt 0.519464 0.810648
vt 0.530837 0.816887
vt 0.519464 0.822717
vt 0.519464 0.816887
vt 0.530837 0.826105
vt 0.519464 0.826105
vt 0.519464 0.829074
vt 0.530837 0.831192
vt 0.519464 0.833233
vt 0.519464 0.831192
vt 0.530837 0.835486
vt 0.519464 0.838277
vt 0.519464 0.835486
vt 0.530837 0.838277
vt 0.519464 0.840982
vt 0.530837 0.840982
vt 0.519464 0.843251
vt 0.530837 0.833233
vt 0.530837 0.829074
vt 0.519464 0.788070
vt 0.530837 0.788070
vt 0.530837 0.785165
vt 0.519464 0.785165
vt 0.530837 0.783682
vt 0.564308 0.817416
vt 0.564959 0.812695
vt 0.580379 0.788917
vt 0.529147 0.577151
vt 0.528455 0.572436
vt 0.544661 0.600861
vt 0.564085 0.823393
vt 0.528272 0.566482
vt 0.565435 0.809890
vt 0.529915 0.582787
vt 0.529640 0.579956
vt 0.565721 0.807060
vt 0.565412 0.800238
vt 0.529628 0.589603
vt 0.565651 0.798030
vt 0.529938 0.591834
vt 0.566805 0.795229
vt 0.567474 0.793763
vt 0.531032 0.594710
vt 0.567820 0.792155
vt 0.567727 0.790665
vt 0.532061 0.597859
vt 0.531716 0.596230
vt 0.566811 0.788522
vt 0.531025 0.601476
vt 0.531966 0.599343
vt 0.565326 0.785994
vt 0.529524 0.604005
vt 0.564085 0.783948
vt 0.528272 0.605941
vt 0.565451 0.826302
vt 0.529578 0.563550
vt 0.567091 0.828379
vt 0.568072 0.829271
vt 0.531032 0.561564
vt 0.137694 0.970462
vt 0.139246 0.976300
vt 0.136208 0.974546
vt 0.137694 0.966116
vt 0.141148 0.971071
vt 0.136207 0.962033
vt 0.141148 0.965506
vt 0.133413 0.958704
vt 0.139245 0.960278
vt 0.129649 0.956531
vt 0.135668 0.956016
vt 0.125369 0.955777
vt 0.130849 0.953234
vt 0.119890 0.953235
vt 0.125369 0.952269
vt 0.121090 0.956532
vt 0.115071 0.956018
vt 0.117327 0.958706
vt 0.111495 0.960281
vt 0.114534 0.962035
vt 0.109593 0.965509
vt 0.113048 0.966118
vt 0.109593 0.971074
vt 0.114534 0.974548
vt 0.113048 0.970464
vt 0.115073 0.980564
vt 0.111496 0.976302
vt 0.117328 0.977876
vt 0.119892 0.983346
vt 0.121092 0.980049
vt 0.125372 0.984312
vt 0.125372 0.980803
vt 0.130852 0.983345
vt 0.133415 0.977875
vt 0.129652 0.980048
vt 0.135670 0.980562
vt 0.693481 0.282980
vt 0.692850 0.288300
vt 0.692850 0.282980
vt 0.693481 0.288300
vt 0.692850 0.293045
vt 0.693481 0.298067
vt 0.693481 0.293045
vt 0.693481 0.303778
vt 0.692850 0.298067
vt 0.693481 0.309488
vt 0.692850 0.303778
vt 0.693481 0.314510
vt 0.692850 0.309488
vt 0.692850 0.319021
vt 0.692850 0.314510
vt 0.161054 0.968574
vt 0.161672 0.973565
vt 0.161054 0.973565
vt 0.161054 0.962898
vt 0.161672 0.968574
vt 0.161054 0.957222
vt 0.161672 0.962898
vt 0.161054 0.952231
vt 0.161672 0.957222
vt 0.693481 0.245955
vt 0.692850 0.250806
vt 0.692850 0.245955
vt 0.693481 0.256517
vt 0.693481 0.250806
vt 0.693481 0.262228
vt 0.692850 0.256517
vt 0.693481 0.267250
vt 0.692850 0.262228
vt 0.693481 0.271997
vt 0.692850 0.267250
vt 0.692850 0.277318
vt 0.692850 0.271997
vt 0.693481 0.277318
vt 0.631322 0.791710
vt 0.632567 0.797488
vt 0.629421 0.796933
vt 0.636949 0.789900
vt 0.634089 0.793308
vt 0.634895 0.787452
vt 0.640802 0.787675
vt 0.645184 0.783708
vt 0.639709 0.784673
vt 0.650658 0.784673
vt 0.645184 0.786903
vt 0.653418 0.789900
vt 0.649565 0.787675
vt 0.659045 0.791711
vt 0.655472 0.787453
vt 0.660946 0.796934
vt 0.656278 0.793308
vt 0.660945 0.802493
vt 0.657800 0.797489
vt 0.659044 0.807716
vt 0.657800 0.801938
vt 0.653418 0.809527
vt 0.656278 0.806119
vt 0.650658 0.814754
vt 0.655471 0.811974
vt 0.645183 0.815719
vt 0.649565 0.811751
vt 0.639709 0.814753
vt 0.645183 0.812524
vt 0.634895 0.811974
vt 0.640802 0.811751
vt 0.634089 0.806118
vt 0.636949 0.809526
vt 0.629421 0.802492
vt 0.631322 0.807716
vt 0.632567 0.801937
vt 0.635713 0.798043
vt 0.636856 0.794905
vt 0.639002 0.792347
vt 0.641895 0.790677
vt 0.645184 0.790097
vt 0.648472 0.790677
vt 0.653511 0.794905
vt 0.651365 0.792347
vt 0.654653 0.798044
vt 0.654653 0.801383
vt 0.653511 0.804521
vt 0.648472 0.808749
vt 0.651364 0.807080
vt 0.645183 0.809329
vt 0.639002 0.807079
vt 0.641894 0.808749
vt 0.635713 0.801383
vt 0.636855 0.804521
vt 0.639213 0.796266
vt 0.638394 0.798516
vt 0.640752 0.794432
vt 0.642826 0.793235
vt 0.645184 0.792819
vt 0.649615 0.794432
vt 0.647541 0.793235
vt 0.651154 0.796266
vt 0.651973 0.798516
vt 0.651154 0.803160
vt 0.651973 0.800911
vt 0.649615 0.804995
vt 0.647541 0.806192
vt 0.645183 0.806608
vt 0.640752 0.804995
vt 0.642825 0.806192
vt 0.639213 0.803160
vt 0.638394 0.800910
vt 0.010747 0.575207
vt 0.009637 0.572131
vt 0.010747 0.572131
vt 0.010747 0.577913
vt 0.009637 0.575207
vt 0.014127 0.577645
vt 0.015561 0.579593
vt 0.014127 0.579593
vt 0.014127 0.575254
vt 0.015561 0.577645
vt 0.014127 0.572712
vt 0.015561 0.575254
vt 0.014127 0.570322
vt 0.015561 0.572712
vt 0.014127 0.568374
vt 0.015561 0.570322
vt 0.018941 0.576658
vt 0.020342 0.578808
vt 0.018941 0.578808
vt 0.018941 0.574212
vt 0.020342 0.576658
vt 0.018941 0.571767
vt 0.020342 0.574212
vt 0.018941 0.569617
vt 0.020342 0.571767
vt 0.091373 0.634654
vt 0.089939 0.632706
vt 0.091373 0.632706
vt 0.089939 0.637043
vt 0.089939 0.634654
vt 0.091373 0.637043
vt 0.089939 0.639585
vt 0.091373 0.639585
vt 0.089939 0.641975
vt 0.091373 0.641975
vt 0.089939 0.643923
vt 0.010747 0.566316
vt 0.009637 0.569054
vt 0.009637 0.566316
vt 0.010747 0.569054
vt 0.201551 0.767341
vt 0.204272 0.763049
vt 0.205576 0.766632
vt 0.200733 0.765092
vt 0.201822 0.760128
vt 0.197122 0.762061
vt 0.199194 0.763259
vt 0.194765 0.757558
vt 0.198520 0.758221
vt 0.194765 0.761646
vt 0.191009 0.758220
vt 0.190334 0.763258
vt 0.192407 0.762061
vt 0.185256 0.763048
vt 0.187707 0.760127
vt 0.188796 0.765091
vt 0.183951 0.766630
vt 0.187976 0.769734
vt 0.187976 0.767340
vt 0.185255 0.774027
vt 0.183951 0.770443
vt 0.190333 0.773817
vt 0.188795 0.771983
vt 0.192406 0.775014
vt 0.187706 0.776947
vt 0.194763 0.775430
vt 0.191008 0.778854
vt 0.198518 0.778855
vt 0.194763 0.779517
vt 0.197121 0.775014
vt 0.201820 0.776949
vt 0.200732 0.771984
vt 0.199194 0.773817
vt 0.201551 0.769735
vt 0.204272 0.774028
vt 0.205576 0.770445
vt 0.081764 0.629210
vt 0.082561 0.625276
vt 0.082561 0.629210
vt 0.081764 0.625413
vt 0.082561 0.621543
vt 0.081764 0.618102
vt 0.081764 0.621543
vt 0.000977 0.567849
vt 0.001766 0.571566
vt 0.000977 0.571371
vt 0.000977 0.564102
vt 0.001766 0.567917
vt 0.001766 0.560152
vt 0.001766 0.564034
vt 0.077593 0.637191
vt 0.078383 0.640718
vt 0.077593 0.640720
vt 0.077593 0.633398
vt 0.078383 0.637190
vt 0.077593 0.629635
vt 0.078383 0.633534
vt 0.077593 0.625872
vt 0.078383 0.629635
vt 0.077593 0.621736
vt 0.078383 0.625736
vt 0.077593 0.618101
vt 0.078383 0.621737
vt 0.077592 0.931805
vt 0.078654 0.934653
vt 0.077592 0.934503
vt 0.077592 0.928934
vt 0.078654 0.931857
vt 0.078654 0.926087
vt 0.078654 0.928882
vt 0.081764 0.637046
vt 0.082561 0.640553
vt 0.081764 0.640486
vt 0.081764 0.633006
vt 0.082561 0.637046
vt 0.082561 0.633143
vt 0.535734 0.682420
vt 0.537287 0.688257
vt 0.534248 0.686503
vt 0.535734 0.678074
vt 0.539189 0.683028
vt 0.537285 0.672236
vt 0.539189 0.677464
vt 0.531453 0.670661
vt 0.534247 0.673990
vt 0.527689 0.668489
vt 0.533708 0.667974
vt 0.523409 0.664226
vt 0.528889 0.665192
vt 0.523410 0.667735
vt 0.517930 0.665193
vt 0.519130 0.668490
vt 0.513111 0.667976
vt 0.515367 0.670663
vt 0.509535 0.672238
vt 0.512574 0.673992
vt 0.507633 0.677467
vt 0.511088 0.678076
vt 0.507633 0.683031
vt 0.512575 0.686505
vt 0.511088 0.682422
vt 0.513114 0.692522
vt 0.509537 0.688260
vt 0.515368 0.689834
vt 0.517932 0.695303
vt 0.523412 0.692761
vt 0.519132 0.692007
vt 0.528892 0.695303
vt 0.523412 0.696269
vt 0.531455 0.689833
vt 0.527692 0.692006
vt 0.533710 0.692519
vt 0.037017 0.644139
vt 0.031697 0.643509
vt 0.037017 0.643509
vt 0.031697 0.644139
vt 0.026952 0.643509
vt 0.021930 0.644139
vt 0.026952 0.644139
vt 0.016219 0.643509
vt 0.021930 0.643509
vt 0.010509 0.644139
vt 0.016219 0.644139
vt 0.005487 0.644139
vt 0.010509 0.643509
vt 0.000977 0.644139
vt 0.005487 0.643509
vt 0.085941 0.634445
vt 0.086558 0.639436
vt 0.085941 0.639436
vt 0.085941 0.628770
vt 0.086558 0.634445
vt 0.086558 0.623094
vt 0.086558 0.628770
vt 0.085941 0.618103
vt 0.085941 0.623094
vt 0.069190 0.644139
vt 0.074041 0.643509
vt 0.074041 0.644139
vt 0.063479 0.644139
vt 0.069190 0.643509
vt 0.057769 0.644139
vt 0.063479 0.643509
vt 0.052746 0.644139
vt 0.057769 0.643509
vt 0.048000 0.644139
vt 0.052746 0.643509
vt 0.042679 0.643509
vt 0.048000 0.643509
vt 0.042679 0.644139
vt 0.620418 0.659096
vt 0.621663 0.664874
vt 0.618517 0.664319
vt 0.626045 0.657285
vt 0.623185 0.660693
vt 0.623991 0.654838
vt 0.629898 0.655061
vt 0.634280 0.651093
vt 0.628805 0.652058
vt 0.638661 0.655061
vt 0.634279 0.654288
vt 0.639754 0.652059
vt 0.642514 0.657285
vt 0.648140 0.659096
vt 0.644568 0.654838
vt 0.650041 0.664320
vt 0.645374 0.660694
vt 0.650041 0.669878
vt 0.646895 0.664875
vt 0.648140 0.675102
vt 0.646895 0.669324
vt 0.644567 0.679360
vt 0.645374 0.673504
vt 0.639753 0.682139
vt 0.642514 0.676912
vt 0.634279 0.683104
vt 0.638660 0.679137
vt 0.628805 0.682139
vt 0.634279 0.679909
vt 0.623991 0.679359
vt 0.629897 0.679137
vt 0.623184 0.673504
vt 0.626045 0.676912
vt 0.620418 0.675101
vt 0.621663 0.669323
vt 0.618517 0.669878
vt 0.624809 0.665429
vt 0.625951 0.662291
vt 0.630991 0.658063
vt 0.628098 0.659732
vt 0.634279 0.657483
vt 0.637568 0.658063
vt 0.640460 0.659733
vt 0.643749 0.665429
vt 0.642607 0.662291
vt 0.643749 0.668769
vt 0.642607 0.671907
vt 0.637568 0.676135
vt 0.640460 0.674465
vt 0.634279 0.676715
vt 0.628098 0.674465
vt 0.630990 0.676135
vt 0.624809 0.668768
vt 0.625951 0.671907
vt 0.627490 0.665901
vt 0.629848 0.661818
vt 0.628309 0.663652
vt 0.631922 0.660620
vt 0.634280 0.660205
vt 0.638711 0.661817
vt 0.636637 0.660620
vt 0.640250 0.663652
vt 0.641069 0.665902
vt 0.640250 0.670546
vt 0.641069 0.668296
vt 0.638710 0.672380
vt 0.634279 0.673993
vt 0.636637 0.673578
vt 0.629848 0.672380
vt 0.631921 0.673577
vt 0.628309 0.670546
vt 0.627490 0.668296
vt 0.006257 0.572361
vt 0.005147 0.569284
vt 0.006257 0.569284
vt 0.006257 0.575067
vt 0.005147 0.572361
vt 0.089939 0.627378
vt 0.091373 0.629326
vt 0.089939 0.629326
vt 0.089939 0.624988
vt 0.091373 0.627378
vt 0.089939 0.622445
vt 0.091373 0.624988
vt 0.089939 0.620055
vt 0.091373 0.622445
vt 0.089939 0.618107
vt 0.091373 0.620055
vt 0.000977 0.952282
vt 0.002377 0.954432
vt 0.000977 0.954432
vt 0.000977 0.949837
vt 0.002377 0.952282
vt 0.000977 0.947391
vt 0.002377 0.949837
vt 0.000977 0.945241
vt 0.002377 0.947391
vt 0.096188 0.618111
vt 0.094753 0.620059
vt 0.094753 0.618111
vt 0.096188 0.622448
vt 0.096188 0.620059
vt 0.094753 0.624990
vt 0.094753 0.622448
vt 0.096188 0.624990
vt 0.094753 0.627379
vt 0.096188 0.627379
vt 0.094753 0.629327
vt 0.006257 0.566208
vt 0.005147 0.563470
vt 0.006257 0.563470
vt 0.005147 0.566208
vt 0.155807 0.985536
vt 0.158529 0.981243
vt 0.159832 0.984826
vt 0.154989 0.983286
vt 0.156078 0.978322
vt 0.153450 0.981453
vt 0.152776 0.976415
vt 0.151378 0.980256
vt 0.149021 0.975753
vt 0.149021 0.979840
vt 0.145266 0.976415
vt 0.144590 0.981452
vt 0.146663 0.980255
vt 0.139512 0.981242
vt 0.141964 0.978321
vt 0.142233 0.985535
vt 0.143052 0.983285
vt 0.142233 0.987928
vt 0.138208 0.984824
vt 0.143051 0.990177
vt 0.138208 0.988638
vt 0.144590 0.992011
vt 0.139511 0.992221
vt 0.146662 0.993208
vt 0.141962 0.995142
vt 0.149019 0.993624
vt 0.145264 0.997049
vt 0.152774 0.997049
vt 0.149019 0.997711
vt 0.151377 0.993208
vt 0.156077 0.995143
vt 0.153450 0.992012
vt 0.158528 0.992222
vt 0.154988 0.990179
vt 0.159832 0.988639
vt 0.155807 0.987929
vt 0.080978 0.959572
vt 0.081775 0.963368
vt 0.080978 0.963368
vt 0.080978 0.955701
vt 0.081775 0.959434
vt 0.080978 0.952260
vt 0.081775 0.955701
vt 0.109099 0.993486
vt 0.109889 0.997203
vt 0.109099 0.997008
vt 0.109889 0.989671
vt 0.109889 0.993554
vt 0.109099 0.989739
vt 0.109889 0.985789
vt 0.000977 0.991257
vt 0.001767 0.994785
vt 0.000977 0.994787
vt 0.001767 0.987601
vt 0.001767 0.991256
vt 0.000977 0.987464
vt 0.001767 0.983701
vt 0.000977 0.983701
vt 0.001767 0.979802
vt 0.000977 0.979939
vt 0.001767 0.975803
vt 0.000977 0.975803
vt 0.001767 0.972170
vt 0.023722 0.578214
vt 0.024784 0.575568
vt 0.024784 0.578363
vt 0.023722 0.572645
vt 0.023722 0.575516
vt 0.024784 0.569797
vt 0.024784 0.572593
vt 0.080978 0.974645
vt 0.081775 0.971204
vt 0.081775 0.974712
vt 0.080978 0.971205
vt 0.081775 0.967301
vt 0.080978 0.967164
vt 0.734822 0.501322
vt 0.818945 0.000977
vt 0.799229 0.451991
vt 0.825449 0.876420
vt 0.734822 0.000977
vt 0.444725 0.866807
vt 0.822325 0.000977
vt 0.501329 0.795008
vt 0.562114 0.000977
vt 0.296580 0.509756
vt 0.223971 0.736531
vt 0.698723 0.732849
vt 0.182005 0.700526
vt 0.000977 0.870188
vt 0.911717 0.389541
vt 0.000977 0.736630
vt 0.599414 0.977128
vt 0.333998 0.870188
vt 0.273356 0.516777
vt 0.749529 0.487855
vt 0.000977 0.798388
vt 0.773305 0.466323
vt 0.487851 0.822165
vt 0.220217 0.741033
vt 0.220217 0.751773
vt 0.215912 0.756224
vt 0.205404 0.756224
vt 0.201099 0.751773
vt 0.985939 0.406485
vt 0.991218 0.411780
vt 0.611395 0.071642
vt 0.653333 0.071614
vt 0.899427 0.966899
vt 0.715584 0.949074
vt 0.720917 0.943969
vt 0.481369 0.651300
vt 0.174532 0.660448
vt 0.174560 0.618511
vt 0.615166 0.278017
vt 0.001083 0.618801
vt 0.637435 0.507725
vt 0.498868 0.956658
vt 0.498868 0.967398
vt 0.494563 0.971849
vt 0.484055 0.971849
vt 0.479751 0.967398
vt 0.419847 0.970192
vt 0.414370 0.975297
vt 0.574990 0.127282
vt 0.565497 0.071642
vt 0.607434 0.071614
vt 0.941519 0.218990
vt 0.959344 0.035146
vt 0.964449 0.040479
vt 0.504226 0.615285
vt 0.071614 0.614711
vt 0.071642 0.572774
vt 0.615166 0.201926
vt 0.074106 0.933905
vt 0.652635 0.001083
vt 0.476370 0.956650
vt 0.476370 0.967391
vt 0.472065 0.971841
vt 0.461559 0.971841
vt 0.457253 0.967391
vt 0.967313 0.131354
vt 0.985325 0.101028
vt 0.990430 0.106505
vt 0.721714 0.126780
vt 0.730863 0.433616
vt 0.688926 0.433588
vt 0.919635 0.035209
vt 0.924741 0.040545
vt 0.653004 0.512156
vt 0.652827 0.192918
vt 0.694764 0.192890
vt 0.700292 0.504240
vt 0.615141 0.507737
vt 0.074105 0.973548
vt 0.614588 0.579155
vt 0.173314 0.764698
vt 0.173314 0.775439
vt 0.169009 0.779936
vt 0.158503 0.780048
vt 0.154198 0.775643
vt 0.671391 0.988431
vt 0.641065 0.970418
vt 0.646541 0.965314
vt 0.189663 0.690735
vt 0.566634 0.700228
vt 0.622275 0.690735
vt 0.622302 0.732672
vt 0.962453 0.548527
vt 0.967558 0.553860
vt 0.433590 0.654630
vt 0.433618 0.696567
vt 0.077698 0.762075
vt 0.611249 0.126868
vt 0.296646 0.610600
vt 0.560346 0.822717
vt 0.560346 0.843251
vt 0.548972 0.783682
vt 0.558644 0.560560
vt 0.134959 0.732902
vt 0.093876 0.952256
vt 0.516083 0.822717
vt 0.516083 0.843251
vt 0.504709 0.783682
vt 0.549455 0.604910
vt 0.545592 0.822717
vt 0.545592 0.843251
vt 0.534218 0.783682
vt 0.587855 0.560560
vt 0.530837 0.822717
vt 0.530837 0.843251
vt 0.519464 0.783682
vt 0.532170 0.560560
vt 0.693481 0.319021
vt 0.161672 0.952231
vt 0.009637 0.577913
vt 0.015561 0.568374
vt 0.020342 0.569617
vt 0.091373 0.643923
vt 0.082561 0.618103
vt 0.000977 0.560152
vt 0.078383 0.618103
vt 0.077592 0.926236
vt 0.000977 0.643509
vt 0.086558 0.618103
vt 0.005147 0.575067
vt 0.091373 0.618107
vt 0.002377 0.945241
vt 0.096188 0.629327
vt 0.081775 0.952261
vt 0.109099 0.985789
vt 0.000977 0.972167
vt 0.023722 0.569947
s 0
f 1/1/1 8/2/1 2/3/1
f 17/4/2 8/5/2 18/6/2
f 16/7/3 20/8/3 19/9/3
f 5/10/4 22/11/4 4/12/5
f 25/13/6 24/14/6 12/15/6
f 21/16/7 3/17/7 4/12/7
f 13/18/8 28/19/8 26/20/8
f 27/21/9 2/22/9 3/17/9
f 14/23/10 30/24/10 28/19/10
f 7/25/11 31/26/11 6/27/11
f 32/28/12 11/29/12 33/30/12
f 29/31/13 1/32/13 2/22/13
f 15/33/14 19/9/14 30/24/14
f 6/27/15 23/34/15 5/10/15
f 33/30/16 12/15/16 24/14/16
f 17/35/17 34/36/17 31/37/17
f 31/37/17 34/36/17 23/38/17
f 23/38/17 34/36/17 22/39/17
f 22/39/17 34/36/17 21/40/17
f 21/40/17 34/36/17 27/41/17
f 27/41/17 34/36/17 29/42/17
f 29/42/17 34/36/17 20/43/17
f 34/36/17 19/44/17 20/43/17
f 19/44/17 35/45/17 30/46/17
f 30/46/17 35/45/17 28/47/17
f 28/47/17 35/45/17 26/48/17
f 26/48/17 35/45/17 25/49/17
f 25/49/17 35/45/17 24/50/17
f 24/50/17 35/45/17 33/51/17
f 33/51/17 35/45/17 32/52/17
f 32/53/17 35/54/17 36/55/17
f 38/56/3 35/57/3 34/58/3
f 32/59/18 9/60/18 10/61/18
f 18/62/17 34/63/17 17/64/17
f 16/65/1 15/66/1 9/67/1
f 6/68/1 5/69/1 8/2/1
f 3/70/1 2/3/1 8/2/1
f 4/71/1 3/70/1 8/2/1
f 5/69/1 4/71/1 8/2/1
f 8/2/1 7/72/1 6/68/1
f 8/2/1 16/65/1 9/67/1
f 14/73/1 13/74/1 9/67/1
f 9/67/1 15/66/1 14/73/1
f 11/75/1 10/76/1 9/67/1
f 9/67/1 13/74/1 12/77/1
f 9/67/1 12/77/1 11/75/1
f 8/5/2 44/78/2 18/6/2
f 72/79/17 36/55/17 35/54/17
f 36/80/18 76/81/18 9/60/18
f 8/2/1 76/82/1 40/83/1
f 39/84/1 41/85/1 40/83/1
f 40/86/2 42/87/2 44/78/2
f 47/88/19 46/89/19 45/90/19
f 50/91/20 49/92/20 48/93/20
f 54/94/21 57/95/21 55/96/21
f 59/97/22 51/98/22 52/99/22
f 61/100/23 55/96/23 56/101/23
f 59/97/24 62/102/24 58/103/24
f 64/104/25 60/105/25 61/100/25
f 43/106/26 65/107/26 42/108/26
f 70/109/27 68/110/27 67/111/27
f 39/112/28 62/102/28 41/113/28
f 45/90/29 63/114/29 64/104/29
f 66/115/30 49/92/30 65/107/30
f 70/109/31 54/94/31 69/116/31
f 42/117/17 65/118/17 71/119/17
f 65/118/17 49/120/17 71/119/17
f 49/120/17 50/121/17 71/119/17
f 50/121/17 51/122/17 71/119/17
f 51/122/17 58/123/17 71/119/17
f 58/123/17 62/124/17 71/119/17
f 62/124/17 47/125/17 71/119/17
f 45/126/17 71/119/17 47/125/17
f 45/126/17 64/127/17 72/128/17
f 64/127/17 61/129/17 72/128/17
f 61/129/17 56/130/17 72/128/17
f 56/130/17 57/131/17 72/128/17
f 57/131/17 53/132/17 72/128/17
f 53/132/17 70/133/17 72/128/17
f 70/133/17 67/134/17 72/128/17
f 67/135/17 73/136/17 72/79/17
f 71/137/19 75/138/19 74/139/19
f 67/140/18 76/81/18 73/141/18
f 44/142/17 42/143/17 71/144/17
f 46/145/1 76/82/1 63/146/1
f 66/147/1 40/83/1 48/148/1
f 59/149/1 40/83/1 41/85/1
f 52/150/1 40/83/1 59/149/1
f 48/148/1 40/83/1 52/150/1
f 40/83/1 66/147/1 43/151/1
f 40/83/1 46/145/1 39/84/1
f 60/152/1 76/82/1 55/153/1
f 76/82/1 60/152/1 63/146/1
f 69/154/1 76/82/1 68/155/1
f 76/82/1 54/156/1 55/153/1
f 76/82/1 69/154/1 54/156/1
f 18/62/17 71/144/17 34/63/17
f 71/157/2 38/158/2 34/159/2
f 74/160/17 37/161/17 38/162/17
f 75/163/18 35/164/18 37/165/18
f 79/166/17 78/167/17 77/168/17
f 82/169/1 83/170/1 81/171/1
f 80/172/3 82/173/3 78/174/3
f 77/175/19 83/176/19 79/177/19
f 86/178/17 88/179/17 85/180/17
f 90/181/1 92/182/1 89/183/1
f 87/184/3 90/185/3 88/186/3
f 85/187/19 92/188/19 86/189/19
f 94/190/17 96/191/17 93/192/17
f 97/193/1 99/194/1 100/195/1
f 95/196/18 98/197/18 96/198/18
f 94/199/2 97/200/2 100/201/2
f 103/202/17 129/203/17 130/204/17
f 120/205/2 109/206/2 119/207/2
f 119/208/3 112/209/3 121/210/3
f 121/211/18 113/212/18 122/213/18
f 122/214/19 111/215/19 120/216/19
f 105/217/32 123/218/32 106/219/32
f 148/220/33 142/221/33 145/222/33
f 109/206/34 111/223/34 139/224/34
f 106/225/35 125/226/35 108/227/35
f 146/228/36 144/229/36 149/230/36
f 112/209/37 109/231/37 136/232/37
f 108/233/38 151/234/38 107/235/38
f 150/236/39 132/237/39 152/238/39
f 113/212/40 112/239/40 135/240/40
f 107/241/41 124/242/41 105/243/41
f 147/244/42 114/245/42 110/246/42
f 111/215/43 113/247/43 140/248/43
f 102/249/44 118/250/44 101/251/44
f 104/252/45 115/253/45 128/254/45
f 129/255/46 116/256/46 130/257/46
f 127/258/47 117/259/47 103/260/47
f 131/261/48 119/207/48 142/221/48
f 141/262/49 121/210/49 144/229/49
f 143/263/50 122/213/50 132/237/50
f 114/245/51 120/216/51 110/246/51
f 124/264/52 145/222/52 123/218/52
f 123/265/53 149/230/53 125/226/53
f 151/234/54 150/236/54 152/238/54
f 151/266/55 147/244/55 124/242/55
f 110/267/56 120/268/56 131/269/56
f 114/270/57 132/271/57 122/272/57
f 115/273/58 133/274/58 134/275/58
f 116/276/59 135/277/59 136/278/59
f 117/279/60 137/280/60 138/281/60
f 118/282/61 139/283/61 140/284/61
f 119/285/62 141/286/62 142/287/62
f 121/288/63 143/289/63 144/290/63
f 123/291/64 145/292/64 146/293/64
f 124/294/65 147/295/65 148/296/65
f 125/297/66 149/298/66 150/299/66
f 126/300/67 151/301/67 152/302/67
f 102/303/68 115/273/68 134/275/68
f 130/304/69 136/278/69 104/305/69
f 129/306/70 117/279/70 138/281/70
f 142/287/71 146/293/71 145/292/71
f 147/295/72 131/269/72 148/296/72
f 143/289/73 149/298/73 144/290/73
f 132/271/74 126/300/74 152/302/74
f 140/284/75 101/307/75 118/282/75
f 155/308/17 181/309/17 182/310/17
f 172/311/2 161/312/2 171/313/2
f 171/314/3 164/315/3 173/316/3
f 173/317/18 165/318/18 174/319/18
f 174/320/19 163/321/19 172/322/19
f 157/323/32 175/324/32 158/325/32
f 200/326/33 194/327/33 197/328/33
f 161/312/34 163/329/34 191/330/34
f 158/331/35 177/332/35 160/333/35
f 198/334/36 196/335/36 201/336/36
f 164/315/37 161/337/37 188/338/37
f 160/339/38 203/340/38 159/341/38
f 202/342/39 184/343/39 204/344/39
f 165/318/76 164/345/76 187/346/76
f 157/347/41 203/348/41 176/349/41
f 178/350/42 162/351/42 199/352/42
f 163/321/43 165/353/43 192/354/43
f 154/355/44 170/356/44 153/357/44
f 156/358/45 167/359/45 180/360/45
f 181/361/46 168/362/46 182/363/46
f 179/364/47 169/365/47 155/366/47
f 183/367/48 171/313/48 194/327/48
f 196/335/49 171/314/49 173/316/49
f 195/368/50 174/319/50 184/343/50
f 166/369/51 172/322/51 162/351/51
f 176/370/52 197/328/52 175/324/52
f 175/371/53 201/336/53 177/332/53
f 203/340/54 202/342/54 204/344/54
f 176/349/55 178/350/55 199/352/55
f 162/372/56 172/373/56 183/374/56
f 166/375/57 184/376/57 174/377/57
f 167/378/58 185/379/58 186/380/58
f 168/381/59 187/382/59 188/383/59
f 169/384/60 189/385/60 190/386/60
f 170/387/77 191/388/77 192/389/77
f 171/390/78 193/391/78 194/392/78
f 173/393/79 195/394/79 196/395/79
f 175/396/64 197/397/64 198/398/64
f 176/399/65 199/400/65 200/401/65
f 177/402/66 201/403/66 202/404/66
f 178/405/67 203/406/67 204/407/67
f 154/408/68 167/378/68 186/380/68
f 182/409/80 188/383/80 156/410/80
f 181/411/81 169/384/81 190/386/81
f 194/392/71 198/398/71 197/397/71
f 199/400/72 183/374/72 200/401/72
f 195/394/73 201/403/73 196/395/73
f 184/376/74 178/405/74 204/407/74
f 192/389/75 153/412/75 170/387/75
f 207/413/17 233/414/17 234/415/17
f 223/416/2 215/417/2 213/418/2
f 223/419/3 216/420/3 225/421/3
f 225/422/18 217/423/18 226/424/18
f 226/425/19 215/426/19 224/427/19
f 209/428/32 227/429/32 210/430/32
f 252/431/33 246/432/33 249/433/33
f 213/418/34 215/417/34 243/434/34
f 210/435/35 229/436/35 212/437/35
f 253/438/36 245/439/36 248/440/36
f 216/420/37 213/441/37 240/442/37
f 212/443/38 255/444/38 211/445/38
f 254/446/39 236/447/39 256/448/39
f 217/423/76 216/449/76 239/450/76
f 211/451/41 228/452/41 209/453/41
f 230/454/42 214/455/42 251/456/42
f 215/426/43 217/457/43 244/458/43
f 206/459/44 222/460/44 205/461/44
f 232/462/45 240/442/45 219/463/45
f 233/464/46 220/465/46 234/466/46
f 231/467/47 221/468/47 207/469/47
f 235/470/48 223/416/48 246/432/48
f 245/439/49 225/421/49 248/440/49
f 247/471/50 226/424/50 236/447/50
f 218/472/51 224/427/51 214/455/51
f 228/473/52 249/433/52 227/429/52
f 227/474/53 253/438/53 229/436/53
f 229/475/54 256/448/54 255/444/54
f 228/452/55 230/454/55 251/456/55
f 214/476/82 224/477/82 235/478/82
f 218/479/83 236/480/83 226/481/83
f 219/482/58 237/483/58 238/484/58
f 220/485/59 239/486/59 240/487/59
f 221/488/60 241/489/60 242/490/60
f 222/491/61 243/492/61 244/493/61
f 223/494/84 245/495/84 246/496/84
f 225/497/85 247/498/85 248/499/85
f 227/500/64 249/501/64 250/502/64
f 228/503/65 251/504/65 252/505/65
f 229/506/66 253/507/66 254/508/66
f 230/509/67 255/510/67 256/511/67
f 206/512/68 219/482/68 238/484/68
f 234/513/86 240/487/86 208/514/86
f 233/515/87 221/488/87 242/490/87
f 246/496/71 250/502/71 249/501/71
f 251/504/72 235/478/72 252/505/72
f 247/498/73 253/507/73 248/499/73
f 236/480/74 230/509/74 256/511/74
f 244/493/75 205/516/75 222/491/75
f 259/517/17 285/518/17 286/519/17
f 275/520/2 267/521/2 265/522/2
f 275/523/3 268/524/3 277/525/3
f 277/526/18 269/527/18 278/528/18
f 278/529/19 267/530/19 276/531/19
f 261/532/32 279/533/32 262/534/32
f 304/535/33 298/536/33 301/537/33
f 265/522/34 267/521/34 295/538/34
f 264/539/35 279/540/35 281/541/35
f 302/542/36 300/543/36 305/544/36
f 268/524/37 265/545/37 292/546/37
f 264/547/38 307/548/38 263/549/38
f 306/550/39 288/551/39 308/552/39
f 269/527/40 268/553/40 291/554/40
f 263/555/41 280/556/41 261/557/41
f 282/558/42 266/559/42 303/560/42
f 267/530/43 269/561/43 296/562/43
f 258/563/44 274/564/44 257/565/44
f 260/566/45 271/567/45 284/568/45
f 285/569/46 272/570/46 286/571/46
f 283/572/47 273/573/47 259/574/47
f 287/575/48 275/520/48 298/536/48
f 300/543/49 275/523/49 277/525/49
f 299/576/50 278/528/50 288/551/50
f 270/577/51 276/531/51 266/559/51
f 280/578/52 301/537/52 279/533/52
f 281/541/53 302/542/53 305/544/53
f 281/579/54 308/552/54 307/548/54
f 307/580/55 303/560/55 280/556/55
f 266/581/56 276/582/56 287/583/56
f 270/584/57 288/585/57 278/586/57
f 271/587/58 289/588/58 290/589/58
f 272/590/59 291/591/59 292/592/59
f 273/593/60 293/594/60 294/595/60
f 274/596/61 295/597/61 296/598/61
f 275/599/84 297/600/84 298/601/84
f 277/602/85 299/603/85 300/604/85
f 279/605/64 301/606/64 302/607/64
f 280/608/65 303/609/65 304/610/65
f 281/611/66 305/612/66 306/613/66
f 282/614/67 307/615/67 308/616/67
f 258/617/68 271/587/68 290/589/68
f 286/618/88 292/592/88 260/619/88
f 285/620/70 273/593/70 294/595/70
f 298/601/71 302/607/71 301/606/71
f 303/609/72 287/583/72 304/610/72
f 299/603/73 305/612/73 300/604/73
f 288/585/74 282/614/74 308/616/74
f 296/598/75 257/621/75 274/596/75
s 1
f 310/622/89 311/623/90 309/624/90
f 312/625/91 313/626/92 314/627/93
f 309/624/90 344/628/94 343/629/94
f 316/630/95 317/631/96 315/632/95
f 317/631/96 320/633/97 319/634/98
f 320/633/97 333/635/99 319/634/98
f 322/636/100 331/637/101 321/638/102
f 324/639/103 325/640/104 323/641/105
f 326/642/106 327/643/107 325/640/104
f 328/644/108 329/645/109 327/643/107
f 332/646/110 323/641/105 331/637/101
f 334/647/111 321/638/102 333/635/99
f 314/627/93 335/648/112 336/649/113
f 335/648/112 338/650/114 336/649/113
f 337/651/115 342/652/116 338/650/114
f 310/653/2 309/654/2 339/655/2
f 311/656/18 312/657/18 340/658/18
f 313/659/2 310/653/2 339/655/2
f 312/657/18 314/660/18 340/658/18
f 309/654/2 343/661/2 339/655/2
f 316/662/18 344/663/18 340/658/18
f 315/664/2 317/665/2 339/655/2
f 318/666/18 316/662/18 340/658/18
f 317/665/2 319/667/2 339/655/2
f 320/668/18 318/666/18 340/658/18
f 333/669/2 321/670/2 339/655/2
f 334/671/18 320/668/18 340/658/18
f 331/672/2 323/673/2 339/655/2
f 332/674/18 322/675/18 340/658/18
f 323/673/2 325/676/2 339/655/2
f 326/677/18 324/678/18 340/658/18
f 325/676/2 327/679/2 339/655/2
f 328/680/18 326/677/18 340/658/18
f 327/679/2 329/681/2 339/655/2
f 330/682/18 328/680/18 340/658/18
f 321/670/2 331/672/2 339/655/2
f 324/678/18 332/674/18 340/658/18
f 319/667/2 333/669/2 339/655/2
f 322/675/18 334/671/18 340/658/18
f 335/683/2 313/659/2 339/655/2
f 314/660/18 336/684/18 340/658/18
f 337/685/2 339/655/2 341/686/2
f 338/687/18 340/658/18 336/684/18
f 316/630/95 343/629/94 344/628/94
f 343/661/2 315/664/2 339/655/2
f 344/663/18 311/656/18 340/658/18
f 346/688/117 406/689/118 345/690/119
f 348/691/120 349/692/121 350/693/122
f 350/693/122 351/694/123 352/695/124
f 352/695/124 353/696/125 354/697/126
f 354/697/126 355/698/127 356/699/128
f 357/700/129 359/701/130 360/702/131
f 360/702/131 361/703/132 362/704/133
f 363/705/134 365/706/134 366/707/134
f 366/707/135 367/708/136 368/709/137
f 369/710/138 371/711/139 372/712/140
f 370/713/141 368/709/137 367/708/136
f 364/714/142 362/704/133 361/703/132
f 358/715/143 356/699/128 355/698/127
f 349/716/3 347/717/3 374/718/3
f 348/719/19 350/720/19 373/721/19
f 351/722/3 349/716/3 374/718/3
f 350/720/19 352/723/19 373/721/19
f 353/724/3 351/722/3 374/718/3
f 352/723/19 354/725/19 373/721/19
f 355/726/3 353/724/3 374/718/3
f 356/727/19 357/728/19 373/721/19
f 359/729/3 358/730/3 374/718/3
f 357/728/19 360/731/19 373/721/19
f 361/732/3 359/729/3 374/718/3
f 362/733/19 363/734/19 373/721/19
f 365/735/3 364/736/3 374/718/3
f 363/734/19 366/737/19 373/721/19
f 367/738/3 365/735/3 374/718/3
f 368/739/19 369/740/19 373/721/19
f 371/741/3 370/742/3 374/718/3
f 369/740/19 372/743/19 373/721/19
f 370/742/3 367/738/3 374/718/3
f 366/737/19 368/739/19 373/721/19
f 364/736/3 361/732/3 374/718/3
f 360/731/19 362/733/19 373/721/19
f 358/730/3 355/726/3 374/718/3
f 354/725/19 356/727/19 373/721/19
f 347/717/3 405/744/3 374/718/3
f 345/745/19 406/746/19 373/721/19
f 375/747/144 346/748/117 345/749/119
f 376/750/145 377/751/146 378/752/147
f 378/752/147 379/753/148 380/754/149
f 380/754/149 381/755/150 382/756/151
f 382/756/151 383/757/152 384/758/153
f 384/758/153 401/759/154 402/760/155
f 386/761/156 387/762/157 388/763/158
f 388/763/159 399/764/160 400/765/161
f 390/766/162 391/767/163 392/768/163
f 392/768/164 397/769/165 398/770/166
f 394/771/167 395/772/168 396/773/168
f 393/774/169 398/770/166 397/769/165
f 389/775/170 400/765/161 399/764/160
f 385/776/171 402/760/155 401/759/154
f 379/777/19 377/778/19 404/779/19
f 378/780/3 380/781/3 403/782/3
f 381/783/19 379/777/19 404/779/19
f 380/781/3 382/784/3 403/782/3
f 383/785/19 381/783/19 404/779/19
f 382/784/3 384/786/3 403/782/3
f 401/787/19 383/785/19 404/779/19
f 402/788/3 386/789/3 403/782/3
f 387/790/19 385/791/19 404/779/19
f 386/789/3 388/792/3 403/782/3
f 399/793/19 387/790/19 404/779/19
f 400/794/3 390/795/3 403/782/3
f 391/796/19 389/797/19 404/779/19
f 390/795/3 392/798/3 403/782/3
f 397/799/19 391/796/19 404/779/19
f 398/800/3 394/801/3 403/782/3
f 395/802/19 393/803/19 404/779/19
f 394/801/3 396/804/3 403/782/3
f 393/803/19 397/799/19 404/779/19
f 392/798/3 398/800/3 403/782/3
f 389/797/19 399/793/19 404/779/19
f 388/792/3 400/794/3 403/782/3
f 385/791/19 401/787/19 404/779/19
f 384/786/3 402/788/3 403/782/3
f 377/778/19 375/805/19 404/779/19
f 376/806/3 378/780/3 403/782/3
f 347/807/172 406/689/118 405/808/118
f 405/744/3 346/809/3 374/718/3
f 406/746/19 348/719/19 373/721/19
f 403/782/3 346/809/3 376/806/3
f 404/779/19 345/745/19 373/721/19
f 408/810/91 410/811/90 407/812/90
f 409/813/173 411/814/174 412/815/93
f 407/812/90 413/816/94 414/817/94
f 416/818/95 418/819/96 415/820/175
f 418/819/96 419/821/97 420/822/98
f 419/821/97 422/823/99 420/822/98
f 424/824/100 426/825/101 423/826/102
f 428/827/103 430/828/176 427/829/177
f 429/830/106 432/831/178 430/828/176
f 431/832/179 434/833/109 432/831/178
f 425/834/110 427/829/177 426/825/101
f 421/835/111 423/826/102 422/823/99
f 412/815/93 435/836/112 436/837/180
f 435/836/112 438/838/114 436/837/180
f 437/839/181 440/840/116 438/838/114
f 408/841/2 407/842/2 441/843/2
f 410/844/18 409/845/18 442/846/18
f 411/847/2 408/841/2 441/843/2
f 409/845/18 412/848/18 442/846/18
f 407/842/2 414/849/2 441/843/2
f 416/850/18 413/851/18 442/846/18
f 415/852/2 418/853/2 441/843/2
f 417/854/18 416/850/18 442/846/18
f 418/853/2 420/855/2 441/843/2
f 419/856/18 417/854/18 442/846/18
f 422/857/2 423/858/2 441/843/2
f 421/859/18 419/856/18 442/846/18
f 426/860/2 427/861/2 441/843/2
f 425/862/18 424/863/18 442/846/18
f 427/861/2 430/864/2 441/843/2
f 429/865/18 428/866/18 442/846/18
f 430/864/2 432/867/2 441/843/2
f 431/868/18 429/865/18 442/846/18
f 432/867/2 434/869/2 441/843/2
f 433/870/18 431/868/18 442/846/18
f 423/858/2 426/860/2 441/843/2
f 428/866/18 425/862/18 442/846/18
f 420/855/2 422/857/2 441/843/2
f 424/863/18 421/859/18 442/846/18
f 435/871/2 411/847/2 441/843/2
f 412/848/18 436/872/18 442/846/18
f 437/873/2 441/843/2 439/874/2
f 438/875/18 442/846/18 436/872/18
f 416/818/95 414/817/94 413/816/94
f 414/849/2 415/852/2 441/843/2
f 413/851/18 410/844/18 442/846/18
f 444/876/182 446/877/183 443/878/183
f 445/879/184 447/880/185 448/881/186
f 443/878/183 449/882/187 450/883/187
f 452/884/188 454/885/189 451/886/190
f 454/885/189 455/887/191 456/888/192
f 455/887/191 458/889/193 456/888/192
f 460/890/194 462/891/195 459/892/196
f 464/893/197 466/894/198 463/895/199
f 465/896/200 468/897/201 466/894/198
f 467/898/202 470/899/203 468/897/201
f 461/900/204 463/895/199 462/891/195
f 457/901/205 459/892/196 458/889/193
f 448/881/186 471/902/206 472/903/206
f 471/902/206 474/904/207 472/903/206
f 473/905/208 476/906/209 474/904/207
f 444/907/18 443/908/18 477/909/18
f 446/910/2 445/911/2 478/912/2
f 447/913/18 444/907/18 477/909/18
f 445/911/2 448/914/2 478/912/2
f 443/908/18 450/915/18 477/909/18
f 452/916/2 449/917/2 478/912/2
f 451/918/18 454/919/18 477/909/18
f 453/920/2 452/916/2 478/912/2
f 454/919/18 456/921/18 477/909/18
f 455/922/2 453/920/2 478/912/2
f 458/923/18 459/924/18 477/909/18
f 457/925/2 455/922/2 478/912/2
f 462/926/18 463/927/18 477/909/18
f 461/928/2 460/929/2 478/912/2
f 463/927/18 466/930/18 477/909/18
f 465/931/2 464/932/2 478/912/2
f 466/930/18 468/933/18 477/909/18
f 467/934/2 465/931/2 478/912/2
f 468/933/18 470/935/18 477/909/18
f 469/936/2 467/934/2 478/912/2
f 459/924/18 462/926/18 477/909/18
f 464/932/2 461/928/2 478/912/2
f 456/921/18 458/923/18 477/909/18
f 460/929/2 457/925/2 478/912/2
f 471/937/18 447/913/18 477/909/18
f 448/914/2 472/938/2 478/912/2
f 473/939/18 477/909/18 475/940/18
f 474/941/2 478/912/2 472/938/2
f 452/884/188 450/883/187 449/882/187
f 450/915/18 451/918/18 477/909/18
f 449/917/2 446/910/2 478/912/2
f 480/942/182 482/943/183 479/944/183
f 481/945/182 483/946/210 484/947/186
f 479/944/183 485/948/187 486/949/187
f 488/950/188 490/951/189 487/952/190
f 490/951/189 491/953/191 492/954/192
f 491/953/191 494/955/193 492/954/192
f 496/956/194 498/957/211 495/958/196
f 500/959/212 502/960/198 499/961/213
f 501/962/214 504/963/215 502/960/198
f 503/964/202 506/965/203 504/963/215
f 497/966/216 499/961/213 498/957/211
f 493/967/205 495/958/196 494/955/193
f 484/947/186 507/968/217 508/969/218
f 507/968/217 510/970/219 508/969/218
f 509/971/220 512/972/221 510/970/219
f 480/973/18 479/974/18 513/975/18
f 482/976/2 481/977/2 514/978/2
f 483/979/18 480/973/18 513/975/18
f 481/977/2 484/980/2 514/978/2
f 479/974/18 486/981/18 513/975/18
f 488/982/2 485/983/2 514/978/2
f 487/984/18 490/985/18 513/975/18
f 489/986/2 488/982/2 514/978/2
f 490/985/18 492/987/18 513/975/18
f 491/988/2 489/986/2 514/978/2
f 494/989/18 495/990/18 513/975/18
f 493/991/2 491/988/2 514/978/2
f 498/992/18 499/993/18 513/975/18
f 497/994/2 496/995/2 514/978/2
f 499/993/18 502/996/18 513/975/18
f 501/997/2 500/998/2 514/978/2
f 502/996/18 504/999/18 513/975/18
f 503/1000/2 501/997/2 514/978/2
f 504/999/18 506/1001/18 513/975/18
f 505/1002/2 503/1000/2 514/978/2
f 495/990/18 498/992/18 513/975/18
f 500/998/2 497/994/2 514/978/2
f 492/987/18 494/989/18 513/975/18
f 496/995/2 493/991/2 514/978/2
f 507/1003/18 483/979/18 513/975/18
f 484/980/2 508/1004/2 514/978/2
f 509/1005/18 513/975/18 511/1006/18
f 510/1007/2 514/978/2 508/1004/2
f 488/950/188 486/949/187 485/948/187
f 486/981/18 487/984/18 513/975/18
f 485/983/2 482/976/2 514/978/2
f 516/1008/222 533/1009/223 515/1010/224
f 517/1011/225 534/1012/226 516/1008/222
f 518/1013/227 535/1014/228 517/1011/225
f 519/1015/229 536/1016/230 518/1013/227
f 520/1017/231 537/1018/232 519/1015/229
f 521/1019/233 538/1020/234 520/1017/231
f 521/1019/233 540/1021/235 539/1022/236
f 522/1023/237 541/1024/238 540/1021/235
f 523/1025/239 542/1026/240 541/1024/238
f 524/1027/241 543/1028/242 542/1026/240
f 525/1029/243 544/1030/244 543/1028/242
f 527/1031/245 544/1030/244 526/1032/246
f 527/1031/245 546/1033/247 545/1034/248
f 528/1035/249 547/1036/250 546/1033/247
f 529/1037/251 548/1038/252 547/1036/250
f 530/1039/253 549/1040/254 548/1038/252
f 532/1041/255 549/1040/254 531/1042/256
f 515/1010/224 550/1043/257 532/1041/255
f 533/1044/223 552/1045/258 551/1046/259
f 534/1047/226 553/1048/260 552/1045/258
f 536/1049/230 553/1048/260 535/1050/228
f 537/1051/232 554/1052/261 536/1049/230
f 538/1053/234 555/1054/262 537/1051/232
f 539/1055/236 556/1056/263 538/1053/234
f 539/1055/236 558/1057/264 557/1058/265
f 541/1059/238 558/1060/264 540/1061/235
f 542/1062/240 559/1063/266 541/1059/238
f 543/1064/242 560/1065/267 542/1062/240
f 544/1066/244 561/1067/268 543/1064/242
f 544/1068/244 563/1069/269 562/1070/270
f 546/1071/247 563/1069/269 545/1072/248
f 547/1073/250 564/1074/271 546/1071/247
f 548/1075/252 565/1076/272 547/1073/250
f 549/1077/254 566/1078/273 548/1075/252
f 549/1077/254 568/1079/274 567/1080/275
f 533/1044/223 568/1079/274 550/1081/257
f 522/1023/237 520/1017/231 532/1041/255
f 552/1082/258 569/1083/276 551/1084/259
f 552/1082/258 571/1085/277 570/1086/278
f 553/1087/260 572/1088/279 571/1085/277
f 555/1089/262 572/1088/279 554/1090/261
f 556/1091/263 573/1092/280 555/1089/262
f 556/1091/263 575/1093/281 574/1094/282
f 558/1095/264 575/1093/281 557/1096/265
f 559/1097/266 576/1098/283 558/1095/264
f 560/1099/267 577/1100/284 559/1097/266
f 561/1101/268 578/1102/285 560/1099/267
f 561/1101/268 580/1103/286 579/1104/287
f 563/1105/269 580/1103/286 562/1106/270
f 564/1107/271 581/1108/288 563/1105/269
f 565/1109/272 582/1110/289 564/1107/271
f 566/1111/273 583/1112/290 565/1109/272
f 566/1111/273 585/1113/291 584/1114/292
f 568/1115/274 585/1113/291 567/1116/275
f 551/1084/259 586/1117/293 568/1115/274
f 570/1086/278 587/1118/294 569/1083/276
f 571/1085/277 588/1119/295 570/1086/278
f 572/1088/279 589/1120/296 571/1085/277
f 573/1092/280 590/1121/297 572/1088/279
f 574/1094/282 591/1122/298 573/1092/280
f 575/1093/281 592/1123/299 574/1094/282
f 575/1093/281 594/1124/300 593/1125/301
f 576/1098/283 595/1126/302 594/1124/300
f 577/1100/284 596/1127/303 595/1126/302
f 579/1104/287 596/1127/303 578/1102/285
f 580/1103/286 597/1128/304 579/1104/287
f 580/1103/286 599/1129/305 598/1130/306
f 581/1108/288 600/1131/307 599/1129/305
f 583/1112/290 600/1131/307 582/1110/289
f 583/1112/290 602/1132/308 601/1133/309
f 585/1113/291 602/1132/308 584/1114/292
f 585/1113/291 604/1134/310 603/1135/311
f 586/1117/293 587/1118/294 604/1134/310
f 587/1118/294 606/1136/312 605/1137/313
f 588/1119/295 607/1138/314 606/1136/312
f 590/1121/297 607/1138/314 589/1120/296
f 591/1122/298 608/1139/315 590/1121/297
f 592/1123/299 609/1140/316 591/1122/298
f 592/1123/299 611/1141/317 610/1142/318
f 594/1124/300 611/1141/317 593/1125/301
f 595/1126/302 612/1143/319 594/1124/300
f 596/1127/303 613/1144/320 595/1126/302
f 596/1127/303 615/1145/321 614/1146/322
f 597/1128/304 616/1147/323 615/1145/321
f 598/1130/306 617/1148/324 616/1147/323
f 599/1129/305 618/1149/325 617/1148/324
f 601/1133/309 618/1149/325 600/1131/307
f 601/1133/309 620/1150/326 619/1151/327
f 603/1135/311 620/1150/326 602/1132/308
f 604/1134/310 621/1152/328 603/1135/311
f 587/1118/294 622/1153/329 604/1134/310
f 606/1154/312 623/1155/330 605/1156/313
f 607/1157/314 624/1158/331 606/1154/312
f 608/1159/315 625/1160/332 607/1161/314
f 609/1162/316 626/1163/333 608/1159/315
f 610/1164/318 627/1165/334 609/1162/316
f 611/1166/317 628/1167/335 610/1164/318
f 612/1168/319 629/1169/336 611/1166/317
f 613/1170/320 630/1171/337 612/1172/319
f 614/1173/322 631/1174/338 613/1170/320
f 615/1175/321 632/1176/339 614/1173/322
f 616/1177/323 633/1178/340 615/1175/321
f 617/1179/324 634/1180/341 616/1181/323
f 617/1179/324 636/1182/342 635/1183/343
f 618/1184/325 637/1185/344 636/1182/342
f 619/1186/327 638/1187/345 637/1185/344
f 620/1188/326 639/1189/346 638/1187/345
f 621/1190/328 640/1191/347 639/1192/346
f 605/1156/313 640/1191/347 622/1193/329
f 623/1194/330 642/1195/348 641/1196/349
f 624/1197/331 643/1198/350 642/1195/348
f 626/1199/333 643/1198/350 625/1200/332
f 626/1199/333 645/1201/351 644/1202/352
f 627/1203/334 646/1204/353 645/1201/351
f 629/1205/336 646/1204/353 628/1206/335
f 629/1205/336 648/1207/354 647/1208/355
f 630/1209/337 649/1210/356 648/1207/354
f 632/1211/339 649/1210/356 631/1212/338
f 632/1211/339 651/1213/357 650/1214/358
f 634/1215/341 651/1213/357 633/1216/340
f 635/1217/343 652/1218/359 634/1215/341
f 636/1219/342 653/1220/360 635/1217/343
f 636/1219/342 655/1221/361 654/1222/362
f 637/1223/344 656/1224/363 655/1221/361
f 639/1225/346 656/1224/363 638/1226/345
f 640/1227/347 657/1228/364 639/1225/346
f 623/1194/330 658/1229/365 640/1227/347
f 641/1230/349 660/1231/366 659/1232/367
f 642/1233/348 661/1234/368 660/1231/366
f 644/1235/352 661/1234/368 643/1236/350
f 645/1237/351 662/1238/369 644/1239/352
f 646/1240/353 663/1241/370 645/1237/351
f 646/1240/353 665/1242/371 664/1243/372
f 648/1244/354 665/1245/371 647/1246/355
f 649/1247/356 666/1248/373 648/1244/354
f 650/1249/358 667/1250/374 649/1247/356
f 651/1251/357 668/1252/375 650/1249/358
f 652/1253/359 669/1254/376 651/1251/357
f 653/1255/360 670/1256/377 652/1253/359
f 654/1257/362 671/1258/378 653/1259/360
f 655/1260/361 672/1261/379 654/1257/362
f 655/1260/361 674/1262/380 673/1263/381
f 657/1264/364 674/1265/380 656/1266/363
f 658/1267/365 675/1268/382 657/1264/364
f 658/1267/365 659/1232/367 676/1269/383
f 678/1270/384 680/1271/385 677/1272/386
f 681/1273/387 679/1274/388 678/1270/384
f 681/1273/387 684/1275/389 682/1276/390
f 685/1277/391 684/1275/389 683/1278/392
f 687/1279/393 686/1280/394 685/1277/391
f 687/1279/393 690/1281/395 688/1282/396
f 689/1283/397 692/1284/398 690/1281/395
f 691/1285/399 694/1286/400 692/1284/398
f 693/1287/401 696/1288/402 694/1286/400
f 695/1289/403 698/1290/404 696/1288/402
f 697/1291/405 700/1292/406 698/1290/404
f 701/1293/407 700/1292/406 699/1294/408
f 701/1293/407 704/1295/409 702/1296/410
f 703/1297/411 706/1298/412 704/1295/409
f 707/1299/413 706/1298/412 705/1300/414
f 707/1299/413 710/1301/415 708/1302/416
f 711/1303/417 710/1301/415 709/1304/418
f 677/1272/386 712/1305/419 711/1303/417
f 680/1306/385 713/1307/420 714/1308/421
f 679/1309/388 715/1310/422 713/1307/420
f 684/1311/389 715/1310/422 682/1312/390
f 684/1311/389 717/1313/423 716/1314/424
f 688/1315/396 717/1313/423 686/1316/394
f 690/1317/395 718/1318/425 688/1315/396
f 692/1319/398 719/1320/426 690/1317/395
f 694/1321/400 720/1322/427 692/1323/398
f 696/1324/402 721/1325/428 694/1321/400
f 696/1324/402 723/1326/429 722/1327/430
f 700/1328/406 723/1326/429 698/1329/404
f 702/1330/410 724/1331/431 700/1332/406
f 704/1333/409 725/1334/432 702/1330/410
f 706/1335/412 726/1336/433 704/1333/409
f 708/1337/416 727/1338/434 706/1335/412
f 710/1339/415 728/1340/435 708/1337/416
f 710/1339/415 730/1341/436 729/1342/437
f 680/1306/385 730/1341/436 712/1343/419
f 691/1285/399 687/1279/393 711/1303/417
f 713/1344/420 732/1345/438 714/1346/421
f 713/1344/420 733/1347/439 731/1348/440
f 715/1349/422 734/1350/441 733/1347/439
f 717/1351/423 734/1350/441 716/1352/424
f 717/1351/423 736/1353/442 735/1354/443
f 718/1355/425 737/1356/444 736/1353/442
f 720/1357/427 737/1356/444 719/1358/426
f 721/1359/428 738/1360/445 720/1357/427
f 722/1361/430 739/1362/446 721/1359/428
f 723/1363/429 740/1364/447 722/1361/430
f 724/1365/431 741/1366/448 723/1363/429
f 725/1367/432 742/1368/449 724/1365/431
f 726/1369/433 743/1370/450 725/1367/432
f 727/1371/434 744/1372/451 726/1369/433
f 728/1373/435 745/1374/452 727/1371/434
f 728/1373/435 747/1375/453 746/1376/454
f 729/1377/437 748/1378/455 747/1375/453
f 714/1346/421 748/1378/455 730/1379/436
f 731/1348/440 750/1380/456 732/1345/438
f 733/1347/439 749/1381/457 731/1348/440
f 733/1347/439 752/1382/458 751/1383/459
f 734/1350/441 753/1384/460 752/1382/458
f 735/1354/443 754/1385/461 753/1384/460
f 737/1356/444 754/1385/461 736/1353/442
f 738/1360/445 755/1386/462 737/1356/444
f 738/1360/445 757/1387/463 756/1388/464
f 739/1362/446 758/1389/465 757/1387/463
f 741/1366/448 758/1389/465 740/1364/447
f 742/1368/449 759/1390/466 741/1366/448
f 742/1368/449 761/1391/467 760/1392/468
f 743/1370/450 762/1393/469 761/1391/467
f 745/1374/452 762/1393/469 744/1372/451
f 745/1374/452 764/1394/470 763/1395/471
f 747/1375/453 764/1394/470 746/1376/454
f 747/1375/453 766/1396/472 765/1397/473
f 732/1345/438 766/1396/472 748/1378/455
f 749/1381/457 768/1398/474 750/1380/456
f 749/1381/457 769/1399/475 767/1400/476
f 751/1383/459 770/1401/477 769/1399/475
f 753/1384/460 770/1401/477 752/1382/458
f 754/1385/461 771/1402/478 753/1384/460
f 754/1385/461 773/1403/479 772/1404/480
f 756/1388/464 773/1403/479 755/1386/462
f 757/1387/463 774/1405/481 756/1388/464
f 758/1389/465 775/1406/482 757/1387/463
f 758/1389/465 777/1407/483 776/1408/484
f 759/1390/466 778/1409/485 777/1407/483
f 761/1391/467 778/1409/485 760/1392/468
f 761/1391/467 780/1410/486 779/1411/487
f 763/1395/471 780/1410/486 762/1393/469
f 763/1395/471 782/1412/488 781/1413/489
f 764/1394/470 783/1414/490 782/1412/488
f 765/1397/473 784/1415/491 783/1414/490
f 750/1380/456 784/1415/491 766/1396/472
f 767/1416/476 786/1417/492 768/1418/474
f 769/1419/475 785/1420/493 767/1416/476
f 770/1421/477 787/1422/494 769/1423/475
f 771/1424/478 788/1425/495 770/1421/477
f 772/1426/480 789/1427/496 771/1424/478
f 773/1428/479 790/1429/497 772/1426/480
f 774/1430/481 791/1431/498 773/1428/479
f 775/1432/482 792/1433/499 774/1434/481
f 776/1435/484 793/1436/500 775/1432/482
f 777/1437/483 794/1438/501 776/1435/484
f 778/1439/485 795/1440/502 777/1437/483
f 778/1441/485 797/1442/503 796/1443/504
f 780/1444/486 797/1442/503 779/1445/487
f 780/1444/486 799/1446/505 798/1447/506
f 781/1448/489 800/1449/507 799/1446/505
f 782/1450/488 801/1451/508 800/1449/507
f 784/1452/491 801/1453/508 783/1454/490
f 768/1418/474 802/1455/509 784/1452/491
f 786/1456/492 803/1457/510 804/1458/511
f 785/1459/493 805/1460/512 803/1457/510
f 787/1461/494 806/1462/513 805/1460/512
f 788/1463/495 807/1464/514 806/1462/513
f 789/1465/496 808/1466/515 807/1464/514
f 791/1467/498 808/1466/515 790/1468/497
f 791/1467/498 810/1469/516 809/1470/517
f 793/1471/500 810/1469/516 792/1472/499
f 794/1473/501 811/1474/518 793/1471/500
f 795/1475/502 812/1476/519 794/1473/501
f 796/1477/504 813/1478/520 795/1475/502
f 797/1479/503 814/1480/521 796/1477/504
f 798/1481/506 815/1482/522 797/1479/503
f 798/1481/506 817/1483/523 816/1484/524
f 799/1485/505 818/1486/525 817/1483/523
f 800/1487/507 819/1488/526 818/1486/525
f 801/1489/508 820/1490/527 819/1488/526
f 802/1491/509 804/1458/511 820/1490/527
f 803/1492/510 822/1493/528 804/1494/511
f 805/1495/512 821/1496/529 803/1492/510
f 806/1497/513 823/1498/530 805/1495/512
f 807/1499/514 824/1500/531 806/1501/513
f 807/1499/514 826/1502/532 825/1503/533
f 808/1504/515 827/1505/534 826/1502/532
f 810/1506/516 827/1507/534 809/1508/517
f 810/1506/516 829/1509/535 828/1510/536
f 811/1511/518 830/1512/537 829/1509/535
f 812/1513/519 831/1514/538 830/1512/537
f 813/1515/520 832/1516/539 831/1514/538
f 814/1517/521 833/1518/540 832/1516/539
f 815/1519/522 834/1520/541 833/1521/540
f 817/1522/523 834/1520/541 816/1523/524
f 817/1522/523 836/1524/542 835/1525/543
f 818/1526/525 837/1527/544 836/1528/542
f 819/1529/526 838/1530/545 837/1527/544
f 820/1531/527 822/1493/528 838/1530/545
s 0
f 17/4/2 7/1532/2 8/5/2
f 16/7/3 1/32/3 20/8/3
f 23/34/546 22/11/546 5/10/546
f 22/11/4 21/16/4 4/12/4
f 12/15/547 13/18/547 25/13/547
f 13/18/547 26/20/547 25/13/547
f 21/16/7 27/21/7 3/17/7
f 13/18/8 14/23/8 28/19/8
f 27/21/9 29/31/9 2/22/9
f 14/23/10 15/33/10 30/24/10
f 7/25/11 17/1533/11 31/26/11
f 32/28/12 10/1534/12 11/29/12
f 29/31/13 20/8/13 1/32/13
f 15/33/14 16/7/14 19/9/14
f 6/27/15 31/26/15 23/34/15
f 33/30/16 11/29/16 12/15/16
f 34/36/17 35/45/17 19/44/17
f 38/56/3 37/1535/3 35/57/3
f 32/59/18 36/80/18 9/60/18
f 8/2/1 1/1/1 16/65/1
f 8/5/2 40/86/2 44/78/2
f 72/79/17 73/136/17 36/55/17
f 36/80/18 73/141/18 76/81/18
f 8/2/1 9/67/1 76/82/1
f 40/86/2 43/1536/2 42/87/2
f 47/88/19 39/112/19 46/89/19
f 48/93/548 52/99/548 50/91/548
f 52/99/549 51/98/549 50/91/549
f 53/1537/550 57/95/21 54/94/550
f 57/95/21 56/101/21 55/96/21
f 59/97/22 58/103/22 51/98/22
f 61/100/23 60/105/23 55/96/23
f 59/97/24 41/113/24 62/102/24
f 64/104/25 63/114/25 60/105/25
f 43/106/26 66/115/26 65/107/26
f 70/109/27 69/116/27 68/110/27
f 39/112/28 47/88/28 62/102/28
f 45/90/29 46/89/29 63/114/29
f 66/115/30 48/93/30 49/92/30
f 70/109/31 53/1537/31 54/94/31
f 45/126/17 72/128/17 71/119/17
f 71/137/19 72/1538/19 75/138/19
f 67/140/18 68/1539/18 76/81/18
f 40/83/1 76/82/1 46/145/1
f 18/62/17 44/142/17 71/144/17
f 71/157/2 74/1540/2 38/158/2
f 74/160/17 75/1541/17 37/161/17
f 75/163/18 72/1542/18 35/164/18
f 79/166/17 80/1543/17 78/167/17
f 82/169/1 84/1544/1 83/170/1
f 80/172/3 84/1545/3 82/173/3
f 77/175/19 81/1546/19 83/176/19
f 86/178/17 87/1547/17 88/179/17
f 90/181/1 91/1548/1 92/182/1
f 87/184/3 91/1549/3 90/185/3
f 85/187/19 89/1550/19 92/188/19
f 94/190/17 95/1551/17 96/191/17
f 97/193/1 98/1552/1 99/194/1
f 95/196/18 99/1553/18 98/197/18
f 94/199/2 93/1554/2 97/200/2
f 130/204/17 104/1555/17 103/202/17
f 104/1555/17 128/1556/17 103/202/17
f 128/1556/17 102/1557/17 101/1558/17
f 101/1558/17 127/1559/17 128/1556/17
f 127/1559/17 103/202/17 128/1556/17
f 120/205/2 111/223/2 109/206/2
f 119/208/3 109/231/3 112/209/3
f 121/211/18 112/239/18 113/212/18
f 122/214/19 113/247/19 111/215/19
f 105/217/32 124/264/32 123/218/32
f 148/220/33 131/261/33 142/221/33
f 139/224/34 118/250/34 134/1560/34
f 134/1560/551 133/1561/551 139/224/551
f 133/1561/34 109/206/34 139/224/34
f 106/225/35 123/265/35 125/226/35
f 146/228/36 141/262/36 144/229/36
f 133/1562/552 115/253/552 109/231/553
f 115/253/37 136/232/37 109/231/37
f 136/232/553 135/1563/553 112/209/553
f 108/233/38 125/1564/38 151/234/38
f 150/236/39 143/263/39 132/237/39
f 135/240/554 116/256/554 138/1565/554
f 138/1565/76 137/1566/76 135/240/76
f 137/1566/40 113/212/40 135/240/40
f 107/241/41 151/266/41 124/242/41
f 147/244/42 126/1567/42 114/245/42
f 137/1568/555 117/259/555 113/247/555
f 117/259/43 140/248/43 113/247/43
f 140/248/556 139/1569/557 111/215/556
f 102/249/44 134/1560/44 118/250/44
f 104/252/45 136/232/45 115/253/45
f 129/255/46 138/1565/46 116/256/46
f 127/258/47 140/248/47 117/259/47
f 131/261/48 120/205/48 119/207/48
f 141/262/49 119/208/49 121/210/49
f 143/263/50 121/211/50 122/213/50
f 114/245/51 122/214/51 120/216/51
f 124/264/52 148/220/52 145/222/52
f 123/265/53 146/228/53 149/230/53
f 151/234/54 125/1564/54 150/236/54
f 151/266/55 126/1567/55 147/244/55
f 102/303/68 128/1570/68 115/273/68
f 130/304/558 116/276/558 136/278/558
f 129/306/559 103/1571/559 117/279/559
f 142/287/71 141/286/71 146/293/71
f 147/295/72 110/267/72 131/269/72
f 143/289/73 150/299/73 149/298/73
f 132/271/74 114/270/74 126/300/74
f 140/284/75 127/1572/75 101/307/75
f 182/310/17 156/1573/17 155/308/17
f 156/1573/17 180/1574/17 155/308/17
f 180/1574/17 154/1575/17 153/1576/17
f 153/1576/17 179/1577/17 180/1574/17
f 179/1577/17 155/308/17 180/1574/17
f 172/311/2 163/329/2 161/312/2
f 171/314/3 161/337/3 164/315/3
f 173/317/18 164/345/18 165/318/18
f 174/320/19 165/353/19 163/321/19
f 157/323/32 176/370/32 175/324/32
f 200/326/33 183/367/33 194/327/33
f 191/330/551 170/356/551 186/1578/551
f 186/1578/551 185/1579/551 191/330/551
f 185/1579/34 161/312/34 191/330/34
f 158/331/35 175/371/35 177/332/35
f 198/334/36 193/1580/36 196/335/36
f 185/1581/552 167/359/552 161/337/553
f 167/359/37 188/338/37 161/337/37
f 188/338/560 187/1582/560 164/315/560
f 160/339/38 177/1583/38 203/340/38
f 202/342/39 195/368/39 184/343/39
f 187/346/561 168/362/561 190/1584/561
f 190/1584/561 189/1585/561 187/346/561
f 189/1585/76 165/318/76 187/346/76
f 157/347/41 159/1586/41 203/348/41
f 178/350/42 166/369/42 162/351/42
f 189/1587/562 169/365/562 165/353/563
f 169/365/43 192/354/43 165/353/43
f 192/354/557 191/1588/564 163/321/557
f 154/355/44 186/1578/44 170/356/44
f 156/358/45 188/338/45 167/359/45
f 181/361/46 190/1584/46 168/362/46
f 179/364/47 192/354/47 169/365/47
f 183/367/48 172/311/48 171/313/48
f 196/335/49 193/1580/49 171/314/49
f 195/368/50 173/317/50 174/319/50
f 166/369/51 174/320/51 172/322/51
f 176/370/52 200/326/52 197/328/52
f 175/371/53 198/334/53 201/336/53
f 203/340/54 177/1583/54 202/342/54
f 176/349/55 203/348/55 178/350/55
f 154/408/68 180/1589/68 167/378/68
f 182/409/558 168/381/558 188/383/558
f 181/411/565 155/1590/565 169/384/565
f 194/392/71 193/391/71 198/398/71
f 199/400/72 162/372/72 183/374/72
f 195/394/73 202/404/73 201/403/73
f 184/376/74 166/375/74 178/405/74
f 192/389/75 179/1591/75 153/412/75
f 234/415/17 208/1592/17 207/413/17
f 208/1592/17 232/1593/17 207/413/17
f 232/1593/17 206/1594/17 205/1595/17
f 205/1595/17 231/1596/17 232/1593/17
f 231/1596/17 207/413/17 232/1593/17
f 223/416/2 224/1597/2 215/417/2
f 223/419/3 213/441/3 216/420/3
f 225/422/18 216/449/18 217/423/18
f 226/425/19 217/457/19 215/426/19
f 209/428/32 228/473/32 227/429/32
f 252/431/33 235/470/33 246/432/33
f 243/434/34 222/460/34 238/1598/34
f 238/1598/566 237/1599/566 243/434/566
f 237/1599/34 213/418/34 243/434/34
f 210/435/35 227/474/35 229/436/35
f 253/438/36 250/1600/36 245/439/36
f 237/1601/567 219/463/567 213/441/567
f 219/463/37 240/442/37 213/441/37
f 240/442/568 239/1602/568 216/420/568
f 212/443/38 229/475/38 255/444/38
f 254/446/39 247/471/39 236/447/39
f 239/450/76 220/465/76 242/1603/76
f 242/1603/40 241/1604/40 239/450/40
f 241/1604/76 217/423/76 239/450/76
f 211/451/41 255/1605/41 228/452/41
f 230/454/42 218/472/42 214/455/42
f 241/1606/569 221/468/569 217/457/569
f 221/468/43 244/458/43 217/457/43
f 244/458/570 243/1607/570 215/426/570
f 206/459/44 238/1598/44 222/460/44
f 232/462/45 208/1608/45 240/442/45
f 233/464/46 242/1603/46 220/465/46
f 231/467/47 244/458/47 221/468/47
f 235/470/48 224/1597/48 223/416/48
f 245/439/49 223/419/49 225/421/49
f 247/471/50 225/422/50 226/424/50
f 218/472/51 226/425/51 224/427/51
f 228/473/52 252/431/52 249/433/52
f 227/474/53 250/1600/53 253/438/53
f 229/475/54 254/446/54 256/448/54
f 228/452/55 255/1605/55 230/454/55
f 206/512/68 232/1609/68 219/482/68
f 234/513/558 220/485/558 240/487/558
f 233/515/565 207/1610/565 221/488/565
f 246/496/71 245/495/71 250/502/71
f 251/504/72 214/476/72 235/478/72
f 247/498/73 254/508/73 253/507/73
f 236/480/74 218/479/74 230/509/74
f 244/493/75 231/1611/75 205/516/75
f 286/519/17 260/1612/17 259/517/17
f 260/1612/17 284/1613/17 259/517/17
f 284/1613/17 258/1614/17 257/1615/17
f 257/1615/17 283/1616/17 284/1613/17
f 283/1616/17 259/517/17 284/1613/17
f 275/520/2 276/1617/2 267/521/2
f 275/523/3 265/545/3 268/524/3
f 277/526/18 268/553/18 269/527/18
f 278/529/19 269/561/19 267/530/19
f 261/532/32 280/578/32 279/533/32
f 304/535/33 287/575/33 298/536/33
f 295/538/551 274/564/551 290/1618/551
f 290/1618/34 289/1619/34 295/538/34
f 289/1619/34 265/522/34 295/538/34
f 264/539/35 262/1620/35 279/540/35
f 302/542/36 297/1621/36 300/543/36
f 289/1622/552 271/567/552 265/545/552
f 271/567/37 292/546/37 265/545/37
f 292/546/571 291/1623/571 268/524/571
f 264/547/38 281/579/38 307/548/38
f 306/550/39 299/576/39 288/551/39
f 291/554/76 272/570/76 294/1624/76
f 294/1624/40 293/1625/40 291/554/40
f 293/1625/40 269/527/40 291/554/40
f 263/555/41 307/580/41 280/556/41
f 282/558/42 270/577/42 266/559/42
f 293/1626/569 273/573/569 269/561/569
f 273/573/43 296/562/43 269/561/43
f 296/562/570 295/1627/570 267/530/570
f 258/563/44 290/1618/44 274/564/44
f 260/566/45 292/546/45 271/567/45
f 285/569/46 294/1624/46 272/570/46
f 283/572/47 296/562/47 273/573/47
f 287/575/48 276/1617/48 275/520/48
f 300/543/49 297/1621/49 275/523/49
f 299/576/50 277/526/50 278/528/50
f 270/577/51 278/529/51 276/531/51
f 280/578/52 304/535/52 301/537/52
f 281/541/53 279/540/53 302/542/53
f 281/579/54 306/550/54 308/552/54
f 307/580/55 282/558/55 303/560/55
f 258/617/68 284/1628/68 271/587/68
f 286/618/572 272/590/572 292/592/572
f 285/620/573 259/1629/573 273/593/573
f 298/601/71 297/600/71 302/607/71
f 303/609/72 266/581/72 287/583/72
f 299/603/73 306/613/73 305/612/73
f 288/585/74 270/584/74 282/614/74
f 296/598/75 283/1630/75 257/621/75
s 1
f 310/622/89 312/625/91 311/623/90
f 312/625/91 310/622/89 313/626/92
f 309/624/90 311/623/90 344/628/94
f 316/630/95 318/1631/574 317/631/96
f 317/631/96 318/1631/574 320/633/97
f 320/633/97 334/647/111 333/635/99
f 322/636/100 332/646/110 331/637/101
f 324/639/103 326/642/106 325/640/104
f 326/642/106 328/644/108 327/643/107
f 328/644/108 330/1632/109 329/645/109
f 332/646/110 324/639/103 323/641/105
f 334/647/111 322/636/100 321/638/102
f 314/627/93 313/626/92 335/648/112
f 335/648/112 337/651/115 338/650/114
f 337/651/115 341/1633/575 342/652/116
f 337/685/2 335/683/2 339/655/2
f 338/687/18 342/1634/18 340/658/18
f 316/630/95 315/632/95 343/629/94
f 346/688/117 405/808/118 406/689/118
f 348/691/120 347/807/172 349/692/121
f 350/693/122 349/692/121 351/694/123
f 352/695/124 351/694/123 353/696/125
f 354/697/126 353/696/125 355/698/127
f 357/700/129 358/715/129 359/701/130
f 360/702/131 359/701/130 361/703/132
f 363/705/134 364/714/134 365/706/134
f 366/707/135 365/706/135 367/708/136
f 369/710/138 370/713/141 371/711/139
f 370/713/141 369/710/138 368/709/137
f 364/714/142 363/705/576 362/704/133
f 358/715/143 357/700/577 356/699/128
f 375/747/144 376/1635/145 346/748/117
f 376/750/145 375/1636/144 377/751/146
f 378/752/147 377/751/146 379/753/148
f 380/754/149 379/753/148 381/755/150
f 382/756/151 381/755/150 383/757/152
f 384/758/153 383/757/152 401/759/154
f 386/761/156 385/776/171 387/762/157
f 388/763/159 387/762/578 399/764/160
f 390/766/162 389/775/170 391/767/163
f 392/768/164 391/767/579 397/769/165
f 394/771/167 393/774/169 395/772/168
f 393/774/169 394/771/167 398/770/166
f 389/775/170 390/766/162 400/765/161
f 385/776/171 386/761/156 402/760/155
f 347/807/172 348/691/120 406/689/118
f 403/782/3 374/718/3 346/809/3
f 404/779/19 375/805/19 345/745/19
f 408/810/91 409/813/173 410/811/90
f 409/813/173 408/810/91 411/814/174
f 407/812/90 410/811/90 413/816/94
f 416/818/95 417/1637/574 418/819/96
f 418/819/96 417/1637/574 419/821/97
f 419/821/97 421/835/111 422/823/99
f 424/824/100 425/834/110 426/825/101
f 428/827/103 429/830/106 430/828/176
f 429/830/106 431/832/179 432/831/178
f 431/832/179 433/1638/109 434/833/109
f 425/834/110 428/827/103 427/829/177
f 421/835/111 424/824/100 423/826/102
f 412/815/93 411/814/174 435/836/112
f 435/836/112 437/839/181 438/838/114
f 437/839/181 439/1639/575 440/840/116
f 437/873/2 435/871/2 441/843/2
f 438/875/18 440/1640/18 442/846/18
f 416/818/95 415/820/175 414/817/94
f 444/876/182 445/879/184 446/877/183
f 445/879/184 444/876/182 447/880/185
f 443/878/183 446/877/183 449/882/187
f 452/884/188 453/1641/580 454/885/189
f 454/885/189 453/1641/580 455/887/191
f 455/887/191 457/901/205 458/889/193
f 460/890/194 461/900/204 462/891/195
f 464/893/197 465/896/200 466/894/198
f 465/896/200 467/898/202 468/897/201
f 467/898/202 469/1642/203 470/899/203
f 461/900/204 464/893/197 463/895/199
f 457/901/205 460/890/194 459/892/196
f 448/881/186 447/880/185 471/902/206
f 471/902/206 473/905/208 474/904/207
f 473/905/208 475/1643/209 476/906/209
f 473/939/18 471/937/18 477/909/18
f 474/941/2 476/1644/2 478/912/2
f 452/884/188 451/886/190 450/883/187
f 480/942/182 481/945/182 482/943/183
f 481/945/182 480/942/182 483/946/210
f 479/944/183 482/943/183 485/948/187
f 488/950/188 489/1645/580 490/951/189
f 490/951/189 489/1645/580 491/953/191
f 491/953/191 493/967/205 494/955/193
f 496/956/194 497/966/216 498/957/211
f 500/959/212 501/962/214 502/960/198
f 501/962/214 503/964/202 504/963/215
f 503/964/202 505/1646/203 506/965/203
f 497/966/216 500/959/212 499/961/213
f 493/967/205 496/956/194 495/958/196
f 484/947/186 483/946/210 507/968/217
f 507/968/217 509/971/220 510/970/219
f 509/971/220 511/1647/581 512/972/221
f 509/1005/18 507/1003/18 513/975/18
f 510/1007/2 512/1648/2 514/978/2
f 488/950/188 487/952/190 486/949/187
f 516/1008/222 534/1012/226 533/1009/223
f 517/1011/225 535/1014/228 534/1012/226
f 518/1013/227 536/1016/230 535/1014/228
f 519/1015/229 537/1018/232 536/1016/230
f 520/1017/231 538/1020/234 537/1018/232
f 521/1019/233 539/1022/236 538/1020/234
f 521/1019/233 522/1023/237 540/1021/235
f 522/1023/237 523/1025/239 541/1024/238
f 523/1025/239 524/1027/241 542/1026/240
f 524/1027/241 525/1029/243 543/1028/242
f 525/1029/243 526/1032/246 544/1030/244
f 527/1031/245 545/1034/248 544/1030/244
f 527/1031/245 528/1035/249 546/1033/247
f 528/1035/249 529/1037/251 547/1036/250
f 529/1037/251 530/1039/253 548/1038/252
f 530/1039/253 531/1042/256 549/1040/254
f 532/1041/255 550/1043/257 549/1040/254
f 515/1010/224 533/1009/223 550/1043/257
f 533/1044/223 534/1047/226 552/1045/258
f 534/1047/226 535/1050/228 553/1048/260
f 536/1049/230 554/1052/261 553/1048/260
f 537/1051/232 555/1054/262 554/1052/261
f 538/1053/234 556/1056/263 555/1054/262
f 539/1055/236 557/1058/265 556/1056/263
f 539/1055/236 540/1649/235 558/1057/264
f 541/1059/238 559/1063/266 558/1060/264
f 542/1062/240 560/1065/267 559/1063/266
f 543/1064/242 561/1067/268 560/1065/267
f 544/1066/244 562/1650/270 561/1067/268
f 544/1068/244 545/1072/248 563/1069/269
f 546/1071/247 564/1074/271 563/1069/269
f 547/1073/250 565/1076/272 564/1074/271
f 548/1075/252 566/1078/273 565/1076/272
f 549/1077/254 567/1080/275 566/1078/273
f 549/1077/254 550/1081/257 568/1079/274
f 533/1044/223 551/1046/259 568/1079/274
f 518/1013/227 517/1011/225 532/1041/255
f 517/1011/225 516/1008/222 532/1041/255
f 516/1008/222 515/1010/224 532/1041/255
f 532/1041/255 531/1042/256 528/1035/249
f 531/1042/256 530/1039/253 528/1035/249
f 530/1039/253 529/1037/251 528/1035/249
f 528/1035/249 527/1031/245 526/1032/246
f 526/1032/246 525/1029/243 524/1027/241
f 524/1027/241 523/1025/239 522/1023/237
f 522/1023/237 521/1019/233 520/1017/231
f 520/1017/231 519/1015/229 532/1041/255
f 519/1015/229 518/1013/227 532/1041/255
f 528/1035/249 526/1032/246 532/1041/255
f 526/1032/246 524/1027/241 532/1041/255
f 524/1027/241 522/1023/237 532/1041/255
f 552/1082/258 570/1086/278 569/1083/276
f 552/1082/258 553/1087/260 571/1085/277
f 553/1087/260 554/1090/261 572/1088/279
f 555/1089/262 573/1092/280 572/1088/279
f 556/1091/263 574/1094/282 573/1092/280
f 556/1091/263 557/1096/265 575/1093/281
f 558/1095/264 576/1098/283 575/1093/281
f 559/1097/266 577/1100/284 576/1098/283
f 560/1099/267 578/1102/285 577/1100/284
f 561/1101/268 579/1104/287 578/1102/285
f 561/1101/268 562/1106/270 580/1103/286
f 563/1105/269 581/1108/288 580/1103/286
f 564/1107/271 582/1110/289 581/1108/288
f 565/1109/272 583/1112/290 582/1110/289
f 566/1111/273 584/1114/292 583/1112/290
f 566/1111/273 567/1116/275 585/1113/291
f 568/1115/274 586/1117/293 585/1113/291
f 551/1084/259 569/1083/276 586/1117/293
f 570/1086/278 588/1119/295 587/1118/294
f 571/1085/277 589/1120/296 588/1119/295
f 572/1088/279 590/1121/297 589/1120/296
f 573/1092/280 591/1122/298 590/1121/297
f 574/1094/282 592/1123/299 591/1122/298
f 575/1093/281 593/1125/301 592/1123/299
f 575/1093/281 576/1098/283 594/1124/300
f 576/1098/283 577/1100/284 595/1126/302
f 577/1100/284 578/1102/285 596/1127/303
f 579/1104/287 597/1128/304 596/1127/303
f 580/1103/286 598/1130/306 597/1128/304
f 580/1103/286 581/1108/288 599/1129/305
f 581/1108/288 582/1110/289 600/1131/307
f 583/1112/290 601/1133/309 600/1131/307
f 583/1112/290 584/1114/292 602/1132/308
f 585/1113/291 603/1135/311 602/1132/308
f 585/1113/291 586/1117/293 604/1134/310
f 586/1117/293 569/1083/276 587/1118/294
f 587/1118/294 588/1119/295 606/1136/312
f 588/1119/295 589/1120/296 607/1138/314
f 590/1121/297 608/1139/315 607/1138/314
f 591/1122/298 609/1140/316 608/1139/315
f 592/1123/299 610/1142/318 609/1140/316
f 592/1123/299 593/1125/301 611/1141/317
f 594/1124/300 612/1143/319 611/1141/317
f 595/1126/302 613/1144/320 612/1143/319
f 596/1127/303 614/1146/322 613/1144/320
f 596/1127/303 597/1128/304 615/1145/321
f 597/1128/304 598/1130/306 616/1147/323
f 598/1130/306 599/1129/305 617/1148/324
f 599/1129/305 600/1131/307 618/1149/325
f 601/1133/309 619/1151/327 618/1149/325
f 601/1133/309 602/1132/308 620/1150/326
f 603/1135/311 621/1152/328 620/1150/326
f 604/1134/310 622/1153/329 621/1152/328
f 587/1118/294 605/1137/313 622/1153/329
f 606/1154/312 624/1158/331 623/1155/330
f 607/1157/314 625/1651/332 624/1158/331
f 608/1159/315 626/1163/333 625/1160/332
f 609/1162/316 627/1165/334 626/1163/333
f 610/1164/318 628/1167/335 627/1165/334
f 611/1166/317 629/1169/336 628/1167/335
f 612/1168/319 630/1652/337 629/1169/336
f 613/1170/320 631/1174/338 630/1171/337
f 614/1173/322 632/1176/339 631/1174/338
f 615/1175/321 633/1178/340 632/1176/339
f 616/1177/323 634/1653/341 633/1178/340
f 617/1179/324 635/1183/343 634/1180/341
f 617/1179/324 618/1184/325 636/1182/342
f 618/1184/325 619/1186/327 637/1185/344
f 619/1186/327 620/1188/326 638/1187/345
f 620/1188/326 621/1654/328 639/1189/346
f 621/1190/328 622/1193/329 640/1191/347
f 605/1156/313 623/1155/330 640/1191/347
f 623/1194/330 624/1197/331 642/1195/348
f 624/1197/331 625/1200/332 643/1198/350
f 626/1199/333 644/1202/352 643/1198/350
f 626/1199/333 627/1203/334 645/1201/351
f 627/1203/334 628/1206/335 646/1204/353
f 629/1205/336 647/1208/355 646/1204/353
f 629/1205/336 630/1209/337 648/1207/354
f 630/1209/337 631/1212/338 649/1210/356
f 632/1211/339 650/1214/358 649/1210/356
f 632/1211/339 633/1216/340 651/1213/357
f 634/1215/341 652/1218/359 651/1213/357
f 635/1217/343 653/1220/360 652/1218/359
f 636/1219/342 654/1222/362 653/1220/360
f 636/1219/342 637/1223/344 655/1221/361
f 637/1223/344 638/1226/345 656/1224/363
f 639/1225/346 657/1228/364 656/1224/363
f 640/1227/347 658/1229/365 657/1228/364
f 623/1194/330 641/1196/349 658/1229/365
f 641/1230/349 642/1233/348 660/1231/366
f 642/1233/348 643/1236/350 661/1234/368
f 644/1235/352 662/1655/369 661/1234/368
f 645/1237/351 663/1241/370 662/1238/369
f 646/1240/353 664/1243/372 663/1241/370
f 646/1240/353 647/1656/355 665/1242/371
f 648/1244/354 666/1248/373 665/1245/371
f 649/1247/356 667/1250/374 666/1248/373
f 650/1249/358 668/1252/375 667/1250/374
f 651/1251/357 669/1254/376 668/1252/375
f 652/1253/359 670/1256/377 669/1254/376
f 653/1255/360 671/1657/378 670/1256/377
f 654/1257/362 672/1261/379 671/1258/378
f 655/1260/361 673/1263/381 672/1261/379
f 655/1260/361 656/1658/363 674/1262/380
f 657/1264/364 675/1268/382 674/1265/380
f 658/1267/365 676/1269/383 675/1268/382
f 658/1267/365 641/1230/349 659/1232/367
f 678/1270/384 679/1274/388 680/1271/385
f 681/1273/387 682/1276/390 679/1274/388
f 681/1273/387 683/1278/392 684/1275/389
f 685/1277/391 686/1280/394 684/1275/389
f 687/1279/393 688/1282/396 686/1280/394
f 687/1279/393 689/1283/397 690/1281/395
f 689/1283/397 691/1285/399 692/1284/398
f 691/1285/399 693/1287/401 694/1286/400
f 693/1287/401 695/1289/403 696/1288/402
f 695/1289/403 697/1291/405 698/1290/404
f 697/1291/405 699/1294/408 700/1292/406
f 701/1293/407 702/1296/410 700/1292/406
f 701/1293/407 703/1297/411 704/1295/409
f 703/1297/411 705/1300/414 706/1298/412
f 707/1299/413 708/1302/416 706/1298/412
f 707/1299/413 709/1304/418 710/1301/415
f 711/1303/417 712/1305/419 710/1301/415
f 677/1272/386 680/1271/385 712/1305/419
f 680/1306/385 679/1309/388 713/1307/420
f 679/1309/388 682/1312/390 715/1310/422
f 684/1311/389 716/1314/424 715/1310/422
f 684/1311/389 686/1316/394 717/1313/423
f 688/1315/396 718/1318/425 717/1313/423
f 690/1317/395 719/1320/426 718/1318/425
f 692/1319/398 720/1659/427 719/1320/426
f 694/1321/400 721/1325/428 720/1322/427
f 696/1324/402 722/1327/430 721/1325/428
f 696/1324/402 698/1329/404 723/1326/429
f 700/1328/406 724/1660/431 723/1326/429
f 702/1330/410 725/1334/432 724/1331/431
f 704/1333/409 726/1336/433 725/1334/432
f 706/1335/412 727/1338/434 726/1336/433
f 708/1337/416 728/1340/435 727/1338/434
f 710/1339/415 729/1342/437 728/1340/435
f 710/1339/415 712/1343/419 730/1341/436
f 680/1306/385 714/1308/421 730/1341/436
f 683/1278/392 681/1273/387 678/1270/384
f 678/1270/384 677/1272/386 711/1303/417
f 711/1303/417 709/1304/418 707/1299/413
f 707/1299/413 705/1300/414 711/1303/417
f 705/1300/414 703/1297/411 711/1303/417
f 703/1297/411 701/1293/407 699/1294/408
f 699/1294/408 697/1291/405 695/1289/403
f 695/1289/403 693/1287/401 691/1285/399
f 691/1285/399 689/1283/397 687/1279/393
f 687/1279/393 685/1277/391 683/1278/392
f 683/1278/392 678/1270/384 687/1279/393
f 678/1270/384 711/1303/417 687/1279/393
f 703/1297/411 699/1294/408 711/1303/417
f 699/1294/408 695/1289/403 711/1303/417
f 695/1289/403 691/1285/399 711/1303/417
f 713/1344/420 731/1348/440 732/1345/438
f 713/1344/420 715/1349/422 733/1347/439
f 715/1349/422 716/1352/424 734/1350/441
f 717/1351/423 735/1354/443 734/1350/441
f 717/1351/423 718/1355/425 736/1353/442
f 718/1355/425 719/1358/426 737/1356/444
f 720/1357/427 738/1360/445 737/1356/444
f 721/1359/428 739/1362/446 738/1360/445
f 722/1361/430 740/1364/447 739/1362/446
f 723/1363/429 741/1366/448 740/1364/447
f 724/1365/431 742/1368/449 741/1366/448
f 725/1367/432 743/1370/450 742/1368/449
f 726/1369/433 744/1372/451 743/1370/450
f 727/1371/434 745/1374/452 744/1372/451
f 728/1373/435 746/1376/454 745/1374/452
f 728/1373/435 729/1377/437 747/1375/453
f 729/1377/437 730/1379/436 748/1378/455
f 714/1346/421 732/1345/438 748/1378/455
f 731/1348/440 749/1381/457 750/1380/456
f 733/1347/439 751/1383/459 749/1381/457
f 733/1347/439 734/1350/441 752/1382/458
f 734/1350/441 735/1354/443 753/1384/460
f 735/1354/443 736/1353/442 754/1385/461
f 737/1356/444 755/1386/462 754/1385/461
f 738/1360/445 756/1388/464 755/1386/462
f 738/1360/445 739/1362/446 757/1387/463
f 739/1362/446 740/1364/447 758/1389/465
f 741/1366/448 759/1390/466 758/1389/465
f 742/1368/449 760/1392/468 759/1390/466
f 742/1368/449 743/1370/450 761/1391/467
f 743/1370/450 744/1372/451 762/1393/469
f 745/1374/452 763/1395/471 762/1393/469
f 745/1374/452 746/1376/454 764/1394/470
f 747/1375/453 765/1397/473 764/1394/470
f 747/1375/453 748/1378/455 766/1396/472
f 732/1345/438 750/1380/456 766/1396/472
f 749/1381/457 767/1400/476 768/1398/474
f 749/1381/457 751/1383/459 769/1399/475
f 751/1383/459 752/1382/458 770/1401/477
f 753/1384/460 771/1402/478 770/1401/477
f 754/1385/461 772/1404/480 771/1402/478
f 754/1385/461 755/1386/462 773/1403/479
f 756/1388/464 774/1405/481 773/1403/479
f 757/1387/463 775/1406/482 774/1405/481
f 758/1389/465 776/1408/484 775/1406/482
f 758/1389/465 759/1390/466 777/1407/483
f 759/1390/466 760/1392/468 778/1409/485
f 761/1391/467 779/1411/487 778/1409/485
f 761/1391/467 762/1393/469 780/1410/486
f 763/1395/471 781/1413/489 780/1410/486
f 763/1395/471 764/1394/470 782/1412/488
f 764/1394/470 765/1397/473 783/1414/490
f 765/1397/473 766/1396/472 784/1415/491
f 750/1380/456 768/1398/474 784/1415/491
f 767/1416/476 785/1420/493 786/1417/492
f 769/1419/475 787/1661/494 785/1420/493
f 770/1421/477 788/1425/495 787/1422/494
f 771/1424/478 789/1427/496 788/1425/495
f 772/1426/480 790/1429/497 789/1427/496
f 773/1428/479 791/1431/498 790/1429/497
f 774/1430/481 792/1662/499 791/1431/498
f 775/1432/482 793/1436/500 792/1433/499
f 776/1435/484 794/1438/501 793/1436/500
f 777/1437/483 795/1440/502 794/1438/501
f 778/1439/485 796/1663/504 795/1440/502
f 778/1441/485 779/1445/487 797/1442/503
f 780/1444/486 798/1447/506 797/1442/503
f 780/1444/486 781/1448/489 799/1446/505
f 781/1448/489 782/1450/488 800/1449/507
f 782/1450/488 783/1664/490 801/1451/508
f 784/1452/491 802/1455/509 801/1453/508
f 768/1418/474 786/1417/492 802/1455/509
f 786/1456/492 785/1459/493 803/1457/510
f 785/1459/493 787/1461/494 805/1460/512
f 787/1461/494 788/1463/495 806/1462/513
f 788/1463/495 789/1465/496 807/1464/514
f 789/1465/496 790/1468/497 808/1466/515
f 791/1467/498 809/1470/517 808/1466/515
f 791/1467/498 792/1472/499 810/1469/516
f 793/1471/500 811/1474/518 810/1469/516
f 794/1473/501 812/1476/519 811/1474/518
f 795/1475/502 813/1478/520 812/1476/519
f 796/1477/504 814/1480/521 813/1478/520
f 797/1479/503 815/1482/522 814/1480/521
f 798/1481/506 816/1484/524 815/1482/522
f 798/1481/506 799/1485/505 817/1483/523
f 799/1485/505 800/1487/507 818/1486/525
f 800/1487/507 801/1489/508 819/1488/526
f 801/1489/508 802/1491/509 820/1490/527
f 802/1491/509 786/1456/492 804/1458/511
f 803/1492/510 821/1496/529 822/1493/528
f 805/1495/512 823/1498/530 821/1496/529
f 806/1497/513 824/1665/531 823/1498/530
f 807/1499/514 825/1503/533 824/1500/531
f 807/1499/514 808/1504/515 826/1502/532
f 808/1504/515 809/1666/517 827/1505/534
f 810/1506/516 828/1510/536 827/1507/534
f 810/1506/516 811/1511/518 829/1509/535
f 811/1511/518 812/1513/519 830/1512/537
f 812/1513/519 813/1515/520 831/1514/538
f 813/1515/520 814/1517/521 832/1516/539
f 814/1517/521 815/1667/522 833/1518/540
f 815/1519/522 816/1523/524 834/1520/541
f 817/1522/523 835/1525/543 834/1520/541
f 817/1522/523 818/1668/525 836/1524/542
f 818/1526/525 819/1529/526 837/1527/544
f 819/1529/526 820/1531/527 838/1530/545
f 820/1531/527 804/1494/511 822/1493/528
